GUID,IfcClass,ElementName,Description,ObjectType,Tag,TypeName,BuildingStorey,HasGeometry
3K0ZfH$5P9$AY9tdZGvNY_,IfcBeam,staal halfspant_(#616505),,,DCED1AAC-D669-4C26-B724-FA92628934FF,,Storey-1,True
2_RPGurtHDWvGWEyfSnyy2,IfcBeam,HEA180_(#698107),,,E7C8FDBC-37F7-4ADD-8C9D-7BDE872CC079,,Storey-1,True
1qWfbRwbT55R6UZM54lizh,IfcBeam,stripstaal 80/8_(#738386),,,89498683-A6D9-4398-BD59-8090C97B0A66,,Storey-1,True
0AjFifcjjCxe8St8Gse3kP,IfcBeam,HEA180_(#696032),,,36A62D19-20D3-4A77-BBC1-E041D20418A7,,Storey-1,True
1dvWk_zfz56uvSpgmdhxb0,IfcBeam,stripstaal 80/8_(#737434),,,1EEED7EA-00C7-4CD0-A808-E10748E93B71,,Storey-1,True
2nIX6Ii5r5thLY4vdkyK64,IfcBeam,betonlatei_(#707716),,,DC26BBDE-D6DB-4239-9EEA-CFC30606EDF2,,Storey-1,True
3ygkl7Rbj3xxKyM$asM5nz,IfcBeam,HEA180_(#697479),,,EE24D06A-638A-4005-885E-08EC70F56291,,Storey-1,True
12ts$iQlDEjxmK1U7TdTyZ,IfcBeam,stripstaal 80/8_(#738890),,,047FD145-8CD8-4703-9FF6-4C18C2CC7B3B,,Storey-1,True
14bEcGLXv2evykeLhVH0kt,IfcBeam,stripstaal 80/8_(#737154),,,3ED975C9-4D2E-4402-88D9-9F6E3215718E,,Storey-1,True
1cCLRMnSDBSgsvWBhFtU_C,IfcBeam,HEA180_(#696350),,,45F3B68A-57FA-440D-9038-0674BFB85916,,Storey-1,True
3zx$z0u55CYQj_kWxCGVBc,IfcBeam,HEA180_(#696842),,,1A6E7C80-F9C1-422E-902B-41DBF5F5E3C5,,Storey-1,True
2feLeCaq51VhN$mUrgaKfE,IfcBeam,stripstaal 80/8_(#738554),,,0E7C1DCB-6F58-4B3C-B144-438B232545EC,,Storey-1,True
2evj3ASODFAhcPVnoOQn6K,IfcBeam,stripstaal 80/8_(#736986),,,6DED8499-810C-476E-9EFD-12E00FA0F393,,Storey-1,True
23Mq28EZ13deDunTR6nhTn,IfcBeam,staal halfspant_(#651385),,,2B9B35E0-0279-4684-81E2-E1FCFE0A6B0E,,Storey-1,True
3ubWWxg$90TflRwndSzFsS,IfcBeam,stripstaal 80/8_(#736842),,,2D11A35A-B512-4AFE-B103-A15350AE1F2F,,Storey-1,True
1qH_7MkY5B3ux_0cHoPcDE,IfcBeam,HEA180_(#697793),,,E87D5AFE-C56A-4504-B3B5-9469DDC188B9,,Storey-1,True
3QGwsd7lb5fxnjWZV2S3kN,IfcBeam,stripstaal 80/8_(#738078),,,1B877A32-B9C0-4711-8056-3FE8E8D9C6D3,,Storey-1,True
3CiIaTSIHDTPgiH36XEMgK,IfcBeam,stripstaal 80/8_(#737294),,,79642D93-FFEE-4985-B669-DE94FBDF4835,,Storey-1,True
3dzWhxcj50L85v5wKlRTco,IfcBeam,stripstaal 80/8_(#739030),,,41A8A14D-E2C2-42F2-B456-967C02C52E71,,Storey-1,True
21ColbAuv9Zw7JF05ieMXg,IfcBeam,staal halfspant_(#616331),,,637B7272-0477-40C1-8847-E0FE2CD3492D,,Storey-1,True
2dnsSb7Nv1x9CCD95$L0vT,IfcBeam,stripstaal 80/8_(#738722),,,DC85458D-5109-4F4C-8B2A-C9A6EF2A319B,,Storey-1,True
2aAnaagKP00AAAFHmSZ85z,IfcBeam,geveldrager_(#704393),,,71B8B75A-EDA1-4276-8D55-AC7358B5BAC6,,Storey-1,True
2BLEkhtQfDnuyajFgspGIm,IfcBeam,stripstaal 80/8_(#738218),,,58735A32-EFDB-43D4-9AA7-7A8C425B035A,,Storey-1,True
1LljT4IMz9DAXxo6Y2d2bV,IfcBeam,HEA180_(#698913),,,9EBAA027-66F5-403A-9004-896FD87CB937,,Storey-1,True
13QTm8v1f0xgK97x0ONTHQ,IfcBeam,hoeklijn bordes_(#599104),,,F40A6A6E-E2D3-4A12-B235-504E27BEBB74,,Storey-1,True
3IVPmAwpjD_BddoGZSdPVq,IfcBeam,HEA180_(#696528),,,4300A0B0-6250-4122-940C-5292BF9D8653,,Storey-1,True
1oJEZrj9v6IhrUAqdC7sW7,IfcBeam,stripstaal 80/8_(#737938),,,E0BFD27C-CABB-4876-B890-069408ECA1B5,,Storey-1,True
08R3lPOGvCcf7AYlmpMhCv,IfcBeam,staal halfspant_(#651555),,,2E1850DB-ABEF-48ED-A0D1-64FB3D298320,,Storey-1,True
3QNU7vkTX9ARFFfQl$Hb8O,IfcBeam,HEA180_(#698421),,,283EA6AF-E84B-456D-A12F-5171E0EC82CF,,Storey-1,True
0P5qmlJqXEv9D8QZVKJt_m,IfcBeam,geveldrager_(#704658),,,ABC0B437-BCF7-411C-A6A5-E79564035340,,Storey-1,True
2of4OlUUfEJxBlLeFaixGl,IfcBeam,hoeklijn bordes_(#599235),,,53DC7DA4-F053-4B75-943F-03FAA8AA62A9,,Storey-1,True
2LGRmo_jT1UO2tvroPYTPK,IfcBeam,HEA180_(#704129),,,5FBC5313-63BE-4336-9D85-6FCF9A337B02,,Storey-1,True
0SFB$1mSf7x8dSTg9A2V34,IfcBeam,stripstaal 80/8_(#737770),,,65FCBC89-015E-4691-8163-A63165530D4B,,Storey-1,True
3b177Jvur7NuvG3thvpdpB,IfcBeam,HEA180_(#698735),,,7C622A51-E1E6-4EB1-894F-4F561D1EEFB5,,Storey-1,True
2wAQ62bPP0MP48eIkqsCbc,IfcBeam,stripstaal 80/8_(#737602),,,467D5206-73C3-4C54-8A9F-7A272D83F1F6,,Storey-1,True
1FfPzdxjP0$x42$Q_Qa5Ch,IfcBeam,HEA180_(#697165),,,91C2C346-EB01-4908-A28F-F3D0A7D41669,,Storey-1,True
1YQ23DCc5DrAXQTAxqmFTN,IfcBeam,HEB220_(#989343),,,014E72BC-435B-421A-A0A9-E2DB44613806,,Storey-1,True
3a7rERGcH42uCPJ5KdfkXU,IfcBeam,HEB220_(#990931),,,B98E538E-C381-430B-AA2A-318BE5866CB9,,Storey-1,True
3jn9oagCH8ShuPhdDQTcb2,IfcBeam,HEA220_(#988627),,,91BDCC4E-D9A5-41B1-A16A-564E65259DE4,,Storey-1,True
1IkMAufiDA4vqrjcPl5Z57,IfcBeam,HEB220_(#991552),,,497D2079-AE45-4484-BA91-F26AF2756CB7,,Storey-1,True
0072BkD$fDP9svdiwlWliC,IfcBeam,HEA220_(#989657),,,DC1EA186-09B6-49EF-8C16-F7911216E083,,Storey-1,True
2YR$saAx9BXv5egdnvPRhc,IfcBeam,HEB220_(#989980),,,44F1AD5E-73AD-41F1-9BA2-0B74E29561CF,,Storey-1,True
1smYPHs_19kQG0RCmc8mGP,IfcBeam,HEA220_(#990294),,,AC9C54F5-E0D5-46A8-9643-B9AC61436D4B,,Storey-1,True
0v9VBDJOfAE82myFsD1Yrq,IfcBeam,HEB220_(#987701),,,703D5C74-A974-4BB8-A7FF-9A9308C13DE4,,Storey-1,True
3y_xPwrs58VfLn7mec6uSK,IfcBeam,HEA220_(#990608),,,33EA59BC-688E-46C1-BDD7-099CC6E22C88,,Storey-1,True
3x8FpcNtn5dhlulWMrejSh,IfcBeam,fund_strook_(#5860),,,7249C765-5305-49C2-98EB-C367CE948AD3,,Storey-1,True
1KASldv$r8FgJ_cnX$UWsD,IfcBeam,fund_poer_(#8265),,,DE8201FC-2787-4D1C-8DEB-8DA04A28DC78,,Storey-1,True
2nGF21ODz3XRuB8OGTFDs8,IfcBeam,fund_opstort_(#1149),,,FC544678-2E0A-4541-AC6A-41BCD8F5AB40,,Storey-1,True
29BOVlph15px1swoAw3ZkS,IfcBeam,fund_strook_(#12894),,,F5FD27C2-9E54-4A63-8343-853FD49C90B2,,Storey-1,True
3aoUNqsM1FGhb_SiPhOfAR,IfcBeam,fund_opstort_(#6465),,,ECA88BE2-94DD-48A8-A4F6-3B32B45B895F,,Storey-1,True
3QPQ0M3XLDPQT3whn6YFzl,IfcBeam,fund_strook_(#12181),,,030D491B-06E5-481A-81B4-A148219A9ECF,,Storey-1,True
2mDRqz_0n11QrR8$KLRplg,IfcBeam,fund_strook_(#639),,,64109441-AF2A-45EA-AFB6-1828B94ADFF8,,Storey-1,True
0ZOrCFqKrF_Ox7WOTGyQmt,IfcBeam,liftputwand_(#5377),,,63533AEC-B5BE-4591-A597-08B67BA47955,,Storey-1,True
3eW1ejUUD8Z83etxIha2Q6,IfcBeam,fund_strook_(#5041),,,DFC6FC87-1C73-46DA-8935-11FC512483BC,,Storey-1,True
1rmhw$lQ96KvGwXixf1ieA,IfcBeam,fund_strook_(#13021),,,9EDDCEC9-167E-434D-BE22-122E09334665,,Storey-1,True
0MQhyBS6f8CB_MlOiBxhFK,IfcBeam,fund_opstort_(#6299),,,2D0FCCEC-11EF-4F99-A1A4-D87F5C1F1DC8,,Storey-1,True
0wc9xUAq1D8gPTinpIsyhl,IfcBeam,fund_strook_(#6129),,,6CEE971A-D49C-471B-B983-FFEB67B7C616,,Storey-1,True
2vDGAiCMz1EgMACLLW94wj,IfcBeam,fund_strook_(#12513),,,F3E081DE-E590-43CC-93BE-FC8699597B96,,Storey-1,True
1Mf8LrlnDF0xbzfYfBIyj6,IfcBeam,fund_opstort_(#2967),,,814E89F2-F0DA-41B6-A1EC-ED85EB65114B,,Storey-1,True
3GQbn3RLT7AR7GWCGsipbZ,IfcBeam,liftputwand_(#5207),,,594A1514-425B-4AAF-9A34-F2ADC59FF6DF,,Storey-1,True
09pyb7tm5As9QgZNoN_nNK,IfcBeam,fund_opstort_(#4748),,,E8B3AA68-959F-4690-B4F0-557BEC59CF5A,,Storey-1,True
1rWCWMKXXDR9pJJ453yeU9,IfcBeam,fund_opstort_(#3426),,,E90D95ED-394C-4D03-98DD-4B2A64DE8AC2,,Storey-1,True
3hyBmIA9vBAAbnFe7JERse,IfcBeam,fund_strook_(#12347),,,941D36EF-B3D2-4F21-B0A0-5263E936B889,,Storey-1,True
1R8wvSBdj0nxw$u3qzf7DP,IfcBeam,fund_opstort_(#9767),,,4A6CCBA4-B347-4C9E-BA23-5E9725E55330,,Storey-1,True
1uEzbhHRDA98l7q7eTPW6W,IfcBeam,fund_strook_(#3776),,,CE363996-FEEC-4016-BC91-6BF8C27FC0E7,,Storey-1,True
3PWGV6t999FwJIpAuRAXEk,IfcBeam,fund_opstort_(#4112),,,9367F7EB-FD8D-4BC4-8827-9D5925D8406E,,Storey-1,True
36OAgfylj3i8B$_ULHcQpS,IfcBeam,fund_strook_(#11380),,,600D20DB-0BB0-4996-960B-83E80D136ED5,,Storey-1,True
2BvIWOGA18JuJGl8rylXFV,IfcBeam,liftputwand_(#5543),,,3D317621-1DA2-43FF-B86A-2EEC10AD0A3C,,Storey-1,True
16FVmRsQb85vEIXQ_DW6Lp,IfcBeam,liftputwand_(#478),,,F970A63C-4FA7-4EAD-A58E-49318D2746E2,,Storey-1,True
3e$rrJY7D1Rhx1v_XSSOhd,IfcBeam,fund_strook_(#10265),,,63A924BB-B7AB-4B2C-BEE0-502CA7D305F7,,Storey-1,True
3mVuN59AD7ZOorZUKionH9,IfcBeam,fund_strook_(#9103),,,C9CD81F1-98AC-4D17-A176-ABD42A9A99A9,,Storey-1,True
0oKN4Spcn5Bfa3Lqj0jpzQ,IfcBeam,fund_opstort_(#2299),,,A69960C0-1F6C-4886-82DD-EB63D43BECDB,,Storey-1,True
2KczfJ5o5FKxUSb6pascny,IfcBeam,fund_opstort_(#7105),,,A903F69F-2FC8-46E2-A2DD-3F259260EE50,,Storey-1,True
15fhpEUvT7HuRQ7K9Gnzeq,IfcBeam,fund_opstort_(#6939),,,F23513C8-1DC3-4640-BFEB-2F7696BFD1F7,,Storey-1,True
0NZhTGcY5A1wAScTLireiF,IfcBeam,fund_opstort_(#2133),,,2743F79C-87DA-40BA-9CB6-2A55FDEC0AE3,,Storey-1,True
0PeQJ7XO5FCez3vnkBjyBq,IfcBeam,fund_opstort_(#3094),,,720C4510-82A1-4AC5-B76C-4D8AFA69F9EE,,Storey-1,True
0vDPjO0AzA2RjW5bZfipZc,IfcBeam,fund_strook_(#5991),,,004A5632-487C-4F73-BA73-1C18FC54B670,,Storey-1,True
2zgzThNuf0e8VhKUE39TOO,IfcBeam,fund_opstort_(#7441),,,405BB86B-75D2-4955-A010-BDB54BD2F603,,Storey-1,True
0TS1pLnKD4PAKmrsFzF4KF,IfcBeam,fund_opstort_(#8605),,,940FB38F-58CC-4862-8FF4-41DA1B6B4550,,Storey-1,True
2TjPlUWNf9yOVI0lQMOSNy,IfcBeam,fund_strook_(#12767),,,CBEDF6B1-A041-4860-BA78-CBF2337C144D,,Storey-1,True
1olNo2H6j18AMsF6vNwyOJ,IfcBeam,fund_strook_(#7939),,,DA4EC50D-1732-43D2-A99E-ED1848FA31ED,,Storey-1,True
0OrpQP1yf3kPlM24ca1IEy,IfcBeam,fund_opstort_(#2635),,,9A54BEB8-8CDA-4EC3-839C-BAC77EF3CC26,,Storey-1,True
3chAZP2urEphTNqEJGiwF1,IfcBeam,fund_opstort_(#23464),,,9C5D123F-33D6-40DD-A117-9EFA780C7CDB,,Storey-1,True
0VHbn4bVf7iOqD4KIp1EkT,IfcBeam,fund_opstort_(#2801),,,24837996-FC1B-41FF-A5B6-1B4D03930880,,Storey-1,True
1lZhfwQ$j6Th34b5Sidges,IfcBeam,fund_opstort_(#6603),,,2D5F8E3F-B3ED-4D0A-87B2-6FBCD277DAC5,,Storey-1,True
397U34bofE49REjBsbvQCB,IfcBeam,fund_strook_(#10711),,,4A2B3D74-66CA-43C3-8720-1C841ED7529A,,Storey-1,True
2IGwSZD4XD0v_U7kK$pAw4,IfcBeam,fund_opstort_(#2465),,,A2A02A54-C6D8-4A3A-9DCA-2A899B597A5F,,Storey-1,True
1naZcReNz7PvhQAmj6Jq3I,IfcBeam,liftputwand_(#4278),,,37AFC68F-B598-4415-8327-54CC03796CD4,,Storey-1,True
3P7_03M9j4qfTpY82oA7qG,IfcBeam,fund_strook_(#11761),,,FAAE016E-6FBF-49E1-9E68-E86DCB6DFB9C,,Storey-1,True
18d3mlRdjCdQZN5$wTakyV,IfcBeam,fund_opstort_(#9601),,,A95A5151-C3AD-4A37-BB04-1346BE211093,,Storey-1,True
2OwZUPMe9A_OUbNu4p$vK$,IfcBeam,fund_opstort_(#1655),,,F532C2D4-52BD-4DEB-A968-E83455A20922,,Storey-1,True
28n152n4TDhfCgPSt939HS,IfcBeam,fund_strook_(#10099),,,E47BB9B2-63EB-43DE-9CCB-8FD214ADF34A,,Storey-1,True
3ezuEHz6XFHwANFIAgNksw,IfcBeam,fund_opstort_(#13353),,,7494D760-4705-4381-8E6C-E2C6B7676A1F,,Storey-1,True
1CJwrAhq9Ed94DRX3trP2o,IfcBeam,liftputwand_(#6773),,,2F9BFE7E-5D1B-4CFB-B2DF-A66F6BF49714,,Storey-1,True
2Y$eh0ohrDEepO4_LPdoEr,IfcBeam,liftputwand_(#1963),,,58C7C77D-0F14-4ABC-827C-A61431FB0ECA,,Storey-1,True
0B0Q1ghLnCxvbIfuSwz9wK,IfcBeam,liftputwand_(#9435),,,161A9943-5C3D-4BAA-BCC2-139A2B2035F5,,Storey-1,True
3SLFVhErbETg7vkVqhJmtW,IfcBeam,fund_strook_(#11507),,,B2C7512B-6E2A-4529-8667-39899690A435,,Storey-1,True
2wgL5LHzz2E8w8G68rTVPh,IfcBeam,fund_strook_(#11927),,,55048273-9117-4CEC-8F98-CDCD5C503179,,Storey-1,True
2F6KORhx58_911OMinsiC1,IfcBeam,fund_strook_(#12054),,,D5AA5851-82D5-430F-A860-BBA3F59F7DED,,Storey-1,True
2rxEfS5c1BRBMAjC9Weumf,IfcBeam,liftputwand_(#1315),,,8C7F5CC1-D0DC-44B2-AF6D-39891BF012B7,,Storey-1,True
3Sbe78uxbEwRPG8jsMr$cF,IfcBeam,fund_opstort_(#979),,,515DE8D5-D351-4259-A49C-213552CE8F35,,Storey-1,True
06pbOYRBH47ggM7v8Z4QIY,IfcBeam,fund_opstort_(#9933),,,D6CE5B5C-4C72-4A3C-841C-CA01B82BD980,,Storey-1,True
0_I_33wYPDQ82UT6BIK_07,IfcBeam,fund_opstort_(#8123),,,365FF6D8-399D-4705-885A-2068B3D9FBAD,,Storey-1,True
3ZlvAOowH1V8p2VDDOxbzq,IfcBeam,fund_opstort_(#1793),,,84C40414-91CE-4FA1-B7C3-91771CE93B78,,Storey-1,True
1zQYOrUqP5TAaFPeCmMGH$,IfcBeam,fund_strook_(#11249),,,3949CBDF-DDD8-4FB6-ACCC-FDB8E8EAB0D3,,Storey-1,True
1UP3VfHvHA_gIZN9WnsRQ9,IfcBeam,fund_opstort_(#3260),,,3003E7C5-B0FF-4024-90D0-F008AD35D75D,,Storey-1,True
0zpQ3hQHb6z9ILCBaxQLE1,IfcBeam,fund_opstort_(#9269),,,96F584D0-3239-4CE2-B0B2-754A2D4E4DBE,,Storey-1,True
3hMx_hmGLC1f_YoPoAVXz7,IfcBeam,fund_opstort_(#10431),,,8FEAB726-46F3-41BE-9099-03EA7B8339CF,,Storey-1,True
1YK0PSziv5GO8pr83weXaP,IfcBeam,fund_opstort_(#7607),,,DED0AB92-EB34-4EE7-8530-02F02EFCC537,,Storey-1,True
2CbRGCrHHAVhOahgXUdmJv,IfcBeam,fund_opstort_(#3946),,,710A97B9-B8D9-45FF-85A7-597FD2C1BA73,,Storey-1,True
0_tiSIYEr4yRRHYXKfPTdj,IfcBeam,liftputwand_(#4416),,,51E41E0F-5917-4C4C-96BF-7A051084C5CB,,Storey-1,True
1Asg_4IIzBJRAZjWOOBoop,IfcBeam,fund_strook_(#10984),,,85B7195B-E184-43F1-B01F-C7B975A443BC,,Storey-1,True
2$8EUcBs16IuI_ajPbP8Lb,IfcBeam,fund_opstort_(#8771),,,00C76B9D-5284-4681-8AA4-D16C3A3C3CF3,,Storey-1,True
2wRDzVfR9EwhluR32nQMBE,IfcBeam,fund_strook_(#13187),,,111A08D4-E96F-42F2-954B-A1C41175A40E,,Storey-1,True
1Auz_7ZqL7AAig2gL0Pvj2,IfcBeam,liftputwand_(#4582),,,ACFA6A2E-2EB2-4AE4-8645-5548BCC9E665,,Storey-1,True
3YUdL1_$rDcfMmTETvlfJD,IfcBeam,fund_opstort_(#7773),,,3158FB52-B9A9-48C5-81F3-375D6395797E,,Storey-1,True
16eOLt9QP0$OsMuPdUbLi8,IfcBeam,fund_opstort_(#7275),,,C7F99012-135B-4C71-91BC-887949C99325,,Storey-1,True
3VWt6e5xX0QQNjKh6N8IFF,IfcBeam,fund_opstort_(#8439),,,985C63A6-5563-40FD-80A3-423ABAE61A67,,Storey-1,True
3J_1it95T5gfMFEztXNCUR,IfcBeam,fund_strook_(#11111),,,8D85BE90-EED9-42AC-A347-3B1913AAB671,,Storey-1,True
1htIOmH4b7Tf006E86T$VI,IfcBeam,fund_strook_(#8937),,,1169A602-FDB7-455F-BB4A-8B4E069DBEDF,,Storey-1,True
02kic5NYL5Y8L2X6WG8k5m,IfcBeam,fund_opstort_(#809),,,85001C77-8252-45C0-858E-4F2134D62C7C,,Storey-1,True
1ei90H7Bb5_fZwEyprK4wB,IfcBeam,fund_strook_(#11634),,,B6E5444C-7697-4C4E-873F-C1FE61CAD9D1,,Storey-1,True
3qqefgPMbCKOfgM2m0OEf4,IfcBeam,fund_strook_(#12640),,,252EB960-3620-420E-82E9-A4C64FEA491E,,Storey-1,True
1hKluOE6bDMhJ0clWE$jN$,IfcBeam,fund_opstort_(#4914),,,5825ED04-D206-4F87-B1C6-29529EB31012,,Storey-1,True
3nmvJwVyTCiucZBALa8U32,IfcBeam,fund_opstort_(#1485),,,6626C8A7-0523-46F8-8727-A4F03EFC1C95,,Storey-1,True
2J6c62A5XD2QcGjShzZgXq,IfcBeam,fund_strook_(#10569),,,D48C1283-0735-4D8E-AE46-059D45495E23,,Storey-1,True
26byCAFGr1I8W5h9B84Q16,IfcBeam,fund_strook_(#10853),,,0C36156C-8154-46FA-8794-40A690A0E849,,Storey-1,True
0MGiIdPGj6Dw47j1gUVoAK,IfcBeam,betonlatei_(#825575),,,69C09901-93F3-4BB5-BE88-37E9144D0297,,Storey-1,True
1DzdotTEjBFwCsyuoZOcf1,IfcBeam,L150/100/10 (?)_(#380269),,,37A9A01D-EB3B-444F-9024-23CF32C5C71A,,Storey-1,True
0iFMbV8sL4nf9WVdq8tGzc,IfcBeam,staallatei ??_(#498423),,,650CC430-972C-40FA-A1F5-4B014E775472,,Storey-1,True
1JvhXgKdrA9f$ihQ6BVwRu,IfcBeam,staallatei ??_(#499083),,,FD4B06F1-CDB1-4466-B2EE-85507B4A27E5,,Storey-1,True
2r_rbF5BHDsvim7OmE_08i,IfcBeam,L150/100/10 (?)_(#345263),,,311E5098-8D31-40A7-9BF4-6C00346F4750,,Storey-1,True
1HjDHDVv17gOxwsUWfqZEx,IfcBeam,staallatei ??_(#497983),,,BF14112E-1029-4B42-AF3F-74BBA57B923D,,Storey-1,True
0tDHTIAFHAExG9bv38sVSZ,IfcBeam,staallatei ??_(#498643),,,0FDA9BC1-6D00-4B99-B33D-AA56EC94E7CF,,Storey-1,True
0tJiihhSf5fQTh3OlemKlY,IfcBeam,HEB220_(#564452),,,43BD44EE-2D7D-434A-BF6C-ABE09106B5B0,,Storey-1,True
1RucBYpjbA89nKCk9MMR64,IfcBeam,staallatei ??_(#508528),,,322DB3F9-90A5-4155-BA26-04D29E82387B,,Storey-1,True
1z6I$GHqj3aQM8jBdt_j1h,IfcBeam,staallatei ??_(#504253),,,9D249773-ABA3-45D4-BA8B-243F41051A53,,Storey-1,True
1VOOdZVXTCfOZQQhMP0MqU,IfcBeam,staallatei ??_(#497763),,,B8909580-DA4E-4E0E-BC84-F68B4CA1C297,,Storey-1,True
3Qrkx4gFvENxRu4ycu9R6P,IfcBeam,staallatei ??_(#498203),,,8B381FA2-EB31-41D3-AAC9-8DE4DA52BB88,,Storey-1,True
1mv_0saPPBCPD2XOUJU6KT,IfcBeam,hoeklijn bordes_(#313436),,,B17A4A28-77DE-46CC-95E5-094404679E34,,Storey-1,True
3Yyu04GkTEQxN4HyryDW2H,IfcBeam,HEB220_(#328251),,,CE06FADE-B65C-4668-80D8-0285BDB26D2B,,Storey-1,True
13unX9T111luvxOpfHTnHJ,IfcBeam,betonlatei_(#453774),,,80F9253C-ABCA-4012-ACEB-DB4CEB0BE4B6,,Storey-1,True
1t2w6GPuT4hxRI4oWpzqsF,IfcBeam,hoeklijn bordes_(#313305),,,ACD6B405-DFBD-4711-8E76-B427FF02E4F9,,Storey-1,True
1cnVNGx8L6x8atU0FW4aSj,IfcBeam,staallatei ??_(#504033),,,6798F556-098A-413D-90F4-EE6CC027D558,,Storey-1,True
2G4x53nKT0oRIjHSPxqaLE,IfcBeam,staallatei ??_(#508308),,,5E8FC184-9061-45B6-8469-CB7CEC9286B9,,Storey-1,True
28hgQDPRrDdABTTnaoc_cc,IfcBeam,staallatei ??_(#504693),,,D76DD8B9-FF32-4043-BE58-B759AF484899,,Storey-1,True
3DypDEq_nBvAS5s5Uyj$ZL,IfcBeam,staallatei ??_(#504473),,,00783053-428B-4749-9BDD-2ADC0A353458,,Storey-1,True
2fxjjvzMX8NPHkfNj6ZCdn,IfcBeam,staallatei ??_(#505133),,,DC50FC08-8B0C-4056-81EC-B5133150AE15,,Storey-1,True
0MrU6VvOj8U8pPVkvaTjD0,IfcBeam,staallatei ??_(#498863),,,A2208261-CB2C-416C-AF3F-ECA39FFB34F3,,Storey-1,True
20m0Rl3qTEV8jruV1PXOay,IfcBeam,staallatei ??_(#504913),,,C2315732-32A0-44AE-9385-B32F7235053E,,Storey-1,True
2sm5UhjjP0NvfUsdScXytC,IfcBeam,staallatei_(#196691),,,145F07D4-C2B1-4126-852B-9A9B67C00541,,Storey-1,True
3G01sUtwv54fTx0BOSRner,IfcBeam,staallatei ??_(#298231),,,1931A8B9-8571-456B-8AB3-5C5F68DCDF47,,Storey-1,True
2129ZF6ZjEKhfG1l9$lZA3,IfcBeam,staallatei ??_(#296911),,,B7C31522-8D4C-48D9-824B-D12E231BB700,,Storey-1,True
2ulfOfmNz05AgBtVrK1wUp,IfcBeam,staallatei ??_(#295147),,,FB98FF7B-7FD3-4936-93AA-9A54185A2C11,,Storey-1,True
0fqMgB66D5ghqNQ_PcyJzD,IfcBeam,staallatei ??_(#295591),,,4AB5B883-ED98-4714-8715-D9EBC5040088,,Storey-1,True
1CwUP_iaf3Bx7R_7Dzj17e,IfcBeam,staallatei ??_(#295811),,,8BAD188C-D8B0-481A-86B6-DCC181F6F9C8,,Storey-1,True
0fuya1KN1Avw89aKnt9B1G,IfcBeam,staallatei ??_(#297791),,,DC532DED-F74D-4BC0-B5CE-18B44EFC710D,,Storey-1,True
3iQVpi1yf0ouXPllLv7rhi,IfcBeam,staallatei ??_(#296691),,,ECA83ECB-D383-4498-946C-EDC6FC845F16,,Storey-1,True
3LN0iSrUv2NPXruCBpKVlO,IfcBeam,staallatei ??_(#298451),,,A9A39F32-B302-4288-BB72-1562F21CF9AF,,Storey-1,True
10EEAhIqfCrPpzj8GLXD8Z,IfcBeam,staallatei ??_(#296471),,,684E1F80-2365-41FA-9A4D-FC3C65577CE3,,Storey-1,True
1PPE5kaHH5lug0R_epfByi,IfcBeam,staallatei ??_(#297571),,,0271FAA3-4D73-4E28-A455-F69B6E3E88CE,,Storey-1,True
1EkLgLcpL7Xh2Ujn5sza1f,IfcBeam,hoeklijn bordes_(#287992),,,D79EEF6B-691F-43EB-B5B5-00B285331127,,Storey-1,True
3HMuq0r5r2wRP4UKf59sGC,IfcBeam,geveldrager_(#196407),,,FEDB003F-376E-4D91-BBD0-D10808A3312E,,Storey-1,True
361RE6wEjBt847f05MaNvo,IfcBeam,staallatei ??_(#297351),,,29CD0C5C-D018-4B5C-9804-231FAE5884CD,,Storey-1,True
2G2JBxIZD0EAnBmLQXO_hv,IfcBeam,betonlatei_(#183049),,,8784F241-FF08-45DB-A1DC-ECECBA3442F8,,Storey-1,True
0SgYb3qDb5JhBJAEma$A_L,IfcBeam,staallatei ??_(#295367),,,72CB7086-4B1F-41CF-AEF1-A902AE226E1F,,Storey-1,True
3E2$yTPJnDYRkEL8oF2ny5,IfcBeam,staallatei ??_(#298011),,,D3674215-D47B-4600-8CBE-049FB745FE95,,Storey-1,True
05UAi6xjHFYv$BOaOrwqvv,IfcBeam,staallatei ??_(#294923),,,EA711A5E-0AC7-4005-870A-4084F113A402,,Storey-1,True
1KdxcZ8ov18QIAxDoHJjXY,IfcBeam,staallatei ??_(#298891),,,B488B643-610C-4E0B-BE94-BA7C7845AA78,,Storey-1,True
3gGleO2rr92gpIdEtmMunw,IfcBeam,staallatei ??_(#297131),,,A309E5BC-B3AD-4DDA-9D74-24D01F8C86C7,,Storey-1,True
3bU78D$x131BDVbcXUJtKG,IfcBeam,staallatei ??_(#298671),,,24275FAB-9191-42AE-8573-7A6EEFE9F610,,Storey-1,True
0NA_WA$Vz56ebibBvXTCAx,IfcBeam,staallatei ??_(#296251),,,304016B2-0579-4444-AA5A-A99B19131022,,Storey-1,True
03DuUvzkn2wAF3R5RRBAOU,IfcBeam,staallatei ??_(#296031),,,81EE515C-3B99-4E11-9EBF-94839F621197,,Storey-1,True
1zAHmmZzDFkQHE_GTm2tCW,IfcBeam,hoeklijn bordes_(#288136),,,FF6AF0AC-D539-4A22-962F-596B23BFEFDC,,Storey-1,True
1JrWlYaR9CRvC27diBZmst,IfcBuildingElementPart,(#702691),,,,,Storey-1,True
3o9A47$xH7sBIoelMRmqQW,IfcBuildingElementPart,(#701235),,,,,Storey-1,True
2$2MFRbCX7hu6Tkl8TQJuz,IfcBuildingElementPart,(#701792),,,,,Storey-1,True
1_UeA3qgf6MuyGvu8wu_ho,IfcBuildingElementPart,(#701399),,,,,Storey-1,True
1MftMysoP7ZAJXPNZXRl7q,IfcBuildingElementPart,(#701323),,,,,Storey-1,True
1OCVBFUez0tPdCeHJhRagO,IfcBuildingElementPart,(#702133),,,,,Storey-1,True
2xXZfGVxT1fxA2NQV42d5r,IfcBuildingElementPart,(#702057),,,,,Storey-1,True
3I1xkDpITFUOtr0Bw5VMDU,IfcBuildingElementPart,(#702966),,,,,Storey-1,True
2y12mGuXbD3e9u7q26Q2FA,IfcBuildingElementPart,(#703290),,,,,Storey-1,True
1ZU7B0tCL1QBVFFtuQikUs,IfcBuildingElementPart,(#703042),,,,,Storey-1,True
0gIZfNnWjENgXejTC7$h27,IfcBuildingElementPart,(#702878),,,,,Storey-1,True
35qRZdgjn3s9I4a0pup6oP,IfcBuildingElementPart,(#703474),,,,,Storey-1,True
1aPS6MTB512f38CAeW6UXL,IfcBuildingElementPart,(#703885),,,,,Storey-1,True
1ovdzFBqD1GBzwwPyurwFA,IfcBuildingElementPart,(#703550),,,,,Storey-1,True
3lc5A7BwP5oPPq9B5UohlK,IfcBuildingElementPart,(#736646),,,,,Storey-1,True
2jrmzZpzv8BxbJUe0lITU9,IfcBuildingElementPart,(#736717),,,,,Storey-1,True
0q1MTbjFbC9vWzp73K_kOq,IfcBuildingElementPart,(#736501),,,,,Storey-1,True
0LSJlIgjjAde0QQOMNHWDm,IfcBuildingElementPart,(#736430),,,,,Storey-1,True
30Zao8IVjDauqlqRD$ZPtX,IfcBuildingElementPart,(#1011548),,,,,Storey-1,True
35aLnkYJfAigEgwulm$M0V,IfcBuildingElementPart,(#1011785),,,,,Storey-1,True
3aM_aItN5248ngNUPR4IbO,IfcBuildingElementPart,(#1011709),,,,,Storey-1,True
2YZ16pK6LD5wXQd4yxmhvR,IfcBuildingElementPart,(#1011624),,,,,Storey-1,True
0RixtrPBH60BscsBvwyteH,IfcBuildingElementPart,(#1011456),,,,,Storey-1,True
2RYF0ahfD1KxjLZNPG9MI4,IfcBuildingElementPart,(#1012946),,,,,Storey-1,True
1TpvEJLPn7BRB0HVH0IDoa,IfcBuildingElementPart,(#1013036),,,,,Storey-1,True
1q3BMrj$jCBgio_W6O51el,IfcBuildingElementPart,(#1012861),,,,,Storey-1,True
1oUOrZLmD9L8ytF7b7y4B7,IfcBuildingElementPart,(#1012776),,,,,Storey-1,True
2GI55LAST3BBezZ9kQK87z,IfcBuildingElementPart,(#1012697),,,,,Storey-1,True
1noU8NL3D4RA_K$_hKpM5I,IfcBuildingElementPart,(#1002271),,,,,Storey-1,True
0lWd1VGaz0RQdINLVqNALk,IfcBuildingElementPart,(#1002186),,,,,Storey-1,True
30e8ALXWjAnPhgHiESRy2h,IfcBuildingElementPart,(#1002347),,,,,Storey-1,True
01$HeLPHnApxZAU8o5O7ec,IfcBuildingElementPart,(#1002110),,,,,Storey-1,True
0XnkHOMBnCfeZO63P$IMNP,IfcBuildingElementPart,(#1002020),,,,,Storey-1,True
3GaI7VpJf9Ru7qgEqh0RjP,IfcBuildingElementPart,(#1002820),,,,,Storey-1,True
3Ss5nQGbD0fwAOE4sqRIKA,IfcBuildingElementPart,(#1002733),,,,,Storey-1,True
3hdlixJW55mBUHlHYjWta_,IfcBuildingElementPart,(#1002914),,,,,Storey-1,True
3SvNZaauT3zRm72FQ_5uzz,IfcBuildingElementPart,(#1002648),,,,,Storey-1,True
1eT9YWrtX6AOnUy1bCuy0N,IfcBuildingElementPart,(#1002569),,,,,Storey-1,True
2Wy8gKHFf4PO7eIYiyPnXg,IfcBuildingElementPart,(#1013667),,,,,Storey-1,True
0o8A$m95XDRhdZ5aMMZJUg,IfcBuildingElementPart,(#1013485),,,,,Storey-1,True
3katximqb12gLboTEVCNWX,IfcBuildingElementPart,(#1013591),,,,,Storey-1,True
2DT2RZGUj9SeTl7z8BqNsV,IfcBuildingElementPart,(#1013770),,,,,Storey-1,True
3N2PdTUO9BthSL3Vm9aNIw,IfcBuildingElementPart,(#1013846),,,,,Storey-1,True
3OtyNwF$f4Z8qqTaO8BN8C,IfcBuildingElementPart,(#995394),,,,,Storey-1,True
3a0D78g4D65uaG23rmNKsM,IfcBuildingElementPart,(#994929),,,,,Storey-1,True
3nRSNABd19s9GEPW2D_FCW,IfcBuildingElementPart,(#995188),,,,,Storey-1,True
3QtqTx$PjBPh1osnQPUaRg,IfcBuildingElementPart,(#994846),,,,,Storey-1,True
3j7$IyxrL6mO5Ws1BUHOnA,IfcBuildingElementPart,(#995291),,,,,Storey-1,True
2nByBpp9j1Qv31bnD$W9kw,IfcBuildingElementPart,(#995622),,,,,Storey-1,True
3O$kjoycP6iPxEaOQYLpT2,IfcBuildingElementPart,(#995005),,,,,Storey-1,True
13Na4CuNv5Zeo9RmivQKd3,IfcBuildingElementPart,(#995081),,,,,Storey-1,True
3S_tZk2evCBu23jNkSw8O6,IfcBuildingElementPart,(#1003239),,,,,Storey-1,True
1MKpxTkPbDcu23BbUDi2QN,IfcBuildingElementPart,(#1003597),,,,,Storey-1,True
3BZxW7YAj7iQEvvq24yi6b,IfcBuildingElementPart,(#1003700),,,,,Storey-1,True
056iPnNz55de_Y8CVU7jGf,IfcBuildingElementPart,(#1003315),,,,,Storey-1,True
0Zzh2$kBz8rA$ff2Q4KgBU,IfcBuildingElementPart,(#1003391),,,,,Storey-1,True
3nE5rSZA1C$BtDOIxtOfiZ,IfcBuildingElementPart,(#1003494),,,,,Storey-1,True
0el75biQ52D9T2w069qwxR,IfcBuildingElementPart,(#1003910),,,,,Storey-1,True
3izdDT3evBiPxwXLCQ5Ix5,IfcBuildingElementPart,(#1003160),,,,,Storey-1,True
1Boe4ROyL9ghAMysAEEcDl,IfcBuildingElementPart,(#997490),,,,,Storey-1,True
29IchuN9r2Z8g$lC08_XmD,IfcBuildingElementPart,(#997239),,,,,Storey-1,True
1qPNW8rMn7lPV_WebLQREY,IfcBuildingElementPart,(#997642),,,,,Storey-1,True
3YIQjIlwHB7e5kFjaIBi95,IfcBuildingElementPart,(#996840),,,,,Storey-1,True
09bp_eN5174g9I7fdtmHgO,IfcBuildingElementPart,(#997136),,,,,Storey-1,True
18k8fIKyz7xRyTkOjfMWAj,IfcBuildingElementPart,(#997749),,,,,Storey-1,True
387kw09p97lR1d85i7hic_,IfcBuildingElementPart,(#997351),,,,,Storey-1,True
2ApIjkSTD6m9v7$rAzz6i2,IfcBuildingElementPart,(#997566),,,,,Storey-1,True
2ANA2EnPHARBG6GPnRdvR9,IfcBuildingElementPart,(#999687),,,,,Storey-1,True
1GLTU0eSv3XeUNkXA5KrEd,IfcBuildingElementPart,(#1000000),,,,,Storey-1,True
3jpIJN4x58yPm3CYnAg1gG,IfcBuildingElementPart,(#999584),,,,,Storey-1,True
22jGpvnG50Ze9SjkX8tyLn,IfcBuildingElementPart,(#999481),,,,,Storey-1,True
0qPvY4fRL9VgIJXdYi$r41,IfcBuildingElementPart,(#999790),,,,,Storey-1,True
3c1_kTH2LE7wK2QSovXKgn,IfcBuildingElementPart,(#999329),,,,,Storey-1,True
0sOpdWKS51T9pggFk4XX6$,IfcBuildingElementPart,(#999250),,,,,Storey-1,True
3mZDI$LHzFu98QTBh2poQd,IfcBuildingElementPart,(#999405),,,,,Storey-1,True
1bbPksuRLC$9qqbLGRMPRR,IfcBuildingElementPart,(#1000701),,,,,Storey-1,True
2zh2xgrZTDxvBygVxIYmyp,IfcBuildingElementPart,(#1000907),,,,,Storey-1,True
0pKnR8D6XDLRKTQsWYmGK8,IfcBuildingElementPart,(#1001059),,,,,Storey-1,True
3MPnyny4LE5AWgyM5MiTlA,IfcBuildingElementPart,(#1000983),,,,,Storey-1,True
3WxVIFAj52FhL_ppy$6cSj,IfcBuildingElementPart,(#1000589),,,,,Storey-1,True
3RYg7LxHf1KAewV7MPOvmb,IfcBuildingElementPart,(#1000831),,,,,Storey-1,True
3LIdzOv6TBivNGp2WhcX5L,IfcBuildingElementPart,(#1000210),,,,,Storey-1,True
2uoX6xSTfDywP$Iv3oJkcN,IfcBuildingElementPart,(#1000477),,,,,Storey-1,True
2XQ0U5dRr7ygLwETnM0_ok,IfcBuildingElementPart,(#996603),,,,,Storey-1,True
09JhOWxu11AfUlVP1Xbhe4,IfcBuildingElementPart,(#996062),,,,,Storey-1,True
2zIlpDQjTCX8pMKwwOwvup,IfcBuildingElementPart,(#995827),,,,,Storey-1,True
36_wNfyFz52R94vLykLPEI,IfcBuildingElementPart,(#995910),,,,,Storey-1,True
3EqzAeafn03B_tL37P464y,IfcBuildingElementPart,(#996375),,,,,Storey-1,True
3jcng1wxr0we0Uacx6JqV3,IfcBuildingElementPart,(#996169),,,,,Storey-1,True
2nG_PpX$vDeP8cGnm4UBjG,IfcBuildingElementPart,(#995986),,,,,Storey-1,True
03JiQnlL5EtgcOgvuQ9dkw,IfcBuildingElementPart,(#996272),,,,,Storey-1,True
0Q4s$zLMnCLQeuw$BX6aEX,IfcBuildingElementPart,(#992763),,,,,Storey-1,True
0W7O6Sgbz729aQIE9I8_p_,IfcBuildingElementPart,(#993157),,,,,Storey-1,True
15dFtew1b1pebFBcH2pspT,IfcBuildingElementPart,(#992384),,,,,Storey-1,True
0TP91UZ2959AFPIHaJmsQy,IfcBuildingElementPart,(#993005),,,,,Storey-1,True
123cMv0GL3zhUgxfQmcq5L,IfcBuildingElementPart,(#993233),,,,,Storey-1,True
2DhYAzMHv1GhlqAFz_7phy,IfcBuildingElementPart,(#993081),,,,,Storey-1,True
08UWL3Ry1EVA9reFNiZnw4,IfcBuildingElementPart,(#992651),,,,,Storey-1,True
1cX300_0538BoaqV4a5nuZ,IfcBuildingElementPart,(#992875),,,,,Storey-1,True
3C1yXeVUzDOQJv_rID8ISe,IfcBuildingElementPart,(#1007652),,,,,Storey-1,True
31aXndY1L5mxoTKTlOzV8W,IfcBuildingElementPart,(#1007576),,,,,Storey-1,True
3Od3XOfgT8qwpSSoxTyOWv,IfcBuildingElementPart,(#1007272),,,,,Storey-1,True
1Nx$bFslT8y98ymLTS_5JC,IfcBuildingElementPart,(#1006734),,,,,Storey-1,True
0_kzgrjOr95hJHkodMXdRp,IfcBuildingElementPart,(#1006597),,,,,Storey-1,True
3sV3yThaL77wjeYDhEfcr_,IfcBuildingElementPart,(#1007048),,,,,Storey-1,True
0TNRx4D59AUxqGn1W0ms$g,IfcBuildingElementPart,(#1006667),,,,,Storey-1,True
2Vlc3gnfr9r8r49K8Xi8jz,IfcBuildingElementPart,(#1006927),,,,,Storey-1,True
0DAXTX7pT8f9VxxN_gBjas,IfcBuildingElementPart,(#1007500),,,,,Storey-1,True
0SakAeTeb2AfkqkWSGvw0B,IfcBuildingElementPart,(#1007348),,,,,Storey-1,True
2ipEmC5_X5HuLkwvCt$BNv,IfcBuildingElementPart,(#1007424),,,,,Storey-1,True
224Ug5Zaj68wpuN1_GOFCo,IfcBuildingElementPart,(#1007142),,,,,Storey-1,True
1ed1TY3kD0tR1Qd1xzejz5,IfcBuildingElementPart,(#998767),,,,,Storey-1,True
0ByxJx9$TB3ONSRZflsjMD,IfcBuildingElementPart,(#998476),,,,,Storey-1,True
3PgigyU0v6af7Ea7N4f16X,IfcBuildingElementPart,(#998883),,,,,Storey-1,True
1Eanj7fPf8KAse8uo66F_P,IfcBuildingElementPart,(#998615),,,,,Storey-1,True
1C9qWCS1945Q5eT_Qel3ZD,IfcBuildingElementPart,(#997986),,,,,Storey-1,True
22gsy9ZVbCzfNZu4hEwy2J,IfcBuildingElementPart,(#998261),,,,,Storey-1,True
1kpcBik_TAUwguG0pfqG$S,IfcBuildingElementPart,(#998364),,,,,Storey-1,True
3rL__ZcUj8DOTxxz0vXnLm,IfcBuildingElementPart,(#998691),,,,,Storey-1,True
2B79HM39f19eyQ4Yc1jF2m,IfcBuildingElementPart,(#858139),,,,,Storey-1,True
08vK7O9oTEqA2sr9IB_NA5,IfcBuildingElementPart,(#858655),,,,,Storey-1,True
19M7OBXLH3Uey9DrpKY1VE,IfcBuildingElementPart,(#834359),,,,,Storey-1,True
32KF9ZDfn8AwOQxiiBBFrZ,IfcBuildingElementPart,(#833843),,,,,Storey-1,True
2VG2etK7r5kw2tEzUeaavc,IfcBuildingElementPart,(#857920),,,,,Storey-1,True
2GYQf$Wr99Zg_G1OPmCkoT,IfcBuildingElementPart,(#857436),,,,,Storey-1,True
0vVMZCxyH5kuM14Y2AFVZV,IfcBuildingElementPart,(#859358),,,,,Storey-1,True
3njAJWLD91_vfRi5mb9ou_,IfcBuildingElementPart,(#858874),,,,,Storey-1,True
3E14JLY5v7ohzaRDEuDsC3,IfcBuildingElementPart,(#799717),,,,,Storey-1,True
0mP$w$8dbCX8QbsB2cI8J8,IfcBuildingElementPart,(#799233),,,,,Storey-1,True
1RrtdNfuHE7v0r5c9VNTZI,IfcBuildingElementPart,(#808003),,,,,Storey-1,True
3BtQeactn1KAw_9TguSVbj,IfcBuildingElementPart,(#808316),,,,,Storey-1,True
3cRypOuNf4RwFLpB2RrQW$,IfcBuildingElementPart,(#808231),,,,,Storey-1,True
2GIPjrVg12VgsOGGn28bPF,IfcBuildingElementPart,(#807699),,,,,Storey-1,True
0_Mz7iB9jAqgmZw52VSe9g,IfcBuildingElementPart,(#808155),,,,,Storey-1,True
12YBbBSLD9xupvTg$hljIQ,IfcBuildingElementPart,(#807544),,,,,Storey-1,True
2Naw4Bwxb98fZF0KeZR3IF,IfcBuildingElementPart,(#807775),,,,,Storey-1,True
2jKQ5B8orDvPjZdQUfvt04,IfcBuildingElementPart,(#807927),,,,,Storey-1,True
0NbY8DobvCZfLNa8gokHwc,IfcBuildingElementPart,(#807851),,,,,Storey-1,True
2ziBpn_zH8VA_AnXAqXHzM,IfcBuildingElementPart,(#807623),,,,,Storey-1,True
3cFCK_ehz54BYHTpg_p9y$,IfcBuildingElementPart,(#808079),,,,,Storey-1,True
3eohhMp2HD_B8o3l_xXnVN,IfcBuildingElementPart,(#805209),,,,,Storey-1,True
3yYcFL831BcuuSiWETHTpu,IfcBuildingElementPart,(#804829),,,,,Storey-1,True
0KpiLTY_z3wxYMdj9XGDIX,IfcBuildingElementPart,(#804598),,,,,Storey-1,True
1JsXrqttH4YxCqbPTMrTWL,IfcBuildingElementPart,(#805057),,,,,Storey-1,True
14AiaYmUrAAh6ihfKv6Nd7,IfcBuildingElementPart,(#805133),,,,,Storey-1,True
2E_iClwMf3Bvozb2rx4uMO,IfcBuildingElementPart,(#804981),,,,,Storey-1,True
22_pV6LAT3wOkPtmcVAXaf,IfcBuildingElementPart,(#804677),,,,,Storey-1,True
2iVhwykcjDdwVM5vjiddT3,IfcBuildingElementPart,(#804905),,,,,Storey-1,True
2WV57sX1v9FwDXajAWOEhZ,IfcBuildingElementPart,(#805370),,,,,Storey-1,True
2lMXEL77PAIxGHI2tPx2XD,IfcBuildingElementPart,(#805285),,,,,Storey-1,True
1dmTkOxC5BmekX4ATfDW6a,IfcBuildingElementPart,(#804753),,,,,Storey-1,True
1iD64pIcX4ovChbnuS1aTE,IfcBuildingElementPart,(#857217),,,,,Storey-1,True
3A7yfFeaP8sPSkdnLyyeJm,IfcBuildingElementPart,(#856645),,,,,Storey-1,True
3bEsEeQ$b5X93JH8UvUeyj,IfcBuildingElementPart,(#799010),,,,,Storey-1,True
1Kmc$qsO11FvqRAJcOz9s1,IfcBuildingElementPart,(#798526),,,,,Storey-1,True
1KTV3kBKr08Oj6ik1sBGW1,IfcBuildingElementPart,(#801222),,,,,Storey-1,True
1P$fkf9598eOdbqZk4Cg1C,IfcBuildingElementPart,(#801392),,,,,Storey-1,True
2_erMqg2z2A8377kuq5eKD,IfcBuildingElementPart,(#800900),,,,,Storey-1,True
0Op8wdR3f92AK5RDO5XcMX,IfcBuildingElementPart,(#801146),,,,,Storey-1,True
3fOF79gmrDhPCulQNToFcS,IfcBuildingElementPart,(#801468),,,,,Storey-1,True
0B9C5YiT93$B4SVpnxA6gP,IfcBuildingElementPart,(#800976),,,,,Storey-1,True
1rRcsKb$9ApA4_3AnKanO9,IfcBuildingElementPart,(#801052),,,,,Storey-1,True
18oHBW5QbDXvC74bMRDPTs,IfcBuildingElementPart,(#801553),,,,,Storey-1,True
3giQWs1C50WPzKINJLkdxK,IfcBuildingElementPart,(#800727),,,,,Storey-1,True
3gp_9OKq1FWvjPN6HlpdoE,IfcBuildingElementPart,(#800815),,,,,Storey-1,True
0nwz0h7m5A68scgqPhC1Op,IfcBuildingElementPart,(#801298),,,,,Storey-1,True
27jJq7YAr8dRYepMtTgJ58,IfcBuildingElementPart,(#812304),,,,,Storey-1,True
19yb6K5Nn0sQraDOIQ_abQ,IfcBuildingElementPart,(#812541),,,,,Storey-1,True
3mjLFfGX15yPnEWApCxP2e,IfcBuildingElementPart,(#812076),,,,,Storey-1,True
1xXHgywLP6cOJnTEhIh6Dy,IfcBuildingElementPart,(#812228),,,,,Storey-1,True
0X1EDrCTr9kutQu3_$iGG6,IfcBuildingElementPart,(#811848),,,,,Storey-1,True
37VlBl1AH6_uc00GI4hZhI,IfcBuildingElementPart,(#811924),,,,,Storey-1,True
3LY9txjKLA59JcGx4b71C$,IfcBuildingElementPart,(#812456),,,,,Storey-1,True
1e8y0gPKbElPJ3gyQRRQ$c,IfcBuildingElementPart,(#812000),,,,,Storey-1,True
3PXey5IfLD$hWcCDidNaR4,IfcBuildingElementPart,(#812380),,,,,Storey-1,True
3sY5mi0BH4_RVcKYnKoEZq,IfcBuildingElementPart,(#811769),,,,,Storey-1,True
0vssg41kH7GhfusijrtM$e,IfcBuildingElementPart,(#812152),,,,,Storey-1,True
1Hc37h04jFOPcnBXMyfavP,IfcBuildingElementPart,(#815329),,,,,Storey-1,True
11JTwI6Bb9cOs_hTPpFgyk,IfcBuildingElementPart,(#815660),,,,,Storey-1,True
1wyQhWHcrFlwgXUpMwkMhu,IfcBuildingElementPart,(#814931),,,,,Storey-1,True
22L_OdL$LEvfvIEpxyxWXL,IfcBuildingElementPart,(#814852),,,,,Storey-1,True
1kiuQd40XDHPrMOPe1FcqX,IfcBuildingElementPart,(#815253),,,,,Storey-1,True
0d8J19rznCMuY$X2SzbM0q,IfcBuildingElementPart,(#815575),,,,,Storey-1,True
22TEs2XP99ROuTKJLTs31F,IfcBuildingElementPart,(#815159),,,,,Storey-1,True
2Kk3sH37L3duZmTNVw5ByP,IfcBuildingElementPart,(#815405),,,,,Storey-1,True
0Z8gURmaD6Ov7BNgTPeACr,IfcBuildingElementPart,(#815007),,,,,Storey-1,True
0Z1JVq2Qn96PUhz_GtcjF1,IfcBuildingElementPart,(#815499),,,,,Storey-1,True
2qyI2WErj3Tv2I_EJGnqX4,IfcBuildingElementPart,(#815083),,,,,Storey-1,True
0s$U3LxcvDQg2lr0NY4zfm,IfcBuildingElementPart,(#815852),,,,,Storey-1,True
0GjgAcL0HESAykMs_MSNWi,IfcBuildingElementPart,(#816387),,,,,Storey-1,True
2h60EGepz19Q_wQSHg7WzL,IfcBuildingElementPart,(#816235),,,,,Storey-1,True
2vlHS2r6D028yXUCEtt6DU,IfcBuildingElementPart,(#816463),,,,,Storey-1,True
0REF5fR5H95wuPxTbuQqNf,IfcBuildingElementPart,(#816083),,,,,Storey-1,True
0KM2ekZrj7HBzJ8KrQ2LHs,IfcBuildingElementPart,(#815931),,,,,Storey-1,True
06bmH5H2f7PwrwcwNQBfle,IfcBuildingElementPart,(#816311),,,,,Storey-1,True
1T6ihyLrf8cAcG1t3z$4Vg,IfcBuildingElementPart,(#816159),,,,,Storey-1,True
16GkLOUm567Qf6VRJYdtUA,IfcBuildingElementPart,(#816007),,,,,Storey-1,True
1bHyLkS8HCP8azaHk9rdii,IfcBuildingElementPart,(#816539),,,,,Storey-1,True
3rse2XgBf8dwzKPHdfDSCJ,IfcBuildingElementPart,(#816624),,,,,Storey-1,True
314nmbZ7HBDhgvNf$nWLZe,IfcBuildingElementPart,(#817780),,,,,Storey-1,True
0GtmN_fE51evDiXaOscUOg,IfcBuildingElementPart,(#818239),,,,,Storey-1,True
3j$ubO9uLAhA8xJmwd$NZF,IfcBuildingElementPart,(#817935),,,,,Storey-1,True
24VVp2_LrAYPfYBljEToY7,IfcBuildingElementPart,(#817859),,,,,Storey-1,True
01t_$zsHf4QBUR9wq1RCjQ,IfcBuildingElementPart,(#818163),,,,,Storey-1,True
2XaJiG$B1DFAkXenfXDi6D,IfcBuildingElementPart,(#818087),,,,,Storey-1,True
1lrLRNAqf2KuCT7qFWXreO,IfcBuildingElementPart,(#818011),,,,,Storey-1,True
0XV0kuTl1BSebEd4P9Vfr1,IfcBuildingElementPart,(#818315),,,,,Storey-1,True
1$GRf46YX2wAX6OawVVDUC,IfcBuildingElementPart,(#818552),,,,,Storey-1,True
3Ub7GJ2PzFvxn9PaP6OnuB,IfcBuildingElementPart,(#818391),,,,,Storey-1,True
0yiGG7UKH2Wf5nFCpBiJL3,IfcBuildingElementPart,(#818467),,,,,Storey-1,True
20eFEDl5LCCeH7QLTbNVYz,IfcBuildingElementPart,(#805999),,,,,Storey-1,True
0b$85n8SbA$R$1USizDJ2E,IfcBuildingElementPart,(#805923),,,,,Storey-1,True
3MDI01qX14ovcP3ZwYoHJU,IfcBuildingElementPart,(#806303),,,,,Storey-1,True
3H_icWsrj1vR38MCxX_w$V,IfcBuildingElementPart,(#805616),,,,,Storey-1,True
3GZ8We0Rj7sxQVBVmtFlfu,IfcBuildingElementPart,(#806227),,,,,Storey-1,True
1fk2d9IlnApQMJt01kg$ta,IfcBuildingElementPart,(#806151),,,,,Storey-1,True
1Hz0jZOzjEp8Mcr6w4ZsAx,IfcBuildingElementPart,(#806388),,,,,Storey-1,True
3HiVka_G5CXgtvN5OFUgBl,IfcBuildingElementPart,(#805695),,,,,Storey-1,True
2HY4RG2Hj0IeGdzF2VRt0j,IfcBuildingElementPart,(#805847),,,,,Storey-1,True
0zF2OybCz0VwfvCgLjUQyY,IfcBuildingElementPart,(#806075),,,,,Storey-1,True
0eSJ85tzX7quW56AZkGYYq,IfcBuildingElementPart,(#805771),,,,,Storey-1,True
2$$qIQZObC_hQouSDXYG4r,IfcBuildingElementPart,(#816816),,,,,Storey-1,True
2UHMximhD6ZvE59GQ3PN3$,IfcBuildingElementPart,(#817427),,,,,Storey-1,True
2On$BHIAXD9usl0iD0Lgir,IfcBuildingElementPart,(#817588),,,,,Storey-1,True
3YiExhiwb5Guio$5dGHpUs,IfcBuildingElementPart,(#817275),,,,,Storey-1,True
0Ss1sKfF9Dq9oNk4BWwJ4W,IfcBuildingElementPart,(#817199),,,,,Storey-1,True
0oAoJAzqDBXBz2GIrvNShJ,IfcBuildingElementPart,(#816895),,,,,Storey-1,True
2_Imh3nJ52ku8rgAyr7E$D,IfcBuildingElementPart,(#816971),,,,,Storey-1,True
3rG9heVzjEFv1ia01eL4zr,IfcBuildingElementPart,(#817503),,,,,Storey-1,True
3BegbaDpX9Q9Q8UEyPQ9N7,IfcBuildingElementPart,(#817351),,,,,Storey-1,True
20tHE$OazC3ek_IcqS0g6C,IfcBuildingElementPart,(#817123),,,,,Storey-1,True
3s6ysPHDv5vQKWVwwZe08W,IfcBuildingElementPart,(#817047),,,,,Storey-1,True
3FgZlj5ML85euwpPg2u2DF,IfcBuildingElementPart,(#851044),,,,,Storey-1,True
30oKLS5eDFMQ9GOLfJWdV3,IfcBuildingElementPart,(#850465),,,,,Storey-1,True
3QKiFYzof5lfGkKohJsv$e,IfcBuildingElementPart,(#859577),,,,,Storey-1,True
1rNJdj3E54Yfw84pHMfUyO,IfcBuildingElementPart,(#860088),,,,,Storey-1,True
21ez1OFu50GhKSBhenFkt0,IfcBuildingElementPart,(#810596),,,,,Storey-1,True
3E5R1wTgT1zu7Kgi6qbHmG,IfcBuildingElementPart,(#811132),,,,,Storey-1,True
0fCk1S9Iz6ue6HamDgt0MB,IfcBuildingElementPart,(#806887),,,,,Storey-1,True
3APXidRtXE1QjNyAiK3Clp,IfcBuildingElementPart,(#806963),,,,,Storey-1,True
3xCtn9ph916hrodnDWx9_7,IfcBuildingElementPart,(#807039),,,,,Storey-1,True
1KluSWom50ruxJKDZ6niGp,IfcBuildingElementPart,(#806811),,,,,Storey-1,True
3WdFISsVnBWe4qETLPlVKg,IfcBuildingElementPart,(#806659),,,,,Storey-1,True
1Uiaa$qln3puxJ_cQd0IwO,IfcBuildingElementPart,(#807115),,,,,Storey-1,True
2CjA_sfcT3PfxJitHfKjDq,IfcBuildingElementPart,(#806735),,,,,Storey-1,True
2dJToL31T8Heht7tH5cU37,IfcBuildingElementPart,(#807191),,,,,Storey-1,True
3NnzhbSyX399mHX18A$NuU,IfcBuildingElementPart,(#807352),,,,,Storey-1,True
2Wh5r0Wm58mBXdQZ4HkNBd,IfcBuildingElementPart,(#806580),,,,,Storey-1,True
1t9h5jFZDCHBAbtRiFUuhX,IfcBuildingElementPart,(#807267),,,,,Storey-1,True
1OWV9Z1kL7e91pdZsbVSLO,IfcBuildingElementPart,(#490968),,,,,Storey-1,True
2qi1jqgTfAZOk4nGEQWFXt,IfcBuildingElementPart,(#491389),,,,,Storey-1,True
3LtviPV1X2cxQJ2ulLYKq7,IfcBuildingElementPart,(#495959),,,,,Storey-1,True
1NsVJc8Q13TBT15veqO1Fw,IfcBuildingElementPart,(#496146),,,,,Storey-1,True
18q3hpxXX90xFzGPEY7Exb,IfcBuildingElementPart,(#497365),,,,,Storey-1,True
3HjcA0XMP75QfYeayPuggj,IfcBuildingElementPart,(#497178),,,,,Storey-1,True
3Slw4Bfvj7wvBJ3jNGy$qe,IfcBuildingElementPart,(#496977),,,,,Storey-1,True
0JYMkRf4f02BGanNYGfZ99,IfcBuildingElementPart,(#496701),,,,,Storey-1,True
3X4Q59ljH8RRD6u0weBam7,IfcBuildingElementPart,(#499621),,,,,Storey-1,True
2EsOW8_yP66x40mwJ9X3bw,IfcBuildingElementPart,(#500042),,,,,Storey-1,True
0eNtjBybb2tRbXf$U_u_Oh,IfcBuildingElementPart,(#494176),,,,,Storey-1,True
1cRuv08cX5I8fY6hHFM45P,IfcBuildingElementPart,(#494363),,,,,Storey-1,True
2e5Iao5VL9hxEoWzNqRzrr,IfcBuildingElementPart,(#503405),,,,,Storey-1,True
2up1ophy56vOuqNJUCGsoR,IfcBuildingElementPart,(#503826),,,,,Storey-1,True
2wTQyAVz98tPRvayzU$k6m,IfcBuildingElementPart,(#493788),,,,,Storey-1,True
2EJN8xlV55uAKW2Bx8eBKw,IfcBuildingElementPart,(#493975),,,,,Storey-1,True
1BJsc2krfAVREg_fr6k54s,IfcBuildingElementPart,(#501513),,,,,Storey-1,True
3xOMI8OOX7Z9zKRcyBFCnv,IfcBuildingElementPart,(#501934),,,,,Storey-1,True
36T2FBTCbCreQRCMoJWIvP,IfcBuildingElementPart,(#493303),,,,,Storey-1,True
2YvQ1MGzr8L838Mxf4VtSG,IfcBuildingElementPart,(#493579),,,,,Storey-1,True
2HurnQJ9rAjwpJ$kFfBHZt,IfcBuildingElementPart,(#502880),,,,,Storey-1,True
3c8WFT7Ar9MQptLRfMHesy,IfcBuildingElementPart,(#502459),,,,,Storey-1,True
2Y$JAVHRD03guRUEUS1Qfm,IfcBuildingElementPart,(#495370),,,,,Storey-1,True
2T_xF_Rnn6PAw0fXYPMrfk,IfcBuildingElementPart,(#495094),,,,,Storey-1,True
0R_gWpYtH8eg9XK5bK3GCJ,IfcBuildingElementPart,(#495758),,,,,Storey-1,True
0GhiZL38n1SfTTQtA8wI5H,IfcBuildingElementPart,(#495571),,,,,Storey-1,True
3I7hg5VEP0duJyqNFK45Zg,IfcBuildingElementPart,(#500567),,,,,Storey-1,True
0cevSGj6j3fO1EeNF1bkOw,IfcBuildingElementPart,(#500988),,,,,Storey-1,True
1pkaLNlpH9NAFgu$xlMYeJ,IfcBuildingElementProxy,brievenbussen_(#269096),,,6BA378D8-9B6D-4850-85A5-74893AEB3709,,Storey-1,True
2numwt4uD6P9jFOP0bG7iO,IfcBuildingElementProxy,hwa afvoer_(#707142),,,18CF01E6-0A20-4CD9-B141-46E69A48CE2F,,Storey-1,True
0ypQzt3KjC8gadb3e_ZQbk,IfcBuildingElementProxy,hwa afvoer_(#602623),,,2903952A-D053-400B-8691-C05450BAB353,,Storey-1,True
0oBzJgs8HAxxFe1jMo_GHm,IfcBuildingElementProxy,hwa afvoer_(#602799),,,B13369CB-E0FA-4E74-B0FC-D44926229DCC,,Storey-1,True
1A4WSrDN97l8JjjfU_89K2,IfcBuildingElementProxy,hwa afvoer_(#707232),,,B574C09B-4CB7-41A5-BC32-A10CF28C06AF,,Storey-1,True
11kma3FaD93RD64pQdQfWb,IfcBuildingElementProxy,hwa afvoer_(#707928),,,19E5ADD8-7BE2-4AA2-846B-EDCEAE274709,,Storey-1,True
1o4UA4brTFdQ8jpZzeSYkf,IfcBuildingElementProxy,hwa afvoer_(#601409),,,4A28726B-8FE8-4566-A624-4D6110B41431,,Storey-1,True
2C1ABXcKHCNfz3$mYZnCVW,IfcBuildingElementProxy,hwa afvoer_(#600189),,,155A5126-1063-48CA-80F5-84694FFF05E7,,Storey-1,True
05$TyfrYz2Q8HNgsEgYU54,IfcBuildingElementProxy,hwa afvoer_(#771661),,,E4A28989-BFF3-4B92-8CDF-6CE772C2D262,,Storey-1,True
2jhwLdX$TFPvXcR1s4RD_V,IfcBuildingElementProxy,hwa afvoer_(#600799),,,FC01A01D-DD7A-4B17-ABEC-CF8CF71BFA44,,Storey-1,True
0A3pJed399UgN1sPQmXOBG,IfcBuildingElementProxy,hwa afvoer_(#602714),,,18224673-4708-43A3-B05E-64988FCF0B08,,Storey-1,True
25p3WhRLD0_w$xNOSm6nFF,IfcBuildingElementProxy,hwa afvoer_(#600274),,,E2ECB90A-1F90-46EF-BAB6-43CCD3DB3B0E,,Storey-1,True
1ZceQ2vz53Hgod7kmKEEo1,IfcBuildingElementProxy,hwa afvoer_(#601146),,,026E3B8C-3567-41CD-A747-21C98005F68E,,Storey-1,True
16q$PXFN1CUAbPs8UE7jQx,IfcBuildingElementProxy,hwa afvoer_(#707843),,,A54213C6-464F-4731-AAAA-7568F37BF40C,,Storey-1,True
2iPBo0Eej6qOwXOgvS7SwW,IfcBuildingElementProxy,hwa afvoer_(#600536),,,CC06AF67-2C71-40B9-BEA2-501B753A51E7,,Storey-1,True
0kd6D5Jdz2B9x0TvLpXVIJ,IfcBuildingElementProxy,hwa afvoer_(#621600),,,878F1FF3-DB68-4DE4-A962-D4BE4DF65FFB,,Storey-1,True
10CzyBevHEV9_u2Sp$o5b1,IfcBuildingElementProxy,hwa afvoer_(#600098),,,2DDE1428-AD9A-4032-AC89-6E8F1E7BA21B,,Storey-1,True
3AxWclgZH5COPbQoCWS_$4,IfcBuildingElementProxy,hwa afvoer_(#601672),,,44D944D7-DA60-4BE9-9F72-AC7379BDE9F0,,Storey-1,True
17OZ3tMsz3lA0reqd2UKpv,IfcBuildingElementProxy,hwa afvoer_(#601757),,,EC7146C1-090E-42D0-A99D-7CB40901E26F,,Storey-1,True
0xaz6ArkH6DBsxbTdqLIs4,IfcBuildingElementProxy,hwa afvoer_(#771571),,,2CB1DFD8-A85A-41EF-9B82-18E854A6A7CB,,Storey-1,True
1rmRocx450O8YTBo$ntP$e,IfcBuildingElementProxy,hwa afvoer_(#600884),,,C19CD7FE-63AB-465F-A2CC-D98BEE05AB53,,Storey-1,True
1OC3EFAfDD581YM8GdBVPG,IfcBuildingElementProxy,hwa afvoer_(#771480),,,31A7759D-8D8A-4463-BA09-17E919AAE1E1,,Storey-1,True
0sEWuC$e5F4BMb9D6srV$y,IfcBuildingElementProxy,vent. rooster_(#758176),,,3D887C72-439C-4F5B-9ED6-16EBB63F12E0,,Storey-1,True
2kuyCrcqr9fRvnAcO2UEXq,IfcBuildingElementProxy,vent. rooster_(#756925),,,2BF90DF2-419D-4776-806A-51BC2563BDAB,,Storey-1,True
14W2ODD9D2ugsAl1GpdsKE,IfcBuildingElementProxy,vent. rooster_(#758393),,,8CE520BC-BC2C-4BA1-9158-5E65A2F41215,,Storey-1,True
0K9EicRfbCixHbvBpi6dVW,IfcBuildingElementProxy,vent. rooster_(#756704),,,F6F4CE2B-37EA-4EF1-93AF-E0EF49705EEE,,Storey-1,True
2jIs0UFez78OFa7lfe8vj9,IfcBuildingElementProxy,vent. rooster_(#757359),,,42E886D1-86C9-45ED-80A8-CB3418380A19,,Storey-1,True
3BQjcHoSHBiOZNfps25yDJ,IfcBuildingElementProxy,vent. rooster_(#757742),,,C3E01C86-77A2-432C-8003-3F656DD8668E,,Storey-1,True
3hBKRY1W52L8sPliSZ3g3L,IfcBuildingElementProxy,vent. rooster_(#757142),,,7F116CD2-F6FA-48B4-ADE1-894701E21D45,,Storey-1,True
2jT7ByFNrFcAUythG4AQhq,IfcBuildingElementProxy,vent. rooster_(#757959),,,3443D355-80C0-4FEF-9472-2F2BB319FA96,,Storey-1,True
2JCDyo9X9799WRv73riZQB,IfcBuildingElementProxy,vent. rooster_(#757613),,,E9BDF7DE-DA9A-4A66-86E0-10B187611CB6,,Storey-1,True
3jzp0$2Rr0DB1IRH6cx$lR,IfcBuildingElementProxy,kozijn_(#780325),,,D6C5739E-529F-4D69-A4A6-F8A38F244F1A,,Storey-1,True
2YSTKaHE5EvPgbSV56z46M,IfcBuildingElementProxy,hwa afvoer_(#447121),,,032DEE83-D6DC-4762-B08D-A5EBA28AD567,,Storey-1,True
3uhzPBH0X1zxEH0TvMIA49,IfcBuildingElementProxy,hwa afvoer_(#330948),,,4F3DCD1F-5305-4087-ADFB-019147A50EF4,,Storey-1,True
3y8duOLdfDFx8jpamrKlLU,IfcBuildingElementProxy,hwa afvoer_(#449555),,,2F38D5ED-22B8-4676-AC05-C1E43C546CAB,,Storey-1,True
0PtrAj7DHF$fx4kezP4EN2,IfcBuildingElementProxy,hwa afvoer_(#449117),,,1F279A49-97EE-49F3-B9D6-1C367AC9CE85,,Storey-1,True
3Pf_f6gDX7FBdEvr3XKvtX,IfcBuildingElementProxy,hwa afvoer_(#448855),,,72D1743E-6A53-461F-8D7C-2A2C84ABE750,,Storey-1,True
0sWZXOlz1B0x0P0Kur0pCb,IfcBuildingElementProxy,hwa afvoer_(#449646),,,3F6EB09D-BA52-4B97-969A-3C50A6DA9050,,Storey-1,True
3c5kB_oKX52e5sIPOEXlqC,IfcBuildingElementProxy,hwa afvoer_(#446775),,,B6AA1567-1E48-4224-93F4-3980C5C029CC,,Storey-1,True
3j2X_OIGHFKgdauBuday20,IfcBuildingElementProxy,hwa afvoer_(#446859),,,FBC7ABB3-7402-4A6E-ACE0-67ECD6AAF42A,,Storey-1,True
1HqFmLyK9C4PQ7FJiyCLdF,IfcBuildingElementProxy,hwa afvoer_(#454708),,,D2B3695E-46AB-4368-A4E7-9F23E2D8EF2B,,Storey-1,True
37FJt3ytr9RPDxrYXfW65s,IfcBuildingElementProxy,hwa afvoer_(#330495),,,BF9A68AD-CAB2-4C35-BAC6-807209A2772D,,Storey-1,True
1ntqkY9qv2eglyQVNqk9kC,IfcBuildingElementProxy,hwa afvoer_(#446428),,,62370487-22C6-471C-BBF7-446A44B2FB8F,,Storey-1,True
0n1loNVan089TdVzCWhv$n,IfcBuildingElementProxy,hwa afvoer_(#333562),,,AD89A856-4F8B-42AC-BD03-F60AC7EA2FBE,,Storey-1,True
3mirlG6PH6HfUBWKGlEIrJ,IfcBuildingElementProxy,hwa afvoer_(#334868),,,EC89AB8C-E3BF-42C7-AEF3-C6023FBA744E,,Storey-1,True
3tsVE10uv9yf88aQvhR29P,IfcBuildingElementProxy,hwa afvoer_(#324409),,,57C09737-7EA7-4E69-A40B-160624BC1DAC,,Storey-1,True
2PVT_boPL9Q9StvNLcCVSx,IfcBuildingElementProxy,hwa afvoer_(#321803),,,1875CA2E-3DD5-4E70-AF70-63E8F6382C45,,Storey-1,True
2LNZLracX9ZRoQL0kgQR2L,IfcBuildingElementProxy,hwa afvoer_(#325393),,,915A0BB3-3360-4E42-AA20-696D8441BB14,,Storey-1,True
20PxMH0eDCBg$qBtV$vBP5,IfcBuildingElementProxy,hwa afvoer_(#449292),,,7E121C4D-ACB4-4B3A-8D7C-59627AFAFFF6,,Storey-1,True
3sYD4Jiqv3Ux6cKDWOCw9L,IfcBuildingElementProxy,hwa afvoer_(#589390),,,90A4E33C-541B-4FD2-AD01-B6E75F391872,,Storey-1,True
3H73p0zrP5tBHJWW62oU6S,IfcBuildingElementProxy,hwa afvoer_(#449202),,,965E56E1-2518-40C5-8C05-723F4C5D7F9F,,Storey-1,True
3wc64qGZ54YxsHs9acVg$x,IfcBuildingElementProxy,hwa afvoer_(#432025),,,ED478390-20D9-489B-9ADF-74138F1F2535,,Storey-1,True
3H59kdzNvCKQNhX6KMCs15,IfcBuildingElementProxy,hwa afvoer_(#454971),,,13CB9B8D-989C-47BA-95FC-BB69BC0982FE,,Storey-1,True
3xFe8flXj3xvuKY84uDcJO,IfcBuildingElementProxy,hwa afvoer_(#446690),,,3D2DC9A9-A6EB-4CE7-B85A-6155B2FABD7A,,Storey-1,True
2ZIM53jLf2MxlvFfkIM4SK,IfcBuildingElementProxy,hwa afvoer_(#447550),,,1E041471-3952-49B8-901C-BCE7D6C57C54,,Storey-1,True
2wcbSVRgH15vrkwsczPIbf,IfcBuildingElementProxy,hwa afvoer_(#332254),,,F17B9744-CC03-4692-80B2-D21204620432,,Storey-1,True
3wqs0DtObEThkbbchGLgi9,IfcBuildingElementProxy,brievenbussen_(#193475),,,F333E167-D50D-4409-A061-1642E91505BD,,Storey-1,True
0mj58X3M5AGQd$B4ckOU2U,IfcBuildingElementProxy,brievenbussen_(#195687),,,29CC2A0C-7028-42FB-9494-D3AE1594AF1A,,Storey-1,True
1VvbWnlGXCMObef9uYCq7k,IfcBuildingElementProxy,brievenbussen_(#195778),,,1B66E042-2133-4580-9DF3-1B7E3FC24A75,,Storey-1,True
2IoG3xwyH2DwvbCMK$s4nq,IfcBuildingElementProxy,brievenbussen_(#195596),,,B328A351-52EB-49EF-B9B0-CE22140D7837,,Storey-1,True
3B5ltH7$z9FvQ2yasX5xcm,IfcBuildingElementProxy,brievenbussen_(#195869),,,DCE83863-4562-4896-B7B5-5DC9A6818CA3,,Storey-1,True
3YZXBdIqf2X8R2q35xDGjS,IfcBuildingElementProxy,brievenbussen_(#196051),,,1F36ADE7-5D85-471B-B19C-59FDE79E1E3B,,Storey-1,True
2zFL9Er6D3Tx6ycPBo58gY,IfcBuildingElementProxy,ROOT nulpunt_(#23680),,,B65B49F4-49E1-4B60-BA1A-CFE70346DD78,,Storey-1,True
3HeSZYbl547hwko6Su5RkZ,IfcBuildingElementProxy,brievenbussen_(#193630),,,287BD55D-6A4A-4EC8-A8C1-0A5FD406D2AD,,Storey-1,True
23xCjN2P5C5Asi41elAtsh,IfcBuildingElementProxy,brievenbussen_(#193376),,,D8D0748C-DB04-4FC4-922A-1F059CC50B27,,Storey-1,True
0JUPEVYMPFkxt8JSOXrsbn,IfcBuildingElementProxy,brievenbussen_(#195960),,,1192602B-8BCE-4EDB-BDAD-B11A71B8CA18,,Storey-1,True
36IY1PH2P3CQTC5Xu1bhx6,IfcBuildingElementProxy,bellentableau_(#195505),,,EC51A4B7-7140-48D8-B646-FC8120ADDE12,,Storey-1,True
2JDq$rfU1FdfinQSfVehki,IfcBuildingElementProxy,hwa afvoer_(#39881),,,DDDE91EF-B0DB-4671-9E5C-C92FBDBA5C55,,Storey-1,True
0WuWnwrCP1Ixa3Ad9AkJjG,IfcBuildingElementProxy,hwa afvoer_(#182116),,,52240AA3-F6C6-472C-B137-BA51C172C5FE,,Storey-1,True
2TlMV12w1DsvxMmNpZfhtH,IfcBuildingElementProxy,hwa afvoer_(#182207),,,7EC115EC-E0E6-49CD-A4DD-AD12D8D1C00E,,Storey-1,True
2nmmbX$SzDpPkDMvR_2ypD,IfcBuildingElementProxy,hwa afvoer_(#40785),,,FEF3C713-5991-480A-999C-E27E07810020,,Storey-1,True
0bDCp4DUHB7hLZ4Qb0ISCi,IfcBuildingElementProxy,hwa afvoer_(#182561),,,220FEBD1-B689-4C41-8805-1C573DF27E7D,,Storey-1,True
1n7ss796v9uPyvzjeEfj8F,IfcBuildingElementProxy,hwa afvoer_(#182470),,,5462E72B-7B37-4C58-9B6B-EB7302BBA807,,Storey-1,True
0AFlgCDf92lgPErZ5PPHRZ,IfcBuildingElementProxy,hwa afvoer_(#299018),,,753188BF-3E6F-445E-9056-CA8F58937D3D,,Storey-1,True
1zEu6WPyvA19GLjd4Yr0pF,IfcBuildingElementProxy,hwa afvoer_(#40694),,,CD4ED788-406B-41ED-834A-95A7FB49E6BD,,Storey-1,True
1A1TC0U6f5wRyeoB8TlcqL,IfcBuildingElementProxy,hwa afvoer_(#42091),,,25DFEC5B-6BCA-4D5C-88A9-6EDDB27D1560,,Storey-1,True
2qht2ekpP7JgBb1I$n2K6g,IfcBuildingElementProxy,hwa afvoer_(#183443),,,A2C353DB-A2A6-416D-B2B0-C439B1513FBF,,Storey-1,True
2A8UjXfuTDpu0WQUfopJXL,IfcBuildingElementProxy,hwa afvoer_(#46029),,,569934D5-85DB-42A2-A7EB-CE2F049BB469,,Storey-1,True
0C0fRhZsf9cu$DpuMbR86T,IfcBuildingElementProxy,hwa afvoer_(#42994),,,8A0E2A4F-74A1-4F7D-BA68-F962FEC57222,,Storey-1,True
0iLNVBAj50FxWtuczk60Ot,IfcBuildingElementProxy,hwa afvoer_(#44513),,,B61548BC-B6DD-437D-BD10-C742D0F5C598,,Storey-1,True
3E_ggczv50Ffk62oRsIcSO,IfcBuildingElementProxy,hwa afvoer_(#178751),,,B81A38B7-1F95-4176-B883-233D6B115017,,Storey-1,True
3ms4HBRPb2effaRZQOSadK,IfcBuildingElementProxy,hwa afvoer_(#183352),,,38693A41-36D1-4C04-BCF4-A3245498C52E,,Storey-1,True
1XKgtme1X4fP2K4OJnNfqe,IfcBuildingElementProxy,vent. rooster_(#275478),,,C67E5B33-B4F8-4B16-BB54-4EC9CDE83395,,Storey-1,True
3CIoeQG715PeDqJQrPUad5,IfcBuildingElementProxy,vent. rooster_(#87620),,,C27D2E70-0BE6-4729-A469-925F69C0ED12,,Storey-1,True
0C2_YzlMD418fDXrk79$Fl,IfcBuildingElementProxy,vent. rooster_(#274659),,,A85A7D50-DCAB-4D9E-97EC-8833763CD8C2,,Storey-1,True
1vfh9Px09BSxpXZRKc744y,IfcBuildingElementProxy,vent. rooster_(#274530),,,4DF05C20-2F12-433C-BC9D-EE8F073527D8,,Storey-1,True
2h2syGAWr1h9XBf4JKxO_$,IfcColumn,balusters_(#734980),,,1B8770DC-83C8-475D-AC1A-A95B485B7571,,Storey-1,True
1INQK35Fr6svvemgEC5lb3,IfcColumn,balusters_(#731877),,,E0E8F0E3-7BC5-43FB-8626-E6B55DBF4813,,Storey-1,True
05OQDdgs53vheydKRQ5oSp,IfcColumn,balusters_(#734382),,,F2FB09A7-C7EE-4D93-9AA8-56DA992F7BBE,,Storey-1,True
20lXcjrev4dx5uwiwcMI3U,IfcColumn,balusters_(#733899),,,4525AD5D-D9A9-49F7-8208-8792C820A0A3,,Storey-1,True
2b$_mtp3PC1e3qY2l19Y2w,IfcColumn,balusters_(#733600),,,55FC7EBE-E766-4260-94B6-C4E5C59C1C63,,Storey-1,True
1X9r8GGlL6vgiLrcpHgb77,IfcColumn,balusters_(#734290),,,19E97156-50CC-4E5F-8101-0DB44BD42D8B,,Storey-1,True
3XWigLhEf1Nx3aD7Qf6l8G,IfcColumn,balusters_(#734198),,,165A4C5C-ED27-4C2D-B16B-D37C1F6A9DFF,,Storey-1,True
3F9obV8i1Ftw1lNx$KsHKp,IfcColumn,balusters_(#734681),,,4CF82B4E-F673-4E50-8879-03133D8A705A,,Storey-1,True
0opKvn$Kn92Ba4iSG3fr1O,IfcColumn,HEB220_(#796793),,,272B2A6D-4BC4-4F58-952A-4ABD35C41D98,,Storey-1,True
0Efuey12H6FPv9Y6VQe0Np,IfcColumn,HEB220_(#796965),,,437D0DE3-ED07-4012-A81A-907297754E0D,,Storey-1,True
1KL7epqoT8nBX1xchX2VLG,IfcColumn,HEB220_(#796621),,,0356D66B-2999-478B-A98C-A4C52DC8BCC0,,Storey-1,True
1pQ12lBrLDAwKd3Ht3owRz,IfcColumn,HEB220_(#786318),,,968FE145-72CD-4026-A2C7-2CB05372D896,,Storey-1,True
2PXnpw6jTD$hRhNn0s2C6_,IfcColumn,HEB220_(#796449),,,3E07F8EC-93B8-4B50-AC92-A0073D3F6F04,,Storey-1,True
1y_UtPM950gOVxQi0e4jJ3,IfcColumn,K80/80/4_(#418933),,,D8D60E59-F405-450F-97D5-626ABE7F10D0,,Storey-1,True
2LpkQ0bbn6kQuRiiUXpap$,IfcColumn,K80/80/4_(#313043),,,E36E2B3C-5CF4-4022-B771-BEDFBB2E91AC,,Storey-1,True
02WUemOwr2_OacqKsqoKQe,IfcColumn,K80/80/4_(#373820),,,41C320C3-7B35-4FB7-A626-665727D31AA7,,Storey-1,True
3DidM0BvXC8A0EOxsKrNC7,IfcColumn,K80/80/4_(#383266),,,4CD90AF1-6E43-4A94-8197-33233A30023B,,Storey-1,True
28iGOAB4L2VARaniZOboqL,IfcColumn,HEA180_(#419554),,,578A57D4-C375-4389-908A-875C1C24F563,,Storey-1,True
21ZsmR1Mn0gR7CxhpatUXH,IfcColumn,K80/80/4_(#54097),,,0392E810-1AD3-458B-97C2-152B300C21D6,,Storey-1,True
30jl1edBvBPfebRtaHDGsW,IfcColumn,K80/80/4_(#96764),,,B10EB8C9-3494-47FA-B561-5362DCFADDFA,,Storey-1,True
2O09s1CPX5GR4lx$acabJc,IfcColumn,"K152,4/12,5_(#42541)",,,121D5DFA-9758-4F28-9FA1-14BADEA6E4AE,,Storey-1,True
3Fk7zTycf9ehrJpzoRhyDE,IfcColumn,K80/80/4_(#54265),,,6816D365-DB0F-4D4B-B93E-AD4D5A0034C4,,Storey-1,True
1SrTDKsxHBiQZ0Mf0wFQjg,IfcColumn,K80/80/4_(#96928),,,9EDC31B8-577B-404E-B0EF-62150133CEC8,,Storey-1,True
0zyUt7Op92ohmvaFcxHw_H,IfcCovering,gevelisolatie_(#658005),,,AD8B0634-17B5-4215-B38F-00C526D39543,,Storey-1,True
3DzHh2hEf2cfG2rBco17le,IfcCovering,zinkwerk_(#730061),,,B3CC4A57-A33F-4E09-94D9-63B7BE2A1FF9,,Storey-1,True
29yI8Mmq18Bg1NUzUVW3NP,IfcCovering,wandtegelwerk_(#775445),,,842009D8-51CE-4F31-BCC6-14035A1DED83,,Storey-1,True
0EQOjr5hb6w8lSyND6HZPK,IfcCovering,gevelisolatie_(#653836),,,438D912B-D0C1-46DB-88A4-3F3DB5D3D9EF,,Storey-1,True
2_4WuY1Gn8EQF5jIb5rID7,IfcCovering,gevelisolatie_(#658787),,,BA78BEA4-0117-432F-912C-C1A16E13D71C,,Storey-1,True
1Mc$7nqE96p9yvD4aXnvof,IfcCovering,gevelisolatie_(#720799),,,DAE6AD5F-5D4B-473A-8AB2-9E5C5F9D9F9C,,Storey-1,True
0hxErwwGD1IgfPUTpt_YFZ,IfcCovering,gevelisolatie_(#625854),,,A3CB1A32-A959-4967-BC36-8A5789031276,,Storey-1,True
1oTrIpqvD5i9QOfaTVL_KY,IfcCovering,zinkwerk_(#721840),,,98E9A7B0-9D2F-4716-A41F-31B067275D9C,,Storey-1,True
1Jd$UPtZ91UumSoKgf6Kks,IfcCovering,zinkwerk_(#723874),,,9E8085F8-CAF1-456F-99A2-A524AA0B710F,,Storey-1,True
2987RLfw145RKuiCftF0$O,IfcCovering,afdekker_(#667084),,,FE70F2FC-27C0-479C-B6C7-2F0B16E426AC,,Storey-1,True
0eOS_CgEDAGxJvCAAJBPmq,IfcCovering,zinkwerk_(#725064),,,9FD06060-0377-4C8A-8BBB-C01F8FD69E06,,Storey-1,True
3Co909rBL3yQJjks5zCZqc,IfcCovering,gevelisolatie_(#658981),,,22B24554-F767-4B37-86F4-9F5BC5B32785,,Storey-1,True
3tbJ$QqQv4wwYaBIZEbTMZ,IfcCovering,afdekker_(#667290),,,A2EE4A0D-F3F6-402F-8B51-75828FCC37DA,,Storey-1,True
1RqgWtCSr6lAsuRJ5utuxr,IfcCovering,wandtegelwerk_(#772970),,,051D6374-3CF9-45D2-AA31-946BC60D7116,,Storey-1,True
2a5w436wX8Zgk$74QE0e2b,IfcCovering,afdekker_(#739532),,,0C0457A8-F2CB-494B-BFBF-84668A202911,,Storey-1,True
2Y0mAz5Q56dAORfwpOyUsR,IfcCovering,wandtegelwerk_(#775742),,,9626A2AB-2A6F-4723-B51C-4C9F9135C735,,Storey-1,True
3koZ27axXFzQvW$ENWLZtV,IfcCovering,gevelisolatie_(#635318),,,8C12A295-320D-4A04-B3AF-6B8370C70C4D,,Storey-1,True
0STRgvG211BQdM1w3Jgm5r,IfcCovering,afdekker_(#672091),,,12406D8F-1C2B-483E-86C8-91B4941389D1,,Storey-1,True
3wrnt8$YL0XecVy87yHbrX,IfcCovering,zinkwerk_(#724826),,,FD5A5EB8-3D52-499E-BA5D-FE5C6531E6AB,,Storey-1,True
3SXjiq_mj5HRWNw4pATINu,IfcCovering,gevelisolatie_(#658195),,,FD2A662A-6183-41A7-89B7-E908437B5E99,,Storey-1,True
1S9Fkoo0j4k9IifkGVL2TZ,IfcCovering,gevelisolatie_(#648507),,,0012641B-954F-4928-A20A-E02E975AF440,,Storey-1,True
0_z_dLam5EW8sIRTDFw93Q,IfcCovering,zinkwerk_(#722316),,,95252069-93A1-4B44-82C7-9C3784C80B86,,Storey-1,True
2vqHW5Qi93a9kNfhVdHi22,IfcCovering,gevelisolatie_(#635127),,,40466A05-97F0-4129-9C05-F0458493258C,,Storey-1,True
3jAqpCbZ5BZgfx_7te3yGX,IfcCovering,afdekker_(#665426),,,E610E26F-7226-4EDD-9D43-F76639B494F9,,Storey-1,True
0C9Q$TFFb1o8ceWer7EVSZ,IfcCovering,gevelisolatie_(#690678),,,1FB0CECD-18BF-4DC5-80A8-57C666A8B5E8,,Storey-1,True
0AWH4hgV993glHIn40Vyze,IfcCovering,afdekker_(#668123),,,579B3DE2-43F2-4E63-B380-BEB7501094B6,,Storey-1,True
1bcORYwdzAmwG$aIFV30S9,IfcCovering,gevelisolatie_(#690260),,,558CFB88-7533-4B1F-92C9-39C3A9602B12,,Storey-1,True
3xAt$sHNj6iRoQtt8PqdvX,IfcCovering,plat dak_(#701011),,,EBD3CAC3-A72E-49E7-BE75-842538BE05FB,,Storey-1,True
3IjHPauEj5FuXRrnjZiBjc,IfcCovering,afdekker_(#664521),,,FCCC2122-F9F7-4AFE-A39E-FD2BABF787E4,,Storey-1,True
0dfMv5yZrD7wAQ0sYYy_AL,IfcCovering,gevelisolatie_(#626439),,,66CE2F6F-B259-45EA-A2DC-DB4B17B4E960,,Storey-1,True
2BjJOswdDEiOfA7oxw7hoz,IfcCovering,gevelisolatie_(#694940),,,7223DE88-8013-4BEE-BA78-D1975FB04022,,Storey-1,True
2wMOImDAD7AAcr61$rsv2t,IfcCovering,gevelisolatie_(#627978),,,EBB6F8BF-6F63-4AE0-B3DA-5538E633C4B3,,Storey-1,True
2QJsBa0nbELgLhBIsHvlB2,IfcCovering,gevelisolatie_(#658589),,,889CC66C-422A-4B64-8261-61896B36E58D,,Storey-1,True
0AGfyLU4jB9B9l7dd3WJLx,IfcCovering,wandtegelwerk_(#773389),,,32B242BC-500F-4B39-8B78-8236FACF3253,,Storey-1,True
36DJnw$fbDgRhi3bdKblzg,IfcCovering,afdekker_(#695174),,,3BBFA3F9-558C-4139-917A-A082B74FA1BF,,Storey-1,True
0NZrsPlUTFZQ5$Muf9tdCR,IfcCovering,afdekker_(#667711),,,A98A1AFC-1AD0-41D5-BD61-E8A5FC72EF12,,Storey-1,True
2B2wqw_iz4S8IkEl6$0m00,IfcCovering,zinkwerk_(#715520),,,57F6945C-B5AA-409D-9233-CC4F9A0186B5,,Storey-1,True
0hTqRztT5F5QlyGVpce904,IfcCovering,zinkwerk_(#740000),,,0A88E4ED-FA27-4593-A061-970FB96AEAA8,,Storey-1,True
1D9NVksfDCKhbLCCTWCze4,IfcCovering,zinkwerk_(#740117),,,1D6C72EB-EAC3-4F00-8C19-EF76BC92B555,,Storey-1,True
1_xi$0bgXAqOZLJFmeDuDr,IfcCovering,afdekker_(#666448),,,D17B1361-EC28-49A8-992F-EDC74457E36A,,Storey-1,True
1_gOOeEw173gIkBpewt3OJ,IfcCovering,zinkwerk_(#724350),,,663AF89E-76C2-4EC7-A6C5-3692B81CD95C,,Storey-1,True
33CJhx151BCBr5WFiOfLYg,IfcCovering,afdekker_(#691798),,,C47A0082-82D6-4A82-9199-F5B5D787ADAB,,Storey-1,True
3sZmfx4$zF6QJdb6AkUwb5,IfcCovering,vloertegelwerk_(#773704),,,41CCB27A-3294-4BBD-B095-25E9BE809AF5,,Storey-1,True
0DkB$K5OX8IwKgjary8NgC,IfcCovering,buitenblad_(#756451),,,E8B652B6-6D00-4F96-AB46-9F5A0FF7E60C,,Storey-1,True
3WVs7bYiv3q99tB5Zb77_R,IfcCovering,afdekker_(#623114),,,8F4416BE-126E-4924-ABB9-FAD7E04820A9,,Storey-1,True
1k7D07DPz4WuiFSMUb6fEg,IfcCovering,gevelisolatie_(#766181),,,6E49843E-9598-49D3-A805-AFEB18ACFD12,,Storey-1,True
3NHxfcZTX9GfzFovo$Bhix,IfcCovering,afdekker_(#692870),,,F2967078-E13F-491E-A27B-50E3AF0AAC18,,Storey-1,True
328fhyXNr0FhSRKmjcz_su,IfcCovering,gevelisolatie_(#691654),,,9020BADB-4AA4-4E59-83B6-5E6427174802,,Storey-1,True
3NPsOU7PDDIOVW7AroOwhL,IfcCovering,gevelisolatie_(#624699),,,6544DEFB-77D7-40D7-BFD8-2494C7F2F29A,,Storey-1,True
0PFZl8_E535xUeiFzO_q0c,IfcCovering,gevelisolatie_(#716768),,,BF3681CC-DF48-435A-ACAB-27DAACB5AA47,,Storey-1,True
0C6ozaXt18zQvcK555HqYd,IfcCovering,gevelisolatie_(#609972),,,80B1F5B0-85B7-4EB9-B552-E6255A0C2A4E,,Storey-1,True
3uscPz6g58Lf4$suAbdYsy,IfcCovering,zinkwerk_(#731604),,,5F438416-E226-46FA-93F4-EA399F802563,,Storey-1,True
3azBA$7gXAhRhut1qPfI46,IfcCovering,gevelisolatie_(#625469),,,2F458A92-C59D-4070-A7CB-EF97FD72C498,,Storey-1,True
1rRCF0SgL19AEmjpHfV73R,IfcCovering,zinkwerk_(#723636),,,CF717454-A338-4194-805C-A570ABFECC7F,,Storey-1,True
0OhhaL5t1EXAAfK8EJIHVP,IfcCovering,gevelisolatie_(#657623),,,1CFCF425-6A6D-47FC-9F5D-C94A853663A5,,Storey-1,True
2mPumzdbP7Xws7NgqN0lcD,IfcCovering,vensterbank_(#709063),,,82731068-59B1-43F1-B0FC-29239A21FF7F,,Storey-1,True
0z9mRaPFzFmOlRwk7ZjAhJ,IfcCovering,gevelisolatie_(#627398),,,DEB68C6F-D1DA-43E6-9E75-305283197CF2,,Storey-1,True
3NAxdGW4fCtvzAAdfuHhtz,IfcCovering,vensterbank_(#739416),,,360C2B11-3744-4C96-B7DD-4B8D5F04D581,,Storey-1,True
1CyErGzI96U93GN5exTq_9,IfcCovering,gevelisolatie_(#672876),,,17249ADA-7033-40F1-8AF2-C0A61E9F725A,,Storey-1,True
1zrU5SfyLAjfiHLSgzdu$K,IfcCovering,gevelisolatie_(#634121),,,C9698DCB-6125-435A-AD2A-ABB093FD3A3E,,Storey-1,True
3Pl_ZwQkzBNgpZrMh4LYJU,IfcCovering,gevelisolatie_(#602310),,,FE937CEC-0CC7-4D18-910A-0E4F2CDB3835,,Storey-1,True
1ixbiFNKT3ufaLmPGJQqn2,IfcCovering,afdekker_(#709835),,,396F223D-D41D-4251-9EAF-FD2F47898209,,Storey-1,True
1thprsRGfBleAf536xKqt4,IfcCovering,zinkwerk_(#731044),,,3FD6F439-F319-4CBF-B2ED-9316C18EDD06,,Storey-1,True
24$8uEXp90fOBkj5c_CO99,IfcCovering,gevelisolatie_(#599785),,,4F6C04A7-965A-402D-BA9B-5D314A78B216,,Storey-1,True
3ineOj4Z93Yu9WRNRHjlZ9,IfcCovering,afdekker_(#631824),,,8B75B53D-875D-4BF5-9885-D6AA7AC7E6B7,,Storey-1,True
2O1LpgiVfAN9DfWPF87qP1,IfcCovering,gevelisolatie_(#646270),,,6252994E-5CD9-4BB4-A74A-D8164943D0EC,,Storey-1,True
1I_p0thO19cQpqosgVWhmR,IfcCovering,gevelisolatie_(#681230),,,B5444262-A9F4-4753-948F-90209D97E269,,Storey-1,True
2EquGb3TX4URxlWwPq0NbB,IfcCovering,zinkwerk_(#723506),,,3A348F82-9A05-4C47-A4A2-89F1F2B204DB,,Storey-1,True
2EGn4phsv6z9n9nE3wcCKJ,IfcCovering,zinkwerk_(#715044),,,73320AA3-7ED9-47A4-A564-5D1270F8871F,,Storey-1,True
3l1hxW7Fb6HwZgz$HbeLOt,IfcCovering,gevelisolatie_(#656661),,,05293AC0-EC13-4CA2-8A7E-671D8914B312,,Storey-1,True
001o5TqMvANhp3GwslDnKF,IfcCovering,gevelisolatie_(#607539),,,BDAC15F4-DA00-4CAC-BB09-8C51CB40FD0C,,Storey-1,True
20axJRTaP46xkRQ$mG48p$,IfcCovering,zinkwerk_(#729347),,,1269B9EE-4837-4D87-AB86-04BE66B93EC9,,Storey-1,True
2xjoZjPmX8ofpv9GgAs95i,IfcCovering,buitenblad_(#732028),,,D56C4E06-7C61-456B-8F98-864C935E96D2,,Storey-1,True
2bCDehW7b00RjKT6ARTe84,IfcCovering,afdekker_(#637406),,,E58F2A1A-D4EF-4A36-93C1-079B8506B1AD,,Storey-1,True
2UPGtWTUHBrPfJSF41a4$G,IfcCovering,afdekker_(#635986),,,305C93AD-EAB2-44A0-ACC1-F9B53A65F201,,Storey-1,True
0HJH8uQ_1EvALkdIiK7ZRU,IfcCovering,gevelisolatie_(#625079),,,BB984550-C191-43F4-B4A3-8D074624CD1C,,Storey-1,True
1j2e5Uwbb0xwk6k0mORDWj,IfcCovering,gevelisolatie_(#710174),,,1F7FCCC1-43CF-4432-95FF-D2FAA5F440BF,,Storey-1,True
2CIj4$1Kv0jQgH7YXY2YQT,IfcCovering,gevelisolatie_(#634527),,,6108E4FB-5D11-4377-BEF8-98ED21B3AEB1,,Storey-1,True
0ZwY2vKunC0PS5ueiC0Boq,IfcCovering,zinkwerk_(#730429),,,74424B81-E88A-4B7A-9594-C421064770E8,,Storey-1,True
1C8xFYHWvEd91ma3tFs1I6,IfcCovering,gevelisolatie_(#657047),,,76357A73-33A7-4F3B-AB68-3B10E251BDA0,,Storey-1,True
1k2RoSczPBFAWrl0Ju7O4I,IfcCovering,buitenblad_(#705893),,,8D271E14-0301-436B-BEF8-498223BCC627,,Storey-1,True
1dZpN2Xtn9BOsk3ldkP1$N,IfcCovering,afdekker_(#692655),,,D534A2E3-B5FA-4A8D-9821-209CCA366086,,Storey-1,True
29HypZdpb0Ew4EeVghRd0P,IfcCovering,afdekker_(#636192),,,FF2EB05B-E30E-4B93-9F36-D2FB53849CA2,,Storey-1,True
1vBhdCjRH4GQjZ_gW0nDpM,IfcCovering,vloertegelwerk_(#775606),,,A98AB3ED-E7F8-4183-924A-BA5461EBD13F,,Storey-1,True
2cLy9YDRT8F9vlApRBmjLr,IfcCovering,afdekker_(#671679),,,FE5B85C2-A6F9-4DF4-99FD-F60233AADECC,,Storey-1,True
1h_skjd_96o9z2xpXLO5a7,IfcCovering,gevelisolatie_(#599595),,,03E7DED0-4848-47A3-98F2-187198253B99,,Storey-1,True
2HzIxJIynC9gnfSsQvMGdh,IfcCovering,vloertegelwerk_(#774983),,,6B7773FC-1508-4226-A51C-8BD187D51D70,,Storey-1,True
1OE_lKdmzDeQKxEfP$8aZN,IfcCovering,afdekker_(#693282),,,274B22EE-49C6-489F-87CB-35C93F183321,,Storey-1,True
1afRA_IvrBDxaDxS2TvvLw,IfcCovering,zinkwerk_(#715758),,,5C810E37-3B4D-4BF4-8158-89DB3077365D,,Storey-1,True
1iFbuwO2zAdeqsgBWxtTnr,IfcCovering,afdekker_(#623369),,,6672554B-1339-414D-9D74-743079742518,,Storey-1,True
2ogVefi7bAVRDAOZHGD0zy,IfcCovering,zinkwerk_(#714806),,,CA5E93DF-BF92-46D3-8B40-88A86A4023A0,,Storey-1,True
0KCrAR2JX2VQjqrYsdLh7W,IfcCovering,vensterbank_(#708759),,,69D6B8D3-027C-49B2-AC17-3532934F3547,,Storey-1,True
3XAqiUFELATwENxS2rIkhs,IfcCovering,afdekker_(#667917),,,F52BB5D1-98DB-4F09-BAFF-7E760DEFB674,,Storey-1,True
3BMzOQBODBX8Mh0UVDhA55,IfcCovering,gevelisolatie_(#650955),,,1FAAEBB3-1108-41AE-B9B6-D525FFBD20E0,,Storey-1,True
0vPAGBLz91owB5o9cTFDzI,IfcCovering,buitenblad_(#756288),,,3309B8BF-2878-4BBE-9FD1-C03D6285536A,,Storey-1,True
1FdDaiTa9AdeLiC_aqIM1n,IfcCovering,afdekker_(#693076),,,6578F8B3-0684-4DE3-B505-84DFE9662AEF,,Storey-1,True
3wLiaV$L97$9RbAq2K0R7Y,IfcCovering,afdekker_(#692013),,,35B256B5-6F8C-4EEA-9950-D2766BF8E210,,Storey-1,True
2bmkQE4dT7tfuMwMKPpSMp,IfcCovering,gevelisolatie_(#627208),,,1287CB18-F0EA-41F1-8125-D441DC687071,,Storey-1,True
01YSfL4e98PhstuNP5Bum8,IfcCovering,gevelisolatie_(#690877),,,F023AB9C-845F-469F-99A1-AA791B083614,,Storey-1,True
3eRQ3E7tb2p8DXGNBN8azC,IfcCovering,vensterbank_(#708209),,,711EFDE0-1D76-4048-A6C8-B72FCB015CB4,,Storey-1,True
1EvSFj$XT1muHGTfnX3muY,IfcCovering,gevelisolatie_(#626244),,,ABC0C079-57FF-49BF-A3DC-45454C5989B4,,Storey-1,True
3UpYbTFZT2xv_gzWagnt9F,IfcCovering,wandtegelwerk_(#772807),,,4FEE1B46-A289-4973-9000-B5BCB35B21F1,,Storey-1,True
1ainRrRrrCVuwKq1G5t9lT,IfcCovering,gevelisolatie_(#710577),,,189A1D58-855B-4026-A739-10EC491193C3,,Storey-1,True
1fvSZV3018gxiE0a30PdwF,IfcCovering,wandtegelwerk_(#774655),,,AD11DC32-0AC8-47DF-A6C5-4DFA653C4FEB,,Storey-1,True
0uh5DvU6rEyPXNRSeLQCtd,IfcCovering,gevelisolatie_(#627011),,,CD76BDFA-7B4E-42C8-9962-62CA7CA102E6,,Storey-1,True
3mPK0nx8TE0QLlRNYWpvJ2,IfcCovering,afdekker_(#623620),,,3FD3F662-156A-4700-8AF1-F8C191B1FE6B,,Storey-1,True
3gnRFSx2jCKejA_1APkTHw,IfcCovering,wandtegelwerk_(#774003),,,C2245A5B-78A4-40F0-A943-5AC39B44C73F,,Storey-1,True
35FzWoDJj5TOyrX9JP$IHa,IfcCovering,vensterbank_(#739836),,,7F8DCC14-D54F-4BA4-B3AE-5B20B8158327,,Storey-1,True
2gDV5sSXTF0OPWJbFa_ZXv,IfcCovering,gevelisolatie_(#691274),,,7CFA0EEF-4B29-496A-851B-5EE75536D24A,,Storey-1,True
0iiggvlPr5qwAeZUvVpqtu,IfcCovering,afdekker_(#666869),,,B6CD1319-1D59-4D1A-988B-0AED9C38A37E,,Storey-1,True
3t6Xkmh8jCZ8I_DBIhB9AS,IfcCovering,gevelisolatie_(#676418),,,8FCA82E8-5AF3-4A03-94ED-D42A369591EC,,Storey-1,True
1AjWKYJiDCfgeubn03LyDm,IfcCovering,wandtegelwerk_(#774818),,,2388E382-8494-4F3B-AF21-C0DF693725D5,,Storey-1,True
00LgPc5m51cw8o_sUWcu49,IfcCovering,wandtegelwerk_(#775905),,,D345696D-4373-44F7-BFF7-3CA1BBE14C1C,,Storey-1,True
2ea1n2L4v5UwSdGQ31KBqW,IfcCovering,gevelisolatie_(#657242),,,92248C60-BD27-4783-8D3D-C3A831E5909F,,Storey-1,True
3uNghveZ5AihDwN0quDhH5,IfcCovering,buitenblad_(#705528),,,02B97EE5-9D4C-4466-B925-763528523A21,,Storey-1,True
0Hai4X7IfAcOXUxRRAz6SG,IfcCovering,wandtegelwerk+_(#773123),,,976A98A5-759D-4410-902C-D02B9FC939C2,,Storey-1,True
2zY5gVSlTBOwnxMo9ylzSY,IfcCovering,afdekker_(#629276),,,9BBB8064-BFD2-4157-A9CF-566BDD3505ED,,Storey-1,True
2QG3JJQojF6xOsfWQL177d,IfcCovering,buitenblad_(#694740),,,3627715A-6464-4517-8D37-70D04185A953,,Storey-1,True
1jpTWWZTDA6QFl3jj0$k6a,IfcCovering,gevelisolatie_(#651780),,,C1EEDF42-AB53-4BB1-8794-45BDC1450A32,,Storey-1,True
2gKzaJfDT5lBoT8CKgNpqQ,IfcCovering,zinkwerk_(#727009),,,886A42C1-21FE-40E2-8A6F-2451D08A4808,,Storey-1,True
1SNvJMLVL1hwchNHsKOPf9,IfcCovering,gevelisolatie_(#634311),,,AF9F996C-5DB5-47AF-99E1-C4DB865C6D74,,Storey-1,True
33VNF1xsDCshniThtCvI5L,IfcCovering,wandtegelwerk_(#772644),,,A2473E62-9351-4FC8-98ED-E94D21654409,,Storey-1,True
3CiG04vaX9dhv09XiJC7h9,IfcCovering,gevelisolatie_(#677450),,,C08F0BEB-825D-447C-BF43-ED59A01036A5,,Storey-1,True
17hjpq_pjELgDcIq7GfdNQ,IfcCovering,afdekker_(#666036),,,3A87FC98-EAD3-4D6A-9743-BE1DD59C226C,,Storey-1,True
1WdOPdj1T1W9TG670pJxXE,IfcCovering,zinkwerk_(#715282),,,81553322-C25C-49FF-B8D1-4B4DACBA9AE6,,Storey-1,True
1M5tBg$Hz2axcS3mjxBRJ1,IfcCovering,wandtegelwerk+_(#773570),,,F395D25E-CF51-4C66-BAE8-93C2845A4435,,Storey-1,True
3KQlPnVdrAmuZXnGKvXrJD,IfcCovering,gevelisolatie_(#655642),,,2EAA27A7-B35E-4524-80C9-E25BC889D28B,,Storey-1,True
0$y5pKD05Aiev90EOGwO5w,IfcCovering,gevelisolatie_(#720990),,,81B98FDB-6D89-4334-92A9-BC57D1E91D0A,,Storey-1,True
1BY5lMd7H25AGvz9gOaPdD,IfcCovering,zinkwerk_(#728633),,,89328E8C-725D-40FF-B3B9-A7F37C037821,,Storey-1,True
1m1sBy9vD9ZuoV4zoEyt2D,IfcCovering,gevelisolatie_(#656470),,,406138A8-C2D2-468A-A769-A3FE0E9D2688,,Storey-1,True
1SmEwfKC97OQ0cK0wnqxUI,IfcCovering,gevelisolatie_(#691464),,,7A7A57D7-FEFB-4914-898E-89FC9C4C3BDA,,Storey-1,True
02nlTK0f58h86n6RKnLadO,IfcCovering,gevelisolatie_(#678684),,,2B568DD9-E545-41D6-9070-36A2E39B4B83,,Storey-1,True
2LQ61OyKDARB15Oysd7aF_,IfcCovering,zinkwerk_(#724112),,,AC88840E-8B00-48D7-9EF0-4F787599378B,,Storey-1,True
3sWKAdj0L3quFVxHiOPJb0,IfcCovering,gevelisolatie_(#626821),,,9AB43939-8E5C-4FFA-A33F-ECB466182541,,Storey-1,True
2yGqdBf5P9fOVEaEtNjaHH,IfcCovering,afdekker_(#623871),,,FE0A5B04-2858-4758-B6CB-59274DC419E1,,Storey-1,True
3jgNLU7tXFwRBmJq1Hu9k0,IfcCovering,afdekker_(#638030),,,22B845DA-CC71-48F2-8D56-05842E9798B7,,Storey-1,True
1mi$E1VJPEdAJuVVsYiDqe,IfcCovering,gevelisolatie_(#649098),,,30BD0C0E-8188-4A56-A2CB-383CA2E53BE2,,Storey-1,True
2pugBAXlr1W8YgfhQKA9s8,IfcCovering,afdekker_(#665749),,,860F5DC6-83DC-43E7-B746-0DF91852E5AC,,Storey-1,True
3kV6di9nT6t86j7lp9KPji,IfcCovering,afdekker_(#632676),,,68E4FBC9-4412-4377-B467-04AC7A1CB99E,,Storey-1,True
2cPh8cwNr9ZuY7oE7Tk85V,IfcCovering,zinkwerk_(#722792),,,1D9C2139-08B4-4A7A-8DFF-3D60F079F890,,Storey-1,True
2xDzlFDsH9tQZ8rFBaSecZ,IfcCovering,vensterbank_(#708607),,,5A656698-6009-44F0-9C57-4FA6CCFF95CD,,Storey-1,True
3mDJURzU9CuemNu7w3s2nJ,IfcCovering,zinkwerk_(#727871),,,C6F30FD6-7006-4140-B447-4A36AE8E042F,,Storey-1,True
3Tnygp0ZL1uQe7YRn_cEcN,IfcCovering,afdekker_(#628644),,,6F9B82DD-D43B-46B1-BF25-05D6D51C4AE4,,Storey-1,True
2Pj2cNBgH2i8$jkiTDK_qz,IfcCovering,zinkwerk_(#729823),,,78DD81C0-B7B2-4737-8D7C-67A10937431F,,Storey-1,True
2H5avzyFr1XvekNdB24Kdh,IfcCovering,zinkwerk_(#728073),,,1CA275BD-AC26-4706-AFF9-DEF73FBCBFA6,,Storey-1,True
3qHBA56WH1UR$rtfY8Nv6K,IfcCovering,afdekker_(#710035),,,42519AF2-3526-4171-ABB7-99B7BB988F8B,,Storey-1,True
27$iY83sv7lfIdIyjwRFCw,IfcCovering,wandtegelwerk_(#773840),,,94789067-AD03-4B3D-BAD2-CE57F8FE4C81,,Storey-1,True
3fC$PNTSn2FgFiT9F1LJZ5,IfcCovering,buitenblad_(#642809),,,0C3916D7-F585-49A6-BD1B-3C4E4F0E4E1C,,Storey-1,True
0uzVjh2hXAsOEg7Xr2P86C,IfcCovering,zinkwerk_(#716631),,,2AF641E4-8A4A-45AD-ADDB-C05499A6D656,,Storey-1,True
3iBXKzDj9CPBG60H5ixg4P,IfcCovering,zinkwerk_(#729109),,,095A2C9A-0046-48D9-A25D-A6090B7C7671,,Storey-1,True
1IAalOcdrC2gcNxJ3hxGTi,IfcCovering,gevelisolatie_(#626049),,,88CBEEB4-192E-4BBD-93FA-9CDB4DA5DD65,,Storey-1,True
3sdvtBXaj7f94TI_Us0qiQ,IfcCovering,gevelisolatie_(#627787),,,041E1DC4-A818-419D-A134-ED03EFD9E314,,Storey-1,True
1IG_Hytrj0MAlPDgzQuiD4,IfcCovering,zinkwerk_(#730299),,,9089B6CA-2B88-4964-8CE2-C5386605A23D,,Storey-1,True
1GhIDJO1jBFAzwdlwEn8p8,IfcCovering,afdekker_(#631618),,,880ACE2A-DD16-4B49-831B-752D0C0FCC79,,Storey-1,True
17i49CUrL9ouqUgMNWl4V5,IfcCovering,afdekker_(#666242),,,5DDB4B55-30E4-46EB-A54E-B48842254A33,,Storey-1,True
2OBkJTFKDD9h_4t$MaViGh,IfcCovering,gevelisolatie_(#648908),,,AB0EEBC4-CA56-44B0-814E-E18B6CA4E35A,,Storey-1,True
3vG5IKYn18qA5yp5VMwNOo,IfcCovering,afdekker_(#721636),,,AE4379AA-E5D8-4F89-AB0D-624E1BEEB053,,Storey-1,True
2nkicD$ID6LRE5exlJDxaw,IfcCovering,afdekker_(#671473),,,A4417B41-2712-42E4-BB2B-258127201840,,Storey-1,True
1w3Ix3PDL60eyf5MPCaIiM,IfcCovering,gevelisolatie_(#625660),,,81109FC5-EA73-4E9D-BB16-60D580104003,,Storey-1,True
1DVQnQr$L1JQaU9u_I0Hu5,IfcCovering,wandtegelwerk_(#776394),,,5CD7E376-7CD8-4115-9AAF-F5B0057842B3,,Storey-1,True
3j6a8QOBT4uxXVmE5WDuSN,IfcCovering,afdekker_(#681660),,,85E1AB14-D17A-4596-987A-0C406145E9C6,,Storey-1,True
26GjYkT7L4vvQxOG2vocp$,IfcCovering,plat dak_(#700853),,,18321331-0D85-4E4D-9C49-2E8C7F980250,,Storey-1,True
2ovGvtN3n7pgZFTlYFRvQg,IfcCovering,zinkwerk_(#714568),,,DD05BD7A-279B-4905-B906-19828C5D6E2A,,Storey-1,True
2WduoDTGT0pxj6yw$jsoG0,IfcCovering,gevelisolatie_(#690051),,,96508F61-CF20-4A42-9ACA-0673D4D0BEC8,,Storey-1,True
33cVRTCDjA5PZsbDVyUYO4,IfcCovering,vensterbank_(#708057),,,568A25F8-D51D-40E7-AEE6-9B3E15DCC090,,Storey-1,True
2E98bzcan3mRy$eLihDuc0,IfcCovering,zinkwerk_(#715996),,,23336189-91FC-44DB-AB4E-D67108598207,,Storey-1,True
1kYj_28pfAORcw3aleILxA,IfcCovering,gevelisolatie_(#681421),,,F967FF37-803B-460E-870F-8EA81BA2869C,,Storey-1,True
1jo7J9wFrCDO$zvtzcozhK,IfcCovering,gevelisolatie_(#646460),,,63AA4852-BC1A-4D33-B8DF-4B66E65765BF,,Storey-1,True
1sDmyoEv99oOdOxdYk_meG,IfcCovering,gevelisolatie_(#656852),,,DC6166D8-6FDD-469A-84A7-4B0D82809766,,Storey-1,True
0$J9JKLZ54oOnag8rZroCV,IfcCovering,gevelisolatie_(#709432),,,2EFCDAD1-1ADA-4D2B-A9ED-1881F9EA0F87,,Storey-1,True
3mVVCkzLXD1BYPwifevvy5,IfcCovering,gevelisolatie_(#624509),,,D99F6966-D7B0-441A-BFEF-FE4FB7555893,,Storey-1,True
0La_XWVmr7khgqce4pmsPn,IfcCovering,afdekker_(#666663),,,55D8B310-8CF6-4223-AE64-54257E0CA571,,Storey-1,True
2TKsHAjtP1UQJnDE9DJG7Y,IfcCovering,gevelisolatie_(#657433),,,971604D2-BEFB-4B2F-8D11-BA92375AE61F,,Storey-1,True
2vbp5r9_zDAwAFQvDttz5o,IfcCovering,gevelisolatie_(#726101),,,6278EE00-FFB1-4B6A-9DD7-01F5BF4C8573,,Storey-1,True
1sh$ifVSLA6RYfid5choHO,IfcCovering,gootplafond_(#707027),,,D1A5949C-B535-4BBB-B633-6D89237F4B63,,Storey-1,True
3ZIaKuXLHEvxHvNsFlXiED,IfcCovering,dakopstand_(#706265),,,E04BDBED-062C-47EB-BADE-29B1C7A397B2,,Storey-1,True
3L1oqz7lnBgAbuQUNiqIO$,IfcCovering,gevelisolatie_(#650765),,,FEDF79D1-3D83-4BC1-A03B-C727E6D32795,,Storey-1,True
29spCToV58A8XeHSiIVFwN,IfcCovering,zinkwerk_(#725670),,,A754910A-C6B1-403A-BF9F-991C2F8CF661,,Storey-1,True
1eeeZEVf13HPgD6ULkZR2H,IfcCovering,vensterbank_(#709612),,,E752592E-4023-4F54-9BB1-5E472C30EDCA,,Storey-1,True
3Dcgwq7hP4GxwKJvbolsEQ,IfcCovering,zinkwerk_(#726843),,,808F20F3-EDF4-47E0-A869-206345AD29D7,,Storey-1,True
3N9YGx8k56Dw0PF7pm2EU0,IfcCovering,afdekker_(#680358),,,6B1984B5-3CBC-4AEB-8C03-B8511B2EF874,,Storey-1,True
28TOUy8jvBGhmSM_FOhHFZ,IfcCovering,afdekker_(#624122),,,139F4E9E-31A8-4633-8D79-2B37ECC1FE52,,Storey-1,True
3d0Hknqez1_ew5dGNcuRjC,IfcCovering,afdekker_(#671885),,,7307A171-9266-4761-85CF-D961C16161BF,,Storey-1,True
3k77qhfLv6DxMv0fXGL7qx,IfcCovering,zinkwerk_(#728311),,,251E2ECF-D513-498B-8926-6C5D2753308D,,Storey-1,True
05Z7a928DBsRI1sOWFLUFs,IfcCovering,gevelisolatie_(#657814),,,8261B0C0-7C53-44C3-981C-D63C94FFCF1B,,Storey-1,True
3gioiJMb53H85CfewNCYmV,IfcCovering,afdekker_(#667496),,,6813AB95-8908-4025-BA92-C505C03DF5CB,,Storey-1,True
17koHkOd9BNOMpnONWrKPu,IfcCovering,wandtegelwerk_(#775119),,,53993FA3-B40A-4CFA-A2C5-8E201CDF58F6,,Storey-1,True
0MCZeh61j1duOZWSrkWag4,IfcCovering,zinkwerk_(#725302),,,E067A70E-7C46-4A3A-8CEE-DE7F7EA9C71E,,Storey-1,True
2cHxs9pEvAggbP3NjCt0$3,IfcCovering,dakopstand_(#705709),,,2108D31B-B0ED-4F07-A64A-8549DCA0E834,,Storey-1,True
36jRv89_fAqwYrlrE7AD4f,IfcCovering,afdekker_(#694597),,,75E076D6-29A5-46C2-BAD4-41B0569D5119,,Storey-1,True
00QZwLLXT7$AXr0$Fp9mG3,IfcCovering,gevelisolatie_(#716959),,,65C15FE4-D452-487B-BA40-F2C4210A67ED,,Storey-1,True
3y6E6yh8592fM3$ayq$OoR,IfcCovering,zinkwerk_(#722078),,,C5B3657A-F755-4E59-A153-059EEAEAB7C2,,Storey-1,True
1sjvIxzZP3qRN12RQ5L$gv,IfcCovering,gevelisolatie_(#717434),,,4036B7EF-D870-4A85-A54F-8CF4D744F433,,Storey-1,True
0VUFRCWYz7a9p84p2PrUHf,IfcCovering,buitenblad_(#736257),,,11D3C3A5-857B-492C-9CFC-66EA7DD27CB7,,Storey-1,True
2ktoiEn2LEl8SpB6EWezSB,IfcCovering,afdekker_(#610310),,,E8971404-8983-4B8D-A2AF-5FD9B7F8BE9C,,Storey-1,True
09R7lY7vT2ne5aKCGeKUcj,IfcCovering,gevelisolatie_(#720185),,,F06BD90E-E42B-42DD-98CF-3677D08C960E,,Storey-1,True
3nkjy1s2n6Pv4neIu7jk4t,IfcCovering,afdekker_(#681866),,,EAE351C2-B4AF-41BB-B733-0E6A5E3E34ED,,Storey-1,True
3H0BSYMLb5CAu8Lvn81Hva,IfcCovering,afdekker_(#692440),,,DD0E6B33-6F66-4B01-B9AA-BB6139525567,,Storey-1,True
1O1veHQ2P2Xg1VykNFEQZ4,IfcCovering,vensterbank_(#708911),,,CDC32392-908A-4B5A-B654-713735946FA6,,Storey-1,True
25QDP9jZ10JBB0pzUOKMRZ,IfcCovering,gevelisolatie_(#677030),,,8EF8A722-A303-4CC7-A60C-55197EE374AF,,Storey-1,True
3CnvfLhW11BxyBHK9SV6KN,IfcCovering,gevelisolatie_(#677260),,,7AFA6A45-E300-458A-8285-38FECB58025A,,Storey-1,True
02YbAeZO99WudU7JNQu$X5,IfcCovering,zinkwerk_(#716287),,,91B26E1F-A4D7-4663-A593-ADCC1D16CF4A,,Storey-1,True
2JI2Vmk8T8suMaFb5SAEjq,IfcCovering,buitenblad_(#706084),,,095E5D7E-3CC5-441C-85FC-65A83A925073,,Storey-1,True
2eik7czRH4pQAnjptigYNB,IfcCovering,gevelisolatie_(#690451),,,7F553065-EB8A-4A9F-8217-2AB35E6CBD22,,Storey-1,True
30Xaa1DMbB_xgx46rJYq72,IfcCovering,wandtegelwerk_(#776231),,,D3452030-7EF1-4FE3-8E59-E809AC1496F5,,Storey-1,True
1JZCp8DJD2Au$Fnj1_hGg6,IfcCovering,gevelisolatie_(#643199),,,2B56D9CD-3786-41E4-A593-00704726561C,,Storey-1,True
1LLtgUlQj78fZ4Ax0jFqgc,IfcCovering,afdekker_(#637200),,,C842A924-0430-4D3D-ACE3-285E97507896,,Storey-1,True
3v9f6hyuXEZO47w9tI31vI,IfcCovering,zinkwerk_(#728871),,,12C7DD90-D74F-4C24-BE41-82725496DB2C,,Storey-1,True
0U1ctZlnT5Bhm$0BGvp7Ly,IfcCovering,vensterbank_(#739684),,,AC3D9389-135B-4089-9AED-493D53E1BA57,,Storey-1,True
0u8YQEcs95QPqh8cc9sccU,IfcCovering,zinkwerk_(#727256),,,DA05D0F6-6954-430B-83D6-1B4A5BAD912A,,Storey-1,True
2Ew_JkzNHFKR2ZmaVEHBMC,IfcCovering,vloertegelwerk_(#773253),,,DD60CBA7-632E-4384-9E25-C74541393FC9,,Storey-1,True
1dE4YdK5L3v9jzYzU8RgOY,IfcCovering,wandtegelwerk_(#774492),,,2D34B6EC-2C21-44A8-A4F9-1E9DDB8B27F0,,Storey-1,True
0Kl$pCBXPC8OkQHlyxRGO7,IfcCovering,wandtegelwerk_(#775282),,,9F9BEE4F-FA13-4EFB-AD02-1B02C7CE0B3C,,Storey-1,True
39BnHHbkf3f9RrhYAFgNWq,IfcCovering,gevelisolatie_(#695548),,,47BF6EC1-5657-4F55-B193-368E0C1556CA,,Storey-1,True
1bGpEjRob1RRPP_hpDyHjC,IfcCovering,wandtegelwerk_(#774329),,,D7B96573-ABCA-4B4F-BD6B-2D306B820E06,,Storey-1,True
2hG3FcIAv9NPOLMMpvftH1,IfcCovering,gevelisolatie_(#653401),,,74C96558-8EF5-40A6-9FD2-7F8ADE1B865F,,Storey-1,True
2qJWDUoqP1YAjg3ATgIara,IfcCovering,zinkwerk_(#730878),,,F950C6F4-72A7-43A0-8198-F23C18746D28,,Storey-1,True
1h7G5tYXL8jRnBhO$6GDpX,IfcCovering,gevelisolatie_(#649718),,,F7DA2FA9-B357-4FD5-8A7C-2D94F4B9FC22,,Storey-1,True
0ZKP7kp499kO5vDBqLnciq,IfcCovering,gevelisolatie_(#643000),,,CA856636-0B04-4FB8-9935-D9CB513FEE8D,,Storey-1,True
3aQsoEgG93ohC5MRDNZZMc,IfcCovering,gootplafond_(#706717),,,6B219992-C0E4-4D7C-802A-8E9390CB72DA,,Storey-1,True
1wdYoNsqXByB7G4Gr3_fEW,IfcCovering,gevelisolatie_(#626630),,,D6D5B686-153F-4C42-9F0C-DF86EDF12AC2,,Storey-1,True
0k4pln4wPAsu0ZWxJFdPB3,IfcCovering,afdekker_(#637612),,,8852B690-E63F-4D87-8A06-F5D5326FC5EB,,Storey-1,True
3V8TPgayPFcxx07K7N43RN,IfcCovering,zinkwerk_(#722554),,,CA608D66-F2E1-4027-9EC6-FA5B123D0974,,Storey-1,True
2u75eMzrn3ffkHJzGyr8sT,IfcCovering,gevelisolatie_(#627588),,,6D0058C3-70D4-43D0-980A-2CA36BAF9624,,Storey-1,True
0dCaAffyP67PI6wRDHkbKN,IfcCovering,afdekker_(#676652),,,CA82DDEC-F4F8-4327-B263-14E0862B34AB,,Storey-1,True
1X1VYF2yb4gu1Q_2Shpdbx,IfcCovering,gevelisolatie_(#624889),,,B191BE0B-7DE4-438A-B1F2-A1C886730349,,Storey-1,True
1JgwKuldvEoP3daCMfVIB8,IfcCovering,gevelisolatie_(#766344),,,5ECF4873-46E6-4339-A80E-EF5D42DDED87,,Storey-1,True
2D41kqiQL39gCLXCuaiAp1,IfcCovering,afdekker_(#693488),,,56A518F3-0F13-432F-B929-E4C437906891,,Storey-1,True
3SO2uOUiP3Dgcarf4b7c6I,IfcCovering,afdekker_(#665127),,,AC9CEB77-B06F-4F4A-A8B0-0B72F5ADFFF1,,Storey-1,True
0sdGxkLd5CVg1m7gx0G4fC,IfcCovering,afdekker_(#678093),,,BF12FC48-40E9-4A00-A475-E42ED59DBF06,,Storey-1,True
0auCS3Y2f2Pf3arLeptjuW,IfcCovering,gevelisolatie_(#610472),,,98920B89-D5BE-4FF2-8A6C-81F7A54DDF5A,,Storey-1,True
3dFHJhDQ10Q9RSfHK$YhGg,IfcCovering,gevelisolatie_(#625278),,,CDB9DC40-2675-498A-ACD8-CA45D081DC20,,Storey-1,True
3DeHIcNVX1MxkaFNY77wmW,IfcCovering,gevelisolatie_(#655452),,,F730F939-2BC9-40C1-8F1C-CCC2580A9422,,Storey-1,True
138ZPJA0TEw9JPqHLjKgE8,IfcCovering,afdekker_(#630546),,,C3A193F3-96D3-4F50-9452-5C3C9B12D070,,Storey-1,True
38e4w2QEXA6QCQzBybfoWO,IfcCovering,gevelisolatie_(#713800),,,F1BB0BF4-0BFF-4A29-9951-185BBFD1AA77,,Storey-1,True
0DrTJm2cL1bOyy5xIHVESM,IfcCovering,wandtegelwerk_(#774166),,,8855BB28-F78B-4141-8A57-D91D2390F8C5,,Storey-1,True
2xW71HA1L0gBwGWUpEIK1K,IfcCovering,gevelisolatie_(#643448),,,9E71D821-A730-4D3E-8866-EE80B24BFC9B,,Storey-1,True
309U4dIaX7xg3VVKhfssl_,IfcCovering,gevelisolatie_(#677648),,,E2933AD6-68D0-42EB-BCF2-E4AE078C8671,,Storey-1,True
2r2wdhZ1989RwFI5ZJSCnC,IfcCovering,afdekker_(#629061),,,0452CD1E-8D6D-4271-9D6F-215A0F0DD08F,,Storey-1,True
1O7QkDQEfDuBShxE9Rz6Sr,IfcCovering,zinkwerk_(#723030),,,8C3C41A3-569B-4DBC-9F98-76B8585437AC,,Storey-1,True
2FcT$DufrDig5JK0gdv42a,IfcCovering,zinkwerk_(#731366),,,72044BB7-7ADE-4447-96E9-D2683A2E72D5,,Storey-1,True
0J7sQ9MO13hQcKghm2OKKD,IfcCovering,gevelisolatie_(#639998),,,98DA2930-6BA3-438E-9F2A-11CDF58045C6,,Storey-1,True
0pLd602hnBR8h223o7DOf7,IfcCovering,zinkwerk_(#729585),,,339317FF-5936-4F63-BD8D-29EEF186D12B,,Storey-1,True
1J69rweMzCzhLC_bSPu1dt,IfcCovering,wandtegelwerk_(#772481),,,445FA393-2B80-4A52-950B-12CD9EDB63C4,,Storey-1,True
0VHAvxjKb7qgjc7Krp2fwk,IfcCovering,zinkwerk_(#725432),,,3C006DF1-E671-4808-B5CB-648324724044,,Storey-1,True
3N_v6bLk90ohUiekjvwfUg,IfcCovering,buitenblad_(#732219),,,8E68F42F-E9EE-4181-9B85-0725886217E6,,Storey-1,True
0cuiNn1XX568KRe4zlopfD,IfcCovering,zinkwerk_(#726605),,,8ECAEE81-3EBF-4E54-A1DC-C89CBE769CB6,,Storey-1,True
0$US$t_Tb2UBivNAlKowEV,IfcCovering,gevelisolatie_(#636965),,,40EB12D6-8152-4B9A-A45A-4635B5134444,,Storey-1,True
3CLLK6DyHCF9L$QMzVxJiM,IfcCovering,gevelisolatie_(#649289),,,5C310350-851E-42DE-9C01-E69AFE958642,,Storey-1,True
0l_o8cY5n2yeZUdUXnUOJR,IfcCovering,gevelisolatie_(#643698),,,EA866616-DCC6-4322-88A4-ABCD589CA90B,,Storey-1,True
11UZdmN$P7Vxf4eVNCRG$W,IfcCovering,gevelisolatie_(#634937),,,EE47BDD2-E2F1-4E4B-9CD9-52E2FD0EA032,,Storey-1,True
0$tEk4H017lPnOOWFueABt,IfcCovering,gevelisolatie_(#713990),,,C554D543-CD5E-40C8-8248-5EF1CE1E0728,,Storey-1,True
16JgvXb5v26Re$9PXWbGYJ,IfcCovering,zinkwerk_(#727624),,,2ABDAB68-F586-43B5-9412-4219E7C27726,,Storey-1,True
3tdIitXT53qebUTfqeO2_J,IfcCovering,gevelisolatie_(#691079),,,BA18DA26-1FBA-42BD-9AB0-73A19419A762,,Storey-1,True
05G1l0IWfE0eF_3r_lwa7k,IfcCovering,vensterbank_(#709215),,,1A291FDA-3805-4E6D-86E5-85E35FBAD318,,Storey-1,True
1ZAfqFd4D5fR4nVdjNalPu,IfcCovering,zinkwerk_(#727458),,,5D61C89D-604F-4AAF-86B8-9F608D9B2927,,Storey-1,True
0z4Tz9aUnCSwKXthISIuCk,IfcCovering,gevelisolatie_(#658390),,,634FF006-CFAF-4CB1-8367-BAD5CA94A95D,,Storey-1,True
1YR6kBMw18Xv47YdTbW0ob,IfcCovering,zinkwerk_(#724588),,,3CE648E3-15C8-4BE7-ADA0-226FCCB2C955,,Storey-1,True
2P69r8mQTByfrn_lszgdl8,IfcCovering,afdekker_(#633102),,,5517064D-98BE-4EB6-9FC1-AFDE67A23D02,,Storey-1,True
1ApgrPcv9CIONDoMW8hGfL,IfcCovering,zinkwerk_(#730631),,,52355390-A5DE-4924-A1AE-929AF09BAA5B,,Storey-1,True
3Nz_fhtsXFMwVv5nV31cDF,IfcCovering,gevelisolatie_(#710980),,,E1916F7D-14E6-4F4E-A80B-808D6DBD0E27,,Storey-1,True
2$IjO_19zDaQ2H36EGeNJJ,IfcCovering,gevelisolatie_(#714180),,,2C493E91-6912-42CC-A2A2-27B33566A01B,,Storey-1,True
2lxICkMU16J8h7iSoWpbKU,IfcCovering,wandtegelwerk_(#776068),,,0E30172B-9D95-4D80-A1EF-03EECCE21184,,Storey-1,True
06eNbAxqT5dRT$9YsyVQy2,IfcCovering,zinkwerk_(#723268),,,C8C17BA2-BC81-4BD0-BD2A-99A3C2C59F42,,Storey-1,True
3ODVRIVKD5Av5JVR61TnR2,IfcCovering,betontegels_(#1023157),,,ADA1FF7A-3206-4C38-83FE-7312BABD73AD,,Storey-1,True
3ndWnGzy5Dnv6lwV_VvLWK,IfcCovering,betontegels_(#1023497),,,38BE447E-F8F1-4748-8969-07B8782953A6,,Storey-1,True
3fRW8997n8pBX46ifLMRkK,IfcCovering,betontegels_(#1022647),,,AEDD6909-4BA5-4525-986C-A7F66D5F4738,,Storey-1,True
23jRkiFUTAhP0yLyz7K7wO,IfcCovering,betontegels_(#1023679),,,8CB7595B-9ECE-4B53-AA6F-408274B64E8B,,Storey-1,True
1nWe3dD6XFJB1h2MXCX2h2,IfcCovering,zinkwerk_(#1017057),,,3B54151C-113C-44DF-95F5-FBDD9978235C,,Storey-1,True
2jF6If5MnArxr$nlLW6qZ3,IfcCovering,betontegels_(#1023952),,,671CC95F-F41E-4F0A-9639-15641A6DBA40,,Storey-1,True
0zTHY2UvXC89OmxFX2SQiN,IfcCovering,betontegels_(#1024589),,,B5C0E29D-F26B-42C5-8D76-853CF7BCF810,,Storey-1,True
0oriCFQEDAWPgCMH_6gp3$,IfcCovering,betontegels_(#1020012),,,4702A017-1B89-4F7A-B720-9C37EE951949,,Storey-1,True
1FXfs8P2n6iQzMX_NfsFbK,IfcCovering,betontegels_(#1029230),,,85C8EBA1-EC77-4063-99AF-1FCBABA3C788,,Storey-1,True
160pfzWNDELvIge5P6_AdL,IfcCovering,betontegels_(#1026045),,,45734199-FFCA-4EA6-AB77-FD634727557A,,Storey-1,True
3_WUFbR$H5ngJ9QT1W7dSP,IfcCovering,betontegels_(#1022732),,,81A6D982-71A7-4564-95D1-67A8A0127EDE,,Storey-1,True
3bjj6piQXBFhseXOZsJdx2,IfcCovering,isolatie_(#1012092),,,7AF2EC43-50DC-4CCB-89D3-CC7697BB6C67,,Storey-1,True
3r0NoKy41B0P8H5OHENAZa,IfcCovering,betontegels_(#1022817),,,341F0861-F99E-4E62-A16E-09736666AAAC,,Storey-1,True
3hw9h60OT19hCbcr6MU2xG,IfcCovering,zinkwerk_(#1015070),,,5BF0D671-BC4B-49B7-A21E-9DA87266A152,,Storey-1,True
3DHCNpSxb5OgjHZRJZUUp$,IfcCovering,betontegels_(#1019502),,,588CCF8D-12FD-42E7-9DF9-11EF7906B1FC,,Storey-1,True
0ruE8tjeX53ATJZUhm6nA2,IfcCovering,dakopstand_(#994616),,,68FDA208-2DAC-4E1D-8FC7-20317DBD048F,,Storey-1,True
1yp6on3dHCM8HoY3990Ga1,IfcCovering,dakopstand_(#1011282),,,A5CD2D61-6232-4224-80D2-F919519E33EC,,Storey-1,True
2N7zvqRpvAGwqSMKQygatU,IfcCovering,betontegels_(#1026318),,,530DC612-5D06-4C87-B8B9-FB0FB6966A82,,Storey-1,True
2CSUZzHm99gvDOyLowsxdX,IfcCovering,betontegels_(#1027046),,,9B760267-76C0-4CC3-9388-CA1257E77BE5,,Storey-1,True
0_EHYMTn9Cxw2ZityROGMX,IfcCovering,dakopstand_(#1017584),,,4FBAF56A-E67A-46B8-9647-846CFF9B0591,,Storey-1,True
3UNdvIY1bBIBJNsVeWKHy4,IfcCovering,betontegels_(#1024680),,,39DEB1F3-F21F-4F17-99B8-787B729EFB3A,,Storey-1,True
1sQgXvbovFPwHEZfUsvfs3,IfcCovering,betontegels_(#1021287),,,74EFEC7F-8E95-415D-9FDF-A921C53D92CB,,Storey-1,True
1XCRqHnpr3_9WwmVhA1eGg,IfcCovering,betontegels_(#1022902),,,A22183CC-8EC2-4903-8074-2138EB2875F0,,Storey-1,True
1mIP3EKj1CXx7$nxZvh2VO,IfcCovering,betontegels_(#1024134),,,E436E42C-C664-4BCC-BF67-1FD74FEBC713,,Storey-1,True
1kJdUeYer3XenxSM7r6EsX,IfcCovering,betontegels_(#1020692),,,330876EC-B1D0-49EE-8BCA-6B5D34DA9DDB,,Storey-1,True
20EvZzthP7MgM32HD1KgH_,IfcCovering,betontegels_(#1026500),,,82A89A09-F8F4-4FA1-B43E-ED05D9344554,,Storey-1,True
1Kdh8cyEHA3wBU4XutQePw,IfcCovering,betontegels_(#1025226),,,856A3096-0A7F-40AE-944D-EDB67D497810,,Storey-1,True
1OqHWGpm92ngdVOHzL$EHg,IfcCovering,betontegels_(#1022392),,,001CE9D8-10EE-40D8-94A5-79315F9F0043,,Storey-1,True
0sLiYZ$d1Ez92BKOQoGU6n,IfcCovering,betontegels_(#1021117),,,886E351F-8E06-4CD8-93F1-DB72AC11D963,,Storey-1,True
0L$szIzt9AEfIw7J_GoH6o,IfcCovering,betontegels_(#1024498),,,3EF226C1-34C3-4750-B1AB-AC99BE19816B,,Storey-1,True
2PuQQAJ511IhpWMcp8EPTp,IfcCovering,betontegels_(#1028866),,,C3D35B59-E21F-44FF-9EB6-4829D23CF4AE,,Storey-1,True
1sEOUw$6T9$R5nY2N_3r4_,IfcCovering,zinkwerk_(#1015689),,,B1B00939-A444-4BEA-AFA5-FB7F19BD28C6,,Storey-1,True
1TsdxSPi52Sg4IBS3_iVrL,IfcCovering,dakopstand_(#1008267),,,0D81754F-703A-4903-B7B2-4965CC01CAA4,,Storey-1,True
0uZmhCuLrEaANHYCtz$Bk1,IfcCovering,betontegels_(#1024316),,,50CF5287-47A1-4BF8-92DB-05314CDB77E0,,Storey-1,True
35Z_WVNqH4nha7E8As735O,IfcCovering,betontegels_(#1019757),,,95D8C09C-67B7-4438-9BE7-EA9F4B40B074,,Storey-1,True
3k_dOk2MjCoeXOTTIf1HUX,IfcCovering,betontegels_(#1027137),,,B508EB7A-763B-4D96-B096-6AEE5B5B8D9F,,Storey-1,True
1zdT80P_nEjPjRgMWJ8Lvk,IfcCovering,betontegels_(#1024407),,,897B3FD3-21DC-4E12-A095-D4F58640CBA5,,Storey-1,True
2d8jnOiWD9ORDN_XgFkDBe,IfcCovering,betontegels_(#1026955),,,BE78A882-07F5-4E8C-95D6-3237549C3D4C,,Storey-1,True
0Kfgx9Nxj2bew$GtRbr6uE,IfcCovering,betontegels_(#1028229),,,B7FA397D-0C67-4306-8D25-3267FBBABDB3,,Storey-1,True
2l$oeG9lXEAON5tH8gh0nl,IfcCovering,betontegels_(#1021882),,,57D542C6-D530-48F1-9C10-51FB11F13381,,Storey-1,True
1bGX7OGrbDdedy0ydF_mth,IfcCovering,betontegels_(#1028411),,,D0EEC9E6-B561-46C2-8B19-1FC8547454A0,,Storey-1,True
1uiMvh6yP2OOYipgb_i_rR,IfcCovering,betontegels_(#1025044),,,9B3C61CF-1E27-4CE3-9A3D-69833D4193E7,,Storey-1,True
1EVl0OF0f5Z9QCYCuQ2GeN,IfcCovering,betontegels_(#1026136),,,6907DD62-3B63-416D-AF47-0521226837CD,,Storey-1,True
1v_pDcrDXCTPzmqd3ZRi5o,IfcCovering,dakopstand_(#1010757),,,4DE39A32-AE94-4481-B05A-8934DD4A11FC,,Storey-1,True
1yttnXsk50Qf6_XsxmtjuQ,IfcCovering,betontegels_(#1019672),,,D3A498F6-6278-44BF-BE4B-13928568FDA1,,Storey-1,True
0uZXBPih93hQ$HBE8iJepB,IfcCovering,betontegels_(#1023327),,,10074409-81A7-4004-93E5-6906E5996F98,,Storey-1,True
1aXh7U1hX9QA9Lzjz0NE6v,IfcCovering,betontegels_(#1029321),,,88B15977-F7D9-4974-9BCE-1B2B17015D9A,,Storey-1,True
21N0J5Ek13TPdeQxvcefbd,IfcCovering,betontegels_(#1020267),,,BD624C4E-C181-48FE-8A21-D8C20D62CD5E,,Storey-1,True
1XE_92uOrBmA0PDyX8Fy$C,IfcCovering,betontegels_(#1029139),,,7DB738F9-740C-4AD6-BC99-B84D993B111B,,Storey-1,True
24KyYIQ9P9xRJSCmdfQij9,IfcCovering,betontegels_(#1026227),,,D40CE025-EF64-4DFA-BC8B-D70478A79500,,Storey-1,True
27WeU$LTvAj8wy$SzEilPm,IfcCovering,betontegels_(#1027865),,,9CED639E-FC59-4FF9-87D5-446D99390909,,Storey-1,True
1NFXazhSX3Svdq5kX7Su0W,IfcCovering,betontegels_(#1019587),,,6ADDD189-4D01-4BF0-93FE-036F043D58A7,,Storey-1,True
1vmcmvIdL0dQ8Z1hC_1DsX,IfcCovering,betontegels_(#1027956),,,9F7E5002-0E01-4446-9FED-B10BD880880A,,Storey-1,True
1CkaLDJKL468fAXTlP10J8,IfcCovering,dakopstand_(#1011100),,,DE6830CB-36D2-401A-BB5B-70EF26AE4C8C,,Storey-1,True
31O2UMG$H9rwZvztsj49z$,IfcCovering,betontegels_(#1025317),,,2BFAE8BC-AC7B-42E4-9223-39A9D07043C3,,Storey-1,True
1vqY8CI3DDZOFsvFiHidSZ,IfcCovering,betontegels_(#1028138),,,31C26670-F470-46F2-BA4D-9AA21FBF3F13,,Storey-1,True
2doh4ME$91fQJyUBJhY_eE,IfcCovering,dakisolatie_(#1012538),,,48B4363F-EE68-424A-BFBA-6AE8EC5C2CA7,,Storey-1,True
1LO7oFJeD2EOm59wZdV6yt,IfcCovering,dakopstand_(#1007971),,,C42E8064-741E-4163-9B8A-D6C8B7C0ED62,,Storey-1,True
02UEAMO653kvCQejYFAlQc,IfcCovering,betontegels_(#1024225),,,89A13B47-CBFA-401D-90AD-B9D40B371D8C,,Storey-1,True
2lUnWkuzLErPp7XAppeVK4,IfcCovering,betontegels_(#1021797),,,D79A263B-6CB1-4917-9F27-F35B592C93D6,,Storey-1,True
3LYxrpomHBywuStP5nGDbt,IfcCovering,betontegels_(#1021627),,,C466C4FB-3213-46FF-9B87-9E56884F2DCD,,Storey-1,True
18QTGHZ7f97esnSIyLCpXw,IfcCovering,betontegels_(#1020522),,,FCC4DC41-A240-43FE-A4BD-71A0A8C5B5A2,,Storey-1,True
27Ze7lgG198BMukHNQ8Hjr,IfcCovering,betontegels_(#1021967),,,071D994B-ACFB-4AA1-9EA4-583346ABCBF0,,Storey-1,True
16Daa9Dsf5fggJvPF8ITw3,IfcCovering,betontegels_(#1030049),,,FCB6F625-BF7C-4CCD-80E8-AE7B221F09A3,,Storey-1,True
0tTlTv8DnFuvAyQS6tLJtC,IfcCovering,betontegels_(#1019842),,,52BB056B-F83A-40B9-A3FE-9E20E3C724D9,,Storey-1,True
3mod0KxqP62QgQcIWgFvBD,IfcCovering,betontegels_(#1021202),,,BA947AB3-D5D2-4F14-A87C-D7CDD00442D7,,Storey-1,True
25uKp3tqHCihLEKgdPWfVr,IfcCovering,zinkwerk_(#1001850),,,3D9FEB3D-B210-4A88-95A3-A03DB953DD25,,Storey-1,True
0_ObFb3CD429cBWUmVY8V7,IfcCovering,betontegels_(#1025135),,,1AD88A7A-B153-491F-9169-FB1CC75EC620,,Storey-1,True
0F2_Cq4cH5EBgzjzWr3wIn,IfcCovering,betontegels_(#1027683),,,B9FD8FC1-6731-47C8-8EDB-5792F5EEC5A7,,Storey-1,True
2I9T5aZwzDEhGlia21IrSS,IfcCovering,zinkwerk_(#984845),,,C44D7BF7-8016-45A7-944F-41CA2D36F302,,Storey-1,True
02IH5bTmD7ruX4Im4oOdj_,IfcCovering,betontegels_(#1027319),,,BD56B8E0-8141-4D9F-8BB8-53D59F412C67,,Storey-1,True
1xNFd9suvCsw7Rnlript8v,IfcCovering,betontegels_(#1029412),,,9FA2C518-5574-42BE-AA5B-9A2C81FBEF77,,Storey-1,True
1laiMuaAnEmxdEWXeApRm4,IfcCovering,zinkwerk_(#1015384),,,08245995-8B93-40A2-97B7-EC510F7718CC,,Storey-1,True
2tpGqMj3fCzhgvYCg1CamW,IfcCovering,dakopstand_(#1018786),,,E8D851CB-254D-43C7-B544-E0B49D7FF028,,Storey-1,True
3bQ4mC_tj5sgg1xZ8$yNsQ,IfcCovering,betontegels_(#1019417),,,DD3D5013-E095-4D6A-A713-EF2951BC3FFA,,Storey-1,True
1UiQXYWMbFwPNbbRQUamlC,IfcCovering,betontegels_(#1026773),,,818FAB29-1218-4B0D-BF58-773231AFD6F6,,Storey-1,True
3fMOP07nH0WvOgsj7Yt2Gk,IfcCovering,betontegels_(#1022137),,,D52A65AF-CE91-40B0-B518-51F686D13EE6,,Storey-1,True
3ESD2qqRHDg91I3ukN3ttf,IfcCovering,betontegels_(#1029594),,,D9D56628-C515-44EE-96C0-910FAC2F90AE,,Storey-1,True
3qf63pAJT2w8MACwBTs5ol,IfcCovering,betontegels_(#1025681),,,AC5B0C08-1A67-4B66-BC62-29FDE38EBD26,,Storey-1,True
1y0dcz9IL1$hxiWsYSUNHk,IfcCovering,betontegels_(#1029867),,,E74E717C-BF9A-4F2D-AB38-F153590A3D4F,,Storey-1,True
349sHc_LL8uweCsUmQ0joA,IfcCovering,betontegels_(#1022562),,,BED2EF44-15D3-4912-A08B-7B2963D04F5A,,Storey-1,True
3q4aWvObvDIP2CBf5_weMp,IfcCovering,betontegels_(#1019247),,,331FCA4D-A00B-4483-969E-E8DBA29761FF,,Storey-1,True
2WRRKhSgf3Lua$p1nYCb1e,IfcCovering,betontegels_(#1020862),,,63DCD4CB-C27D-4595-BF92-0860675C0D03,,Storey-1,True
1kHdEAQgfAfRulPoF4LN7S,IfcCovering,betontegels_(#1023770),,,70E241BE-9CE6-429E-9FE4-02BFD26527DB,,Storey-1,True
1H57z8Ha99F92dgp1NCfzk,IfcCovering,zinkwerk_(#994028),,,A4AA8183-5E1C-4AAE-ACBC-8C4E850649B3,,Storey-1,True
3G7YYwaY53kAtnV5r5N_80,IfcCovering,betontegels_(#1021712),,,98FBA1F8-B95C-4534-8E95-EC4691DE3A59,,Storey-1,True
1S9u7TJub329QG1A2tCN21,IfcCovering,betontegels_(#1026409),,,2B642437-0722-4AC4-8853-C79118431A8C,,Storey-1,True
3ABlM$Pv51ugCPypY$_Mb2,IfcCovering,betontegels_(#1024953),,,C75E25DB-B0C1-482D-976C-0DE43B055A80,,Storey-1,True
0d9X4yVBvAj82bWTfnYq9P,IfcCovering,betontegels_(#1028320),,,CCB71B41-26D3-413B-97B8-8174F99CB522,,Storey-1,True
0HnAcpdJr80A8cD71yYoeB,IfcCovering,betontegels_(#1029958),,,F18700AC-6A46-4157-A6B2-4375F483787D,,Storey-1,True
3Vf24eZxn8FA$KbaE491vv,IfcCovering,betontegels_(#1023412),,,2D1836A5-B64D-4087-9ED2-A0CF3955290A,,Storey-1,True
0DU0ho7ET9xeodHQnA3DCL,IfcCovering,betontegels_(#1022307),,,8961302B-E268-4532-AA09-32840A5019C1,,Storey-1,True
1cfoWgWC16WgiB8HR_RbB3,IfcCovering,betontegels_(#1020437),,,08BD127D-9036-49B6-899A-F1790F114425,,Storey-1,True
0QWqHRnT5A9gUFfwWw1gqx,IfcCovering,betontegels_(#1027592),,,CFC393A7-784A-4C2C-BA1A-A62DBE064DCB,,Storey-1,True
1Twk2Vb911RQoAJ_vvuZNY,IfcCovering,betontegels_(#1023072),,,D71E0D9A-6A48-4F48-ACC2-C9066BCD878E,,Storey-1,True
0OacnxnFX0Ugv1ZNtbYrTd,IfcCovering,betontegels_(#1028684),,,726262D3-1CE4-4282-931F-110F2BF8D3EE,,Storey-1,True
0e1w7wDmrANuuiAc_us2pg,IfcCovering,betontegels_(#1023588),,,E259AB4A-C867-44DB-BCD2-A21E21DBC0D3,,Storey-1,True
0fL6nncaXBAPzz548nMIg_,IfcCovering,betontegels_(#1029776),,,CD25C7E5-D5AA-4137-A676-C044D28DE55A,,Storey-1,True
1HWemfguz6DOlT17jks_g8,IfcCovering,betontegels_(#1027501),,,06814DC9-1B24-4028-93E7-75B4EBD65E92,,Storey-1,True
1cDi$gMzj7a8V_3XeFa71O,IfcCovering,betontegels_(#1028502),,,444E5AF5-7860-4FBB-B985-60F7A6892ABC,,Storey-1,True
1wYvQjE0vDifu$fk5prZ5J,IfcCovering,betontegels_(#1029503),,,448C2A6C-EDB0-4A08-B07A-7765AB6F9A3A,,Storey-1,True
16i6c79YLDHfIojJ_RCaRf,IfcCovering,betontegels_(#1020182),,,1D456AF1-3039-4CB9-8A70-3AA25DAA1637,,Storey-1,True
1D5$TKmsb7rhjvMX9T5g_X,IfcCovering,betontegels_(#1021457),,,8A04B4E9-0812-42F2-93CB-F3C91723FF6C,,Storey-1,True
2AL95GGQP6cOlPEU6oA8fg,IfcCovering,dakopstand_(#1018228),,,1FF306E3-4732-4B62-BB6A-7A9D6D294F74,,Storey-1,True
0fCb5iOiL1oB12nK5s8ewy,IfcCovering,betontegels_(#1024862),,,2CB4D1D0-648B-4273-ACC7-BB75C9C07D17,,Storey-1,True
2rkF9EZEH5OvVyh14CJJfh,IfcCovering,betontegels_(#1027228),,,89397A8A-93FB-44C3-A626-1F28010185B5,,Storey-1,True
2aX2psslXB_8WIP6X5Qclt,IfcCovering,betontegels_(#1025590),,,E4B1DB56-9713-4DA8-AB94-2B10E9B453CC,,Storey-1,True
1dYmQHRI55cgzKJ8Gn_L7t,IfcCovering,betontegels_(#1025863),,,3AB7C5CC-5042-454C-85F9-079DBF5D8034,,Storey-1,True
1W94PNFKnCSxRYDJqPvKCU,IfcCovering,betontegels_(#1024043),,,437970AE-FCB4-4200-A1BC-918B1615682A,,Storey-1,True
3JzdktlAD4fwCjnj8Hq68I,IfcCovering,betontegels_(#1029048),,,E2B11281-24E1-466D-A6FC-85873D780F8C,,Storey-1,True
20CFDBuN12EuJRqCahvIIQ,IfcCovering,betontegels_(#1020777),,,887C108F-AB13-40D8-932D-C9912F0BA692,,Storey-1,True
06b3QgaqP6yBLkgbTXyTL8,IfcCovering,zinkwerk_(#1016671),,,F8049023-4A5C-4DED-8FD8-2E1B29B8C189,,Storey-1,True
0w$FiYunz69QIJrmPA7B3v,IfcCovering,betontegels_(#1029685),,,6B8DBA76-57F0-47B5-A45D-4F1CBF0784DB,,Storey-1,True
0S881o__vBrhaD2Qv_Q5Le,IfcCovering,betontegels_(#1021542),,,C3012802-B3CF-4410-854F-F9EA2FC86243,,Storey-1,True
0hD1KoUqr9cvPQlIk_tdW7,IfcCovering,dakopstand_(#1010943),,,136E2979-3E7B-4F28-BFB7-52FC856491BA,,Storey-1,True
2Ngo0bDXTCxAmeVufjmuAp,IfcCovering,betontegels_(#1025772),,,15771FB7-416F-4EBF-ACF0-4923360232ED,,Storey-1,True
0r2nhEVnrERheaaCQdsmjD,IfcCovering,betontegels_(#1024771),,,023BFCF7-E601-405F-BEF7-930B2EFC2E8C,,Storey-1,True
1Ph6cwIxz869P8OIOjrVF1,IfcCovering,betontegels_(#1020607),,,5AC8B1BE-733C-4F64-B85B-DD86677C95FF,,Storey-1,True
1rExlpes5B39Ox6U7J3Uz8,IfcCovering,betontegels_(#1028047),,,E437B224-31F5-4551-B37B-DFB497679F61,,Storey-1,True
2dWHDWnLX14A$kF8UcTl4r,IfcCovering,betontegels_(#1025499),,,FA86DC9A-A5DF-4C6C-AD9E-CAED33D941AF,,Storey-1,True
1jGoAxXFj8KODlsneFx3Xy,IfcCovering,betontegels_(#1026591),,,6F4F5C32-64CA-4FA3-97F9-F2EFFA17F689,,Storey-1,True
1rcfRR_wHD78MOh_ys_jqc,IfcCovering,betontegels_(#1027774),,,C8153C33-C833-4448-A12B-FBC30C0DCE29,,Storey-1,True
3RK0TMRTzAl9YB0BayQDA4,IfcCovering,betontegels_(#1026864),,,A1D50F54-31E1-40E7-8496-3B632598EC77,,Storey-1,True
0R5wGHHLz0tAmLCaJw8lU8,IfcCovering,zinkwerk_(#1014438),,,F368AC4F-BA88-4012-A142-B7739100DE6B,,Storey-1,True
0wOihoGAv9NfPaO3AoCN6d,IfcCovering,betontegels_(#1028957),,,4989F18A-1931-40A2-8067-455BAC3BC62C,,Storey-1,True
10t5XByLf8lR5AmUNK$o7I,IfcCovering,betontegels_(#1020352),,,CE842934-7EB4-4F6B-AB6D-EFE653D61A0E,,Storey-1,True
2pbAED5sb32ubApMNSludL,IfcCovering,betontegels_(#1023861),,,BD9B0E85-CE78-4D13-AE46-6435B421A0AC,,Storey-1,True
1FBhy8A45CSeI6peykS8Ez,IfcCovering,betontegels_(#1025408),,,0541AF33-8665-4AE1-BA66-C1DD09CFB497,,Storey-1,True
1I0PV0p5z8NeVPcfauIKKN,IfcCovering,betontegels_(#1023242),,,CAE2095E-50F8-4CF2-934F-6C1B7033FB29,,Storey-1,True
2XzroqtGvDzgcAmNb3rTi6,IfcCovering,betontegels_(#1020947),,,CDF58E67-0119-4AFF-BAF0-B70DF263ADC7,,Storey-1,True
0y7onjYi94B8vk9RRgVFLj,IfcCovering,betontegels_(#1021032),,,0C9A09EE-3D44-4B50-AC74-ABB65D3E805E,,Storey-1,True
2cIP4KtFP3TAlBJNMabohL,IfcCovering,betontegels_(#1027410),,,1286B16E-6BBA-41EA-A89F-206A5E781103,,Storey-1,True
3OyAkhS$zFOg63qAw9hFnh,IfcCovering,betontegels_(#1022222),,,05974B13-CE03-4864-8301-399E7E728E4E,,Storey-1,True
0o3GpVqG913gPIqfiHBxfD,IfcCovering,betontegels_(#1019927),,,E149EAA1-7E5C-4F51-A722-D7CDAE69E14E,,Storey-1,True
1A344MWP50jRy2YUUISU3X,IfcCovering,zinkwerk_(#1014756),,,09723BD9-7CE9-46D4-93A6-0842B954DBD0,,Storey-1,True
1uHWUw4ZfAleWkkT2vVqaT,IfcCovering,betontegels_(#1022477),,,B13F9EAE-6B03-47EB-B477-DFDE86BCCE0B,,Storey-1,True
3OXEW2f89DQ9GsfpqEYjEr,IfcCovering,zinkwerk_(#1016043),,,4854800F-8647-4FD1-ABBB-2BBA06ABBB34,,Storey-1,True
09AkK$6i5C39D$ywenNKrZ,IfcCovering,betontegels_(#1020097),,,FDF8EABE-4679-4521-B361-BD611B183057,,Storey-1,True
3lexsa_aT0xRxuG8mGm8kh,IfcCovering,zinkwerk_(#1016357),,,D22C3EF5-65A8-4169-B885-91028A3252EE,,Storey-1,True
0Pbqta6Xr32OXw1kF3fR7b,IfcCovering,isolatie_(#1013346),,,6CE3B85A-80B6-4C88-A1DB-F408954BBF0A,,Storey-1,True
0E1xriX1f2kwdT1o37Pk87,IfcCovering,betontegels_(#1028775),,,1517507D-685F-4024-807A-A5F26AF5A1D7,,Storey-1,True
0qwdtNZk52iuuNee0Y3W9h,IfcCovering,betontegels_(#1021372),,,76CB24EB-6BBA-4A44-83CB-A4F1BB184D15,,Storey-1,True
2C75_A81bDNRdAy65om9p7,IfcCovering,betontegels_(#1025954),,,B75D53B8-FFD6-462F-8217-654BEA1CAF7F,,Storey-1,True
2RW8xUGv96uPEIsJ2cPWR1,IfcCovering,betontegels_(#1019332),,,74E36721-74C0-48C2-9384-6AD9D695A183,,Storey-1,True
1urRnmbQ1DXxsOkwCY$sVH,IfcCovering,betontegels_(#1026682),,,81A1669C-1543-4437-8780-6578D7EA839B,,Storey-1,True
3jsGCV7kb2b86rOMtP8dzz,IfcCovering,betontegels_(#1028593),,,31A299F3-D091-4627-A375-C31BE1D400F1,,Storey-1,True
21xb2pVvv7n8vjep1zVF1p,IfcCovering,betontegels_(#1022987),,,5CDEF4BE-123B-42DE-A523-F9FC719D6D64,,Storey-1,True
2RhxpryvL8uvdEWDGoljFF,IfcCovering,betontegels_(#1022052),,,6DF87EF7-F22B-4AC8-9FD2-87664AD457D6,,Storey-1,True
1X$020lUzEYR3RU_2Pka2q,IfcCovering,zinkwerk_(#838215),,,692C4FF2-7EAC-4568-A919-F78239BB115D,,Storey-1,True
0QxMuP0oD0YvtXZuMakUew,IfcCovering,wandtegelwerk_(#981461),,,4BF1758B-8109-4EC8-8BB1-E2C547EC65AF,,Storey-1,True
0Po_JFGY50XvLDdByW2Bpx,IfcCovering,betontegels_(#869005),,,0595B61F-B917-4296-A5CF-1307B60066F5,,Storey-1,True
1V13QYvODBa9uW1amKQPhT,IfcCovering,zinkwerk_(#866447),,,8D7E17E9-46B0-49F9-B81A-2AF320EA8429,,Storey-1,True
3zs9U0xgf92v1heWmuAepv,IfcCovering,zinkwerk_(#844968),,,7323758C-72C3-4A24-B5A8-BBC30E87BC04,,Storey-1,True
2JANbut$T8nxt$hODeUiSp,IfcCovering,betontegels_(#870734),,,9A2D5096-7BC4-4543-A9FF-7B741B6C9B9C,,Storey-1,True
0FyMAWzxbBawFadYkECtei,IfcCovering,dakschroot_(#780721),,,5AD3FED5-2020-47B0-B3AF-4AF1F221C608,,Storey-1,True
3tNbDVOAvBQgN5iuW4w8zc,IfcCovering,zinkwerk_(#848950),,,D298DB34-AF98-41A8-881A-859F157EA22B,,Storey-1,True
2Z3HxXa894BPPjdtbbkjn5,IfcCovering,buitenblad_(#835912),,,64918B2E-6F29-4396-AABE-0FC6BC19CF67,,Storey-1,True
09PjpLOMb3oOqywlkDOrjl,IfcCovering,kantafwerking_(#888765),,,EBCC1CAA-4714-4E30-9A0B-04E3C495893D,,Storey-1,True
1OTA1gAj9ATh84uH31OBDU,IfcCovering,zinkwerk_(#842582),,,E1EA39E0-5594-4625-BF3C-04026EEFDA7D,,Storey-1,True
3v7jjIBmv4zeDHY2O7CTFc,IfcCovering,betontegels_(#871283),,,2CE93A64-9B17-4E12-A2E4-96E388898B2B,,Storey-1,True
1iHShdTj5FLen2ZrbmOHW6,IfcCovering,zinkwerk_(#842328),,,B7F3FF7C-322A-40FF-BF74-51D8535CB6CF,,Storey-1,True
1VTTmSV6f6cevwx3o1FUZv,IfcCovering,kantafwerking_(#889557),,,2F4C5187-E18D-485A-837E-2C03D681F7CF,,Storey-1,True
1qPGssPd59qRwrFY12sSY9,IfcCovering,kantafwerking_(#889945),,,058B0B05-206D-43AA-A490-226ECB01BA7E,,Storey-1,True
2vauZnqDT7eARsn623l9v2,IfcCovering,vloertegelwerk_(#983295),,,DC88CD6E-7DD5-4BDA-8D00-80795B31CD06,,Storey-1,True
3q4SQU7r9ByuqNHoMOkqjg,IfcCovering,kantafwerking_(#847165),,,9A8165B7-7EAD-404E-A836-E42355F4F1E6,,Storey-1,True
1i5ogZ4K1AxvzSOEoA0oNn,IfcCovering,wandtegelwerk_(#983130),,,E3F18BA3-EBCB-467D-867E-FA1E9941BB69,,Storey-1,True
31tNRRGvH9svsZQwCRztCr,IfcCovering,zinkwerk_(#845792),,,E4C33D01-213A-47BF-A9A7-79AD8C24E57A,,Storey-1,True
2g9IuoPDb56wVJhEnIIJqg,IfcCovering,betontegels_(#870643),,,64CE6CEC-1937-4038-A4F5-7622F50FD39A,,Storey-1,True
1pWFB$LHL6KuT3eICUgb4v,IfcCovering,zinkwerk_(#850140),,,A6CBE4C3-23FD-4A66-A3C0-2D6BA4ED25B2,,Storey-1,True
27zGao9cH6YhZzZxcRahuu,IfcCovering,zinkwerk_(#873611),,,9987823E-4E9D-4AB9-8FB4-D12A6FD9E574,,Storey-1,True
1_7znYdaL2vvnbTkunNySP,IfcCovering,betontegels_(#869278),,,9B6A1DEC-E822-4BF9-A6E6-ED5E00E9BCBB,,Storey-1,True
0wgFUC16L8Xv1IzjR0JB_u,IfcCovering,dakschroot_(#978786),,,66B8312D-036B-4F99-B1F1-1B32506F1CF5,,Storey-1,True
0qSZe0_MXD0h6j88Hoo0$w,IfcCovering,boeideel_(#851152),,,4095703D-0C72-4C4E-B3E1-474CA9B5E67E,,Storey-1,True
3WDsHDSk90AecD23X$EHGI,IfcCovering,plafond_(#905929),,,BB2A5A03-AFE5-4697-93B8-B95FCD6068E6,,Storey-1,True
2G9o6gixn4hxdV2YeCaESS,IfcCovering,zinkwerk_(#864410),,,0B50B973-B22D-4062-AC39-31363D30AE75,,Storey-1,True
0xKpW5L4T4_wLHVmTOP9bY,IfcCovering,zinkwerk_(#973249),,,1F5C5C09-D5BE-4F2E-9313-57FE8637EF61,,Storey-1,True
3IIR8eR1r0R9p9uvc8Mf6n,IfcCovering,zinkwerk_(#837360),,,7720534A-D707-46BA-927C-EA57AF49B3FD,,Storey-1,True
3B0cImQo95AfLsdJUYrJMh,IfcCovering,wandtegelwerk_(#984091),,,6886D1FE-59E4-4448-B7E6-2EFD8E8099B2,,Storey-1,True
2fil8fFyH81ORzaSPhzet0,IfcCovering,betontegels_(#873194),,,7D7C4D02-5864-4E17-9AB6-F466328C35F2,,Storey-1,True
3K0wSSa5bE79buUWIwnSLF,IfcCovering,dakopstand_(#802156),,,1C1BCB15-5285-4FED-BEEF-51A34CA0F15A,,Storey-1,True
1KT4KC8xXFpRlZd_IKq4gU,IfcCovering,zinkwerk_(#865429),,,6618733D-5373-4F20-AC3D-98D24183DA8C,,Storey-1,True
0BJNdd9oH5pfWkFa2lD4pf,IfcCovering,zinkwerk_(#864823),,,DE989EFC-0C08-418A-A978-F6971BF857DB,,Storey-1,True
3xzEe0T8bCWBjU_VXTmQ6b,IfcCovering,zinkwerk_(#864224),,,3C54B654-E030-4D07-937B-1507E9889148,,Storey-1,True
3S2Pvwt9T9OPbJeTxCxDaO,IfcCovering,wandtegelwerk_(#981624),,,4943E85C-2D77-4BE2-8F31-A2F2475E483C,,Storey-1,True
0exdr$6zj4fQBj$3Uj_0qO,IfcCovering,betontegels_(#870279),,,DA6A96E7-006F-40C1-81E6-7847ADBF569E,,Storey-1,True
0L0lEU90j7FPf_OAXcJ1ox,IfcCovering,zinkwerk_(#849802),,,EAB177F6-101D-4B7F-9365-5D97556A403D,,Storey-1,True
2HeP5tiWbEkQWeynxY6g35,IfcCovering,kantafwerking_(#847558),,,D1E1A40F-62FE-403E-908C-A2C670193E79,,Storey-1,True
3gfqbsYlL5ugfoMiSI7zVP,IfcCovering,buitenblad_(#840018),,,B00404F5-A16B-4EE2-8E46-44FF4D10D109,,Storey-1,True
2PTNT3DwLCO9bi_vB8A6Oz,IfcCovering,wandtegelwerk+_(#980744),,,D3014413-D637-4AC8-9797-569E84A2F8E3,,Storey-1,True
29Msnxde1Dze22H9_YYN9$,IfcCovering,zinkwerk_(#837695),,,0EBDFCF3-841F-40E7-B57D-B02913442807,,Storey-1,True
1CetqsUbj30BJWYHjEAeBN,IfcCovering,zinkwerk_(#777880),,,C2E6A680-413A-40F4-9C92-C2128629DC25,,Storey-1,True
1Jbf2tomj9wvYhPhJuorCt,IfcCovering,betontegels_(#872102),,,1B634E20-060D-40CC-AB52-AC152B238663,,Storey-1,True
1SuTK8M3v35APOdkg4zwPz,IfcCovering,dakpan (vlak)_(#828839),,,070E07B0-E65F-4F7D-91F7-5A94DACB9A86,,Storey-1,True
1HOR_Hm891fB0ED3zYydv9,IfcCovering,kantafwerking_(#890349),,,E377A431-08B2-4B39-A7BE-295A83F0FBEA,,Storey-1,True
2uJK3eK$549BqnuK1_54YD,IfcCovering,zinkwerk_(#853196),,,A373CDDA-AE21-472B-BA66-F6ECF11C0E87,,Storey-1,True
2MtlItV3D4awUFvxmyJJHJ,IfcCovering,dakschroot_(#977791),,,75D6DB6A-23D9-4DE0-9018-9B6147FD6437,,Storey-1,True
1KjQmrDzL1FwSdAPuOT1ca,IfcCovering,zinkwerk_(#977707),,,7F2742F6-71F2-41E7-B427-4F4D3CC178E1,,Storey-1,True
1xTEdklNfBnOKmE_Q1qkHL,IfcCovering,wandtegelwerk_(#979191),,,0335F8CD-9A70-41FF-B0CE-4C56EB20D111,,Storey-1,True
0pV8eki8zCsefy35p96p0h,IfcCovering,zinkwerk_(#974441),,,9E10A216-D84E-4093-839C-516A79F48162,,Storey-1,True
07cG4vr152GgBk2Q72_UbX,IfcCovering,kantafwerking_(#891141),,,918DF75A-A79F-42F9-B880-6C368BDAD19F,,Storey-1,True
3$dmuTcdjCdRaU$JDZZi4l,IfcCovering,kantafwerking_(#847359),,,00ACC741-0E0A-4B3C-85C8-3DA4B7FD30AF,,Storey-1,True
3RqzpgxRP5o8I3joEa28qO,IfcCovering,buitenblad_(#836616),,,2C1ED237-2AD3-45D5-BE0C-D131A8F6CAE7,,Storey-1,True
2hqD5zgRj0CQqvnqm3NjKC,IfcCovering,betontegels_(#872648),,,A7D5102D-6EA7-4595-97AE-1D07220F412B,,Storey-1,True
33aGP4gnfAIvyYmseq5SNX,IfcCovering,zinkwerk_(#846039),,,57A83145-3C4B-4B4A-82A3-2AD7482559AB,,Storey-1,True
37jDaf3PnEKhPH8PdjYeA$,IfcCovering,zinkwerk_(#866125),,,E70B14EA-5922-4CB5-AF4C-FC8EE56F6939,,Storey-1,True
1m3NQvVIv5QOxVfXM8jYmA,IfcCovering,zinkwerk_(#865878),,,A67E03AE-E5D2-48CB-AEE1-F589DFF59949,,Storey-1,True
0ioOOKfXD9aRGY3ERZ6BkM,IfcCovering,zinkwerk_(#862824),,,E68D5550-9DB2-4555-BD3E-710476B1C391,,Storey-1,True
2ODGQAulT1SAkb29zzFBbY,IfcCovering,betontegels_(#869096),,,1D457449-6785-4C3B-93CE-E02287AE59A5,,Storey-1,True
3rYCoYwsb1LOkW_rDx4Q3h,IfcCovering,betontegels_(#869642),,,34FE0501-99FC-4311-947D-78EEC1C70518,,Storey-1,True
1Oji0lxvr8hQJSnV_gQX6M,IfcCovering,zinkwerk_(#973159),,,F2DF6005-683A-4F2B-915B-06DFBB1B716D,,Storey-1,True
3P9CgPPZL3bwIcKiU0t_ZO,IfcCovering,gipsplafond_(#809067),,,3F544289-7A3A-4DC2-AE87-9FB98F4C6B66,,Storey-1,True
2VECTsx1j7tvYwrtvvd72j,IfcCovering,betontegels_(#871647),,,0A033FBA-2E3A-4C6A-BDF6-F915FAC4596B,,Storey-1,True
1pkKYO9CPDOwIsKuWmvAkd,IfcCovering,wandtegelwerk_(#977304),,,90E95181-87D3-4C3F-82B5-86E2043AD166,,Storey-1,True
2qJbh2R6XFeedp9zHT1Cqt,IfcCovering,kantafwerking_(#847756),,,23FCD819-A4D4-4FE3-A82E-604228432A65,,Storey-1,True
3kG5I6tBH5AvpZV2sGXWEr,IfcCovering,zinkwerk_(#854515),,,E342EF7B-713C-43BF-BF20-D3F010649909,,Storey-1,True
1SHqXY7hz3yx0l5DAuN8P3,IfcCovering,kantafwerking_(#889751),,,2B748B0B-00E0-4A1F-AA4E-C1885CC53E66,,Storey-1,True
0PHsUIvb94i9RQb8U_4Lsg,IfcCovering,betontegels_(#872830),,,C2DF78DB-B5CD-44FB-BE44-32AC4364F622,,Storey-1,True
3G6FmOngj9jR4mLr4NsUrv,IfcCovering,vensterbank_(#818880),,,98BF6046-3E9C-4062-93D2-54B2DF2CCD00,,Storey-1,True
0ek2T$BT50Pgh9EwZc$YAy,IfcCovering,betontegels_(#871101),,,1059AB60-963B-4894-9446-A0E3443D2A68,,Storey-1,True
2o027dFL12kxETDvujlLqH,IfcCovering,zinkwerk_(#977881),,,A6884235-6494-460A-8460-6B8C64087974,,Storey-1,True
3GF8AZDW9FaeCxJMHszCT9,IfcCovering,kantafwerking_(#890543),,,1215A4EB-3B4E-4DAE-96AE-4159A79DE5AA,,Storey-1,True
3ACDLUmpPBHB9NZ2t52mWE,IfcCovering,zinkwerk_(#849166),,,1E2D5C59-7B09-4DA6-8EAF-4C50F90F56D3,,Storey-1,True
2lP6efUX5Clxh8lgEp0J7k,IfcCovering,zinkwerk_(#873527),,,65C15681-BB44-4E35-A455-6B19299F714A,,Storey-1,True
3ttQuAkQDCbBsE6GiMfaLT,IfcCovering,betontegels_(#872557),,,6C0569D9-4DC2-4D86-884C-C14A02E7DC0B,,Storey-1,True
3aHo4k_WH15OYQFJvM8WnZ,IfcCovering,wandtegelwerk_(#979354),,,A202C477-6A48-41F6-8FDA-BDDED71D23ED,,Storey-1,True
07IE6DrEz1NvRLRtyWVUSe,IfcCovering,dakisolatie_(#841693),,,605293D9-661F-47E0-99A2-6524942A5DE3,,Storey-1,True
3k59HeCuL1aOIYSc_S2xA6,IfcCovering,betontegels_(#870916),,,6E89A375-C01C-49E9-AB3D-2658AE39AB24,,Storey-1,True
0XSqg6KPTDPeRgL4W6dybN,IfcCovering,vensterbank_(#868801),,,CB465FB0-6982-4D52-A200-33D1B8F94DF6,,Storey-1,True
0Q_X6d_CT9jBs_hASQL2iu,IfcCovering,betontegels_(#872375),,,341AC7D6-5C38-4B2A-A9A0-EDABC7A1647D,,Storey-1,True
37I6N96xjALhVH2IGb9sF6,IfcCovering,betontegels_(#871829),,,5DE79084-2908-4DA5-9837-965F21713F08,,Storey-1,True
0qcOYgOKn4w8o5HZbgyr_c,IfcCovering,kantafwerking_(#891529),,,C3122047-B13D-4208-B852-B82241A57432,,Storey-1,True
1YyMrzW3n4De5C3QpM8aa1,IfcCovering,boeideel_(#777213),,,15B28858-0F1E-45B2-8F0C-D8DAADED1CC5,,Storey-1,True
0ggxwS1_H1KOM36BylECnM,IfcCovering,betontegels_(#869733),,,227497A8-D004-491B-B82F-C2B75BE718C3,,Storey-1,True
3KXNctQPXFVAo5ta839t8y,IfcCovering,dakpan (vlak)_(#781078),,,6C2B984A-2721-4B66-A2BA-AD0A132089F0,,Storey-1,True
11Gewmyez0y9VwQXPm5Z9i,IfcCovering,plafond_(#824484),,,0BE6A7E5-1F79-4F66-A617-A3435FCF0AC6,,Storey-1,True
2_ee9r$6LClh4Ml_ZciuP6,IfcCovering,kantafwerking_(#890940),,,EDB03E21-CA4A-44E2-B93E-176D05181DD1,,Storey-1,True
0OPuzLKYP5cAFy9Mc0z_iW,IfcCovering,boeideel_(#853011),,,C06D79EB-1547-437D-A602-381B81C2254D,,Storey-1,True
0_EGW7F$T0qRM8bg6qNw59,IfcCovering,zinkwerk_(#873285),,,08840C6A-0950-42A2-ACF6-8C87E3289EB0,,Storey-1,True
0y2eBH13fBTxYwpnotEMB9,IfcCovering,wandtegelwerk_(#981787),,,DF0195BA-D1B1-4369-BFED-251534BA9E6F,,Storey-1,True
32C$PZzCLAWA34iy5p2x7T,IfcCovering,dakpan (vlak)_(#861866),,,3B8A6F5E-B3E3-4CFF-8476-5A98223019B0,,Storey-1,True
3_6Vd$7Pb1XQVSC3X7CTWK,IfcCovering,betontegels_(#871920),,,09B8E6CA-6DA6-4742-8759-F190BF2A585A,,Storey-1,True
3NeH0L1Vv8jesoW1VNdMRa,IfcCovering,zinkwerk_(#837988),,,1BC01809-1A6F-4634-8A43-9B3614AF0702,,Storey-1,True
0dCZiEk_rF6Rf4wvfRiLSm,IfcCovering,dakpan (vlak)_(#838628),,,9C8EA61C-CA96-4264-B3DC-FD42AB7BBE03,,Storey-1,True
0MBnkyGtPBhh7xfg7kkue8,IfcCovering,boeideel_(#863172),,,4D648F9B-D7B3-4A19-87A5-33DBAB40BB9C,,Storey-1,True
3VM9LfW0LB1PdD7vQi9L68,IfcCovering,dak dakkapel_(#982398),,,124259EE-8047-4628-95B6-434E928A0706,,Storey-1,True
1JqdbmzI19EO9INhqQzSHC,IfcCovering,zinkwerk_(#849464),,,C3696222-4AE7-4898-8760-79D42E14B7EF,,Storey-1,True
1HQ9R8Li1AnhxWHsw9XlYX,IfcCovering,kantafwerking_(#824159),,,17F22ED9-8DE3-44F1-B362-A36295DFCCD2,,Storey-1,True
3aUmd5HunAVeBiml2cUJMr,IfcCovering,wandtegelwerk_(#983757),,,76FB1201-FD33-437A-B474-426822C0FECB,,Storey-1,True
3S2UwQYBD1DxMnHe6Z8o3d,IfcCovering,dakisolatie_(#836476),,,D6E864BF-0ED7-4DCE-9C4D-4B46C655E45D,,Storey-1,True
2RpswsxWvAN8CR9F7ZCoIY,IfcCovering,betontegels_(#872284),,,1514D81C-9E36-4B3C-9A8C-97F337685ED4,,Storey-1,True
0PDOKgUUD4BwqmovJax3J1,IfcCovering,wandtegelwerk_(#983431),,,940C54B3-7220-4CBD-8FCF-594DD8BD6ABB,,Storey-1,True
17McJc9Aj8ses0poulkaZY,IfcCovering,zinkwerk_(#865676),,,0CD00A2D-F0CD-4830-A8C1-9DB953E95EE2,,Storey-1,True
0v5VUmnvfB9Omc2J3sV9T$,IfcCovering,dak dakkapel_(#854644),,,FC5F70DE-7B9D-4F7F-86AC-01E568321BC9,,Storey-1,True
0mCv7DDRj6NQyEDBDc_eub,IfcCovering,betontegels_(#870188),,,99F72099-9CEF-4065-BA1D-24090B025B41,,Storey-1,True
1kvFLdOxr1CRdZTVTwfAuB,IfcCovering,betontegels_(#871192),,,5654A6CF-866D-451D-9225-B593BF0A9199,,Storey-1,True
3LzYJ3ELv42QRtjK3m2bZp,IfcCovering,dakpan (vlak)_(#860975),,,1EED792E-3E37-4A5E-A28C-FF52ACE2D18F,,Storey-1,True
3kQ33dCmDBW92ULbwxDqBs,IfcCovering,betontegels_(#870461),,,85F5B576-3194-4BB6-8C1E-8FE2216ED466,,Storey-1,True
3q7HCyQc94Su4x32PpzdBP,IfcCovering,buitenblad_(#840409),,,20D9C281-3A71-49E2-A034-1F1C4F859E68,,Storey-1,True
3iMYQ$kH19KBtP5YkYaF39,IfcCovering,wandtegelwerk_(#981950),,,271F477D-942E-4F15-887E-226633E27E4E,,Storey-1,True
3YhLQ9j6990AFPMzQvgZmC,IfcCovering,betontegels_(#871465),,,948FABCA-863F-407D-A18C-4831DC6E6584,,Storey-1,True
2tyM7GhvjDrefPtYO3Cx4L,IfcCovering,wandtegelwerk_(#980265),,,D37B4C52-C415-4EA0-9DCB-CF5D51FAB4FE,,Storey-1,True
0mDW$FTG50sQ6xhuSgtEnb,IfcCovering,betontegels_(#870552),,,5E133CC7-9E8B-490D-A0D0-80454FB24F44,,Storey-1,True
1hWVbUH8jAOPFfk5XrZUvA,IfcCovering,zinkwerk_(#864022),,,E46DDBDE-0E70-4A8A-98D0-9B17495665B4,,Storey-1,True
3Pd8Y9CXj1HQU4pXOj9Hh3,IfcCovering,zinkwerk_(#856365),,,79DFA20B-E153-48E6-8D08-FBAC2935B142,,Storey-1,True
0KMKHWEFb9ohM9KQYLfIZV,IfcCovering,betontegels_(#872466),,,57422986-6E49-4123-A173-6C682B9E6D80,,Storey-1,True
2bfb9_7fT64vsc5yn02JGv,IfcCovering,betontegels_(#869187),,,5BA8A1AE-15A6-45A6-8DC0-2F531D7690DF,,Storey-1,True
3LqTvwfrbB68oW_1fMV7mX,IfcCovering,zinkwerk_(#842875),,,5B1865AE-18E1-4E11-B683-5FC47F185460,,Storey-1,True
288QzJcaD18A9zaEWhH1Xz,IfcCovering,betontegels_(#873012),,,57DEC0E7-FD10-41BA-B5A6-FFA940162F55,,Storey-1,True
0psdW$WVD6RPdjoLutbr58,IfcCovering,kantafwerking_(#890148),,,84DC9D1A-B577-4196-9378-B8206EB5774C,,Storey-1,True
1UdBtJPnHE$9Nlfy70PCXp,IfcCovering,buitenblad_(#840218),,,77B73089-6D2D-4400-A0A8-8BC8B2CD3DAE,,Storey-1,True
3FG5IkFKH09BSSh1NN2fea,IfcCovering,kantafwerking_(#890737),,,EAE200DE-01C3-43EA-ABC5-B710ABA9339E,,Storey-1,True
1tpngPjIrEHAxwcKAQujZu,IfcCovering,betontegels_(#868914),,,8B20644C-D8D9-4D42-B389-CB9A1935EBA2,,Storey-1,True
3lFF9l37D7$u_cA_qDyz41,IfcCovering,betontegels_(#871374),,,DE6B83DE-FB30-4C80-9ABC-F6AB0140DF34,,Storey-1,True
2bdCfmt$jCe8cUXLuK4ux6,IfcCovering,wandtegelwerk_(#980591),,,CFC7BE1A-CEB4-4A34-8F1A-A1BBF291AB08,,Storey-1,True
2iiZjkleTB988AWvXWwZ9L,IfcCovering,kantafwerking_(#891335),,,C5B093F4-CF97-4008-89E1-19C2DFDDAC0A,,Storey-1,True
0yrhGeugHFU8rlb8uAFtF3,IfcCovering,wandtegelwerk+_(#981191),,,DA2642E8-6DDE-45A4-BE73-6E3FF71ED675,,Storey-1,True
2mus5Sthj7uw17x7DTtkqi,IfcCovering,buitenblad_(#836276),,,33D1E191-3421-45AE-9A12-3017B4140701,,Storey-1,True
2UeGgdPyvAXvzdxRUCYB9r,IfcCovering,zinkwerk_(#866769),,,1DB99B29-A6A4-423C-9A26-CDB126442A56,,Storey-1,True
3dNK$MS_vFigw1VrT3aJfX,IfcCovering,boeideel_(#856449),,,77AD5423-85EE-451F-9092-DFCB56A1A869,,Storey-1,True
02a_Cy9M9BHPBE2V_SxplS,IfcCovering,betontegels_(#873103),,,192BA55B-F06A-4C82-8CC1-E3BD18D4236E,,Storey-1,True
2JESpL9AP3iOsevVnVxMD_,IfcCovering,kantafwerking_(#888959),,,1E47246D-BF42-401E-9539-D56B3C34543D,,Storey-1,True
0Bpm1vYLrApgCJFA_IpJWa,IfcCovering,zinkwerk_(#855859),,,351A9CD8-56D2-48C7-8963-D7DE00BEC758,,Storey-1,True
1gvos6J_5AEgb7FEwMp4cn,IfcCovering,betontegels_(#870097),,,6EC1B261-DCDC-42EA-8662-319183AA018A,,Storey-1,True
2nUry5iYX9QAilWBCGk$96,IfcCovering,betontegels_(#870006),,,ED17B728-7E4B-4091-B2CD-697DDFAFB006,,Storey-1,True
1jx9hrqQ98O925iBvf_Qbw,IfcCovering,gootplafond_(#850239),,,0D8AF90E-9999-4F4F-8DE4-6EF4383EA977,,Storey-1,True
07tfatRKrA9BmkUXErIkBf,IfcCovering,boeideel_(#863257),,,2CB1E7EC-0B2F-419B-8105-1B355238BD7A,,Storey-1,True
2NSbWKZ9b6C8LfH6oEmqKr,IfcCovering,betontegels_(#872739),,,3CB9A872-2132-488D-92D9-0E6659FBE6B8,,Storey-1,True
1xvfOOKW1CnfgQKC1ueVfv,IfcCovering,dakpan (vlak)_(#778064),,,F930C949-9A66-4982-9FB2-5BC356C4F2E3,,Storey-1,True
22aoBs1fj3TfUxsneiLbnH,IfcCovering,vensterbank_(#847000),,,7E43DC2F-6017-4BB0-A2DA-EFD7108E3D63,,Storey-1,True
25zsHlObb589Xi0DfE0s5v,IfcCovering,betontegels_(#871738),,,820B5022-EDAE-42F7-815E-2F206F4AF8A8,,Storey-1,True
0boHo_WQLCVwG27hWJcNSn,IfcCovering,kantafwerking_(#889356),,,522109DB-AB73-4ECB-BB42-FFE9F60B19D8,,Storey-1,True
1OaHO_zRr6NuH4R9O34jpa,IfcCovering,zinkwerk_(#977623),,,05B4D571-0010-49A0-8CDA-9595CA42330D,,Storey-1,True
3B59jcdUr0yPGjquymla2Z,IfcCovering,betontegels_(#871556),,,B42DA285-6545-431B-9C8B-38F5FF5EE773,,Storey-1,True
1d0FvsWa5CEPL0M9RwjZNq,IfcCovering,zinkwerk_(#866971),,,A5E685EC-9AE8-413B-B80A-A649BD547AC0,,Storey-1,True
1AM3ZHs3T7z9DgOs8RIl4C,IfcCovering,boeideel_(#853447),,,57F67D8A-24F0-4930-9724-247B7C8BF023,,Storey-1,True
1isb45ef56VPzDWkSWXxBw,IfcCovering,wandtegelwerk_(#982804),,,2CB12550-64CC-47C0-8F5C-799518E095E8,,Storey-1,True
0fLzSn3X5BbQ$WMxh4zlvW,IfcCovering,kantafwerking_(#822409),,,B96C33BD-E0D2-4322-8E2C-934B3E493D76,,Storey-1,True
3zKp2PwF5Bvvh$728TMz0R,IfcCovering,zinkwerk_(#864576),,,F16BD9AF-27CA-4DEC-884F-64150B0621EB,,Storey-1,True
2khwqV6hr46O9K5EcuBFz1,IfcCovering,dakpan (vlak)_(#825064),,,82319B0C-466B-442F-BE28-094B3A43DD9B,,Storey-1,True
1y51a9q2T2URInnTwfZi9A,IfcCovering,zinkwerk_(#846286),,,A441BB89-9DE7-436A-96CD-5BF9AB693EE8,,Storey-1,True
2eUvgGABX6XOOfshOo_JMi,IfcCovering,zinkwerk_(#865025),,,3F3C0175-48B1-476D-B6E3-B34B64D1EBEF,,Storey-1,True
0ctJNNlRTB29yMz_ZAH14t,IfcCovering,boeideel_(#834879),,,07191BEA-591D-4A6F-B99A-86D45ABD100F,,Storey-1,True
28e$0NOwv6WOcXk2dUHCkW,IfcCovering,gootplafond_(#853807),,,35D6EB75-1D14-4679-B061-AE2B9C51CF4D,,Storey-1,True
13oVySZfrD7wX9Ra8Dob4Q,IfcCovering,zinkwerk_(#780544),,,7EE183B6-953A-4F4D-9CFE-9308CD892E0F,,Storey-1,True
1ROU019B5BAxcHX_OSaLaP,IfcCovering,gipsplafond_(#801873),,,FAF8D5C4-6215-4F56-B029-8F84008179C0,,Storey-1,True
3Xi9AQQg142gwDpRUwabTS,IfcCovering,zinkwerk_(#862915),,,B5B01D76-ABB4-4E0B-8688-1925FAD082EE,,Storey-1,True
1DqS0YHf90hBqPCNOVQzgV,IfcCovering,dakpan (vlak)_(#828640),,,50973252-B74C-4C44-8D0F-9387BDAE39EF,,Storey-1,True
1cVUx1gMr8s8iQ6gUJklt7,IfcCovering,wandtegelwerk_(#982967),,,1029E335-61FF-4311-88D9-98D2835B1657,,Storey-1,True
1H3cqL7DH4lgI1yqgD77W6,IfcCovering,wandtegelwerk_(#983594),,,78B879C9-CD7D-4E20-BE25-885751DB9F18,,Storey-1,True
2ZVcPSkO12Lxl7AF0iKrk1,IfcCovering,wandtegelwerk_(#980102),,,11B6B8B8-1D4B-49A9-A315-42084D66114C,,Storey-1,True
0uO7vcnDf4LQ3NJsaFO5YM,IfcCovering,vensterbank_(#851555),,,51C06658-E49A-4EB8-9760-59C017D84EED,,Storey-1,True
0i0BxAJjb07PSuS44CDtdW,IfcCovering,dakpan (vlak)_(#841517),,,02861BF2-E483-4E51-A3FC-36CB22C99AEA,,Storey-1,True
0Inul6BZT9KQDHQRkSQY8i,IfcCovering,kantafwerking_(#889153),,,7729A799-FFD2-447B-A75A-CD7A13844388,,Storey-1,True
1dhosC1$LBsBgsBtrg3cws,IfcCovering,dak dakkapel_(#855988),,,9211CE14-FA5E-4CA4-B8F9-CF2F1F4D90DF,,Storey-1,True
3_6d3pDCzBe9EH_eJDHg5n,IfcCovering,zinkwerk_(#853365),,,029125A0-93C2-44A0-BF80-A3A62E782B4C,,Storey-1,True
31xtW0Jej0R9Zh3pr3g4B0,IfcCovering,vensterbank_(#851707),,,38922329-D77C-4EA7-9900-6F800F6FE59B,,Storey-1,True
0$My_f1DHEh9PBf5DVa4hV,IfcCovering,zinkwerk_(#834539),,,1C054222-E070-4EFB-8C7F-57AB18BFA57B,,Storey-1,True
1C0wwhYU93Iu55G$wYnQ2p,IfcCovering,vloertegelwerk_(#983918),,,458C5CE4-55F7-4C82-83F6-ECB485056947,,Storey-1,True
2pC6XFllbF8RIo9MRU5NmG,IfcCovering,zinkwerk_(#841993),,,E6326800-806B-4228-B407-4868927AA207,,Storey-1,True
2cgvvvRS1A0BHV5hE3Oclj,IfcCovering,boeideel_(#854178),,,39415C14-DAEC-4424-AF71-27AB70372DC0,,Storey-1,True
2_w2o8buT8b9cc0WI_7qk0,IfcCovering,wandtegelwerk_(#984291),,,30C2DB6A-C4C8-450A-B9A4-4B5D46D44BF4,,Storey-1,True
3gHxOTuaX889AQIbZ3Bvzr,IfcCovering,zinkwerk_(#862237),,,96EDCAC9-94C6-478C-BF7F-2D0ED0FAC97A,,Storey-1,True
3b1s3MDiz0hQvVUVbnYC9M,IfcCovering,zinkwerk_(#865227),,,AD00CB75-09F3-4262-811D-8A96C24B68D7,,Storey-1,True
1nVYr63wLFFf4L$9ggx1HP,IfcCovering,zinkwerk_(#977965),,,6E452A26-31EB-44B9-83FC-C9E281973E4A,,Storey-1,True
1H_cxqzSr1ofN3n03buTB4,IfcCovering,betontegels_(#869551),,,EE0360AA-C594-408D-A4D9-6517D557B941,,Storey-1,True
0DvynunQnDXg4h2B6gGIMY,IfcCovering,betontegels_(#872921),,,AFD4FC65-3E9C-4A18-B512-D0070D76FA86,,Storey-1,True
1ehtmWT0jFqw6aNKNLmQXJ,IfcCovering,wandtegelwerk_(#981010),,,AD04FCB9-9B9F-4546-A852-B073E0F48061,,Storey-1,True
3btFwVhA57yelaqB$cWiBv,IfcCovering,zinkwerk_(#867218),,,5BC5A039-F242-4E3A-A269-92CA40B8542C,,Storey-1,True
3RzxXsiJ9BFO2QiBiFB2Th,IfcCovering,gootplafond_(#978959),,,DB404424-1E01-414E-B06E-C5C3B018FCFB,,Storey-1,True
0EAi1gUu96Uxfkd3wt$Iv9,IfcCovering,kantafwerking_(#891732),,,69B40A9E-E8AF-42A0-ADA5-799CAE2E7940,,Storey-1,True
2Iko$V6$n8OPc$hb1aDvfp,IfcCovering,zinkwerk_(#863084),,,ABF6B468-9A24-4435-BEDB-B56D621E434F,,Storey-1,True
0Al4i$Xj52ig$p_$4xXXor,IfcCovering,dakpan (vlak)_(#786581),,,9709617D-B035-43AA-BDBD-BF06724C3F7F,,Storey-1,True
2H$939OLz5sgAw0gux8lCc,IfcCovering,zinkwerk_(#809318),,,4CF87CCE-5DE2-4C06-925B-381F11D8424C,,Storey-1,True
3buEhe6OjB6xjJkqrPU95Z,IfcCovering,betontegels_(#870370),,,B1F8E49A-9F59-47E1-946E-29F6EE1D7BEB,,Storey-1,True
28C3C0nKX5oe7G5ZHCYUkz,IfcCovering,boeideel_(#851237),,,A86FBB44-A92A-4FAB-801B-ECCEABF4805B,,Storey-1,True
28mlohrJLBUenrPaVfjFzM,IfcCovering,betontegels_(#869369),,,C9DC0690-0086-473D-9066-1A1A1B703E40,,Storey-1,True
3baktEsEnFF8UHJaUU0wXb,IfcCovering,betontegels_(#870825),,,3122A672-CF96-445C-A15A-AD325EDA18E3,,Storey-1,True
2p1MhCf55CLPOoQJ6EP8lb,IfcCovering,betontegels_(#869460),,,8FB620DE-D740-47BD-8A7F-D6F746DD00AB,,Storey-1,True
1HmifdimP7FRu7kZsPr0op,IfcCovering,vloertegelwerk_(#980874),,,C5DC2ED1-C043-4B3B-B553-00C61BAB8B8C,,Storey-1,True
26GXJJrYL2FRXhIKPjujED,IfcCovering,dakpan (vlak)_(#838471),,,62DA00E1-BF64-46B5-A2BC-0F27F2B9FC92,,Storey-1,True
3tmzRs2rDEBR9tnqUIhDbf,IfcCovering,zinkwerk_(#862424),,,284CBE43-110B-4811-890B-ED10DD810ADA,,Storey-1,True
0Z4$ek$eH0lBXbbrIOj6YB,IfcCovering,betontegels_(#869824),,,5ABB72F1-9E12-476D-ACD2-DCE4A961A920,,Storey-1,True
2a_ofabKX7QfqD8aVRamVm,IfcCovering,zinkwerk_(#780895),,,C94333EF-1DC9-4931-8DE2-5703B40652D0,,Storey-1,True
0Njg0ASUDC2xhqoAYbc2qW,IfcCovering,kantafwerking_(#824326),,,73D8A05C-3EEF-4418-BFF1-E5DADC5A07D3,,Storey-1,True
1M4OBHINXA7Qhb7YIoCViT,IfcCovering,dakopstand_(#843316),,,9A9A5899-1012-4C59-A49E-A07791FD0040,,Storey-1,True
3dXJU2$BfAfRpHg_D2WQtL,IfcCovering,dakschroot_(#831591),,,4BBFFA84-FE1B-49FB-A93C-0AB706DC0C1B,,Storey-1,True
0IwUcmFEXDpBH4Xfn6nuwy,IfcCovering,dakpan (vlak)_(#834703),,,08116E0E-4293-4478-B144-E8B1F64D6855,,Storey-1,True
3KLviyQdnAlPnTtCN1yeJE,IfcCovering,betontegels_(#872193),,,1E29A3C4-74E7-4F68-B163-9DAC518A55B4,,Storey-1,True
12CVyaQD14IgagBTdAxYst,IfcCovering,zinkwerk_(#856191),,,ED95F690-2487-4239-9CEC-060064D18805,,Storey-1,True
3uPj1FWAL6bxvPGGWLl_D6,IfcCovering,zinkwerk_(#809403),,,673D4C60-D402-4C9B-80C2-E658B3BCDE8D,,Storey-1,True
3OAiq2VYn5zuvoqhsg9so0,IfcCovering,zinkwerk_(#854347),,,50B03D6D-0CC5-4A39-8A52-D2A1FD00A038,,Storey-1,True
1zqpd4jZf9JA46wd3NIl51,IfcCovering,zinkwerk_(#979080),,,BACF0124-BDEB-4126-9A1D-A4D385A72973,,Storey-1,True
0Iw9huhtX9eR031FNUvyGU,IfcCovering,zinkwerk_(#849248),,,D14FED7B-E1E8-4F44-A2F0-0B6AC874AB0D,,Storey-1,True
0vqH9qGDL5PPGZ2v8DFoXC,IfcCovering,dak dakkapel_(#873414),,,36B7FBCC-9803-4488-8C41-4A544DE7590D,,Storey-1,True
1ASKvJtLfAP91fqCKzL2Oo,IfcCovering,betontegels_(#872011),,,6C53B511-91EB-4581-BEBA-DEF3E31BC736,,Storey-1,True
0R1Ix_ZJ14pQgk89EfOfL2,IfcCovering,betontegels_(#867306),,,F2082752-0399-4CDF-9D6A-D57F46389285,,Storey-1,True
2xEZyuKcPBtvkvpXE8MK8$,IfcCovering,betontegels_(#869915),,,4F7B59A2-B40A-4909-9283-0EEFAC8DBA96,,Storey-1,True
0bCtEMiDLF19DW5kulbKhh,IfcCovering,zinkwerk_(#825702),,,92C0ED0C-E21E-4717-9AAC-D2F7D87AD3A9,,Storey-1,True
1qkBDfSur35w0iyDXljLrD,IfcCovering,vloertegelwerk_(#981325),,,109A8BDB-F178-492D-8F21-6E00B5DCA000,,Storey-1,True
0odOF7FKLCcBT34nsWNJH4,IfcCovering,wandtegelwerk_(#980428),,,6930E0DB-CD1E-4F1E-9E44-B967526D6DC0,,Storey-1,True
22sxE$jUzFQfMY1EZZ_z5X,IfcCovering,gootplafond_(#843418),,,06D8D23A-0DC7-449F-8678-F7396B1F2337,,Storey-1,True
3uQC3I5ZXEhgYSV9yU$3x2,IfcCovering,zinkwerk_(#837106),,,FBC7D331-AA3B-4AF7-9B96-4022DB18302F,,Storey-1,True
3xwdNmzhH5SeS3gc5hwKKI,IfcCovering,gootplafond_(#853939),,,06913DBB-28DB-4156-AE3F-92340BF92A0C,,Storey-1,True
1j6ujfx_nBePVMi3PbgEeG,IfcCovering,zinkwerk_(#862050),,,E0CB8F6C-6FB4-44E1-B0BE-CBA3E75CF9B8,,Storey-1,True
0kCyCUhqbEGQsGQn3wN9WZ,IfcCovering,gevelisolatie_(#485040),,,4F8B9649-9B2F-4FC3-A8E0-198E8B9137C8,,Storey-1,True
0TWzSGl_13Gx3ZOU$j_XHn,IfcCovering,vloertegelwerk_(#591298),,,98A19DD1-BE33-44E6-8320-5BFD4768FFCA,,Storey-1,True
0m7de0PT5E$P1726yGjit$,IfcCovering,betontegels_(#403912),,,B4711CD9-8001-4384-A95D-50E29C4EE6B7,,Storey-1,True
3MAFZbPdvErBB09QeVPG5W,IfcCovering,gevelisolatie_(#367624),,,9966689D-9DE3-4FE2-9AC9-A46DC71B0A5B,,Storey-1,True
3uAb_m08HECP0nHNWbMSkR,IfcCovering,dakopstand_(#442004),,,DC028F1C-625B-4C44-9812-E89DE72783A9,,Storey-1,True
0VtrL_QTT0xPo9uY84zr0I,IfcCovering,gevelisolatie_(#481311),,,4263C32B-556F-4853-BCE7-70CED6FCEB18,,Storey-1,True
2gwW5cBGn3ZO1R4dSgkNi2,IfcCovering,zinkwerk_(#578972),,,91295DBA-C6E6-48B7-B6A8-9FF042286C0B,,Storey-1,True
2Q1ZZ_F2rE7xnFYZCum85l,IfcCovering,vensterbank_(#470849),,,E65B8A73-BC81-4D86-93F8-4CDD75AEB798,,Storey-1,True
3$iYjCcBb0kA1X_NezOBb0,IfcCovering,betontegels_(#409206),,,965F2570-9DC7-40A8-B06E-06B9089DB6D1,,Storey-1,True
0C9h0ruN50huAfwPv5tCUj,IfcCovering,gevelisolatie_(#362026),,,58952D13-E87D-4FF0-9622-1BC53D156683,,Storey-1,True
2ze9I9zUz0zxMhz24i3xDh,IfcCovering,gevelisolatie_(#430195),,,2B6818FD-5C03-4387-9985-389D0A840974,,Storey-1,True
21BudIqNrF4wXRveIf8hT5,IfcCovering,gipsplafond_(#472665),,,AD4FF477-93DC-44EB-8F70-8F594C32E6C9,,Storey-1,True
3qNOMW3nHA7vQazEQ_BNVX,IfcCovering,afdekker_(#373392),,,81C9A0CB-EE2F-42FA-A8AC-F8A28D9C21B3,,Storey-1,True
1G9dbX4aj6O9lT0sel9ACO,IfcCovering,dakopstand_(#442156),,,6857F36D-8155-410C-8E82-0E2FBF854DEC,,Storey-1,True
1TCChn1M96QfdlGXe4OAJA,IfcCovering,zinkwerk_(#478555),,,128B1EC7-7185-4388-BF7B-A258393E631F,,Storey-1,True
0SuvegnQ19p8hZpGO4OVt7,IfcCovering,dakopstand_(#442308),,,ACE95C9F-5791-443E-BE1C-58ACBC9D698A,,Storey-1,True
26YEJQRn934g6aGgKMbbi3,IfcCovering,gootplafond_(#443585),,,5915C3BF-4D95-4EA9-9026-DDF688FA0205,,Storey-1,True
2L$WBuI4X4CvPc6SoOozV6,IfcCovering,gevelisolatie_(#382352),,,D575458C-A24B-4C36-96D5-D87324004773,,Storey-1,True
0lz1C4iSjCKPVSVZVcggYX,IfcCovering,betontegels_(#395890),,,DBCBACA5-A4F3-4540-A680-8F4873C3CE08,,Storey-1,True
2KVPUZ2l15BewVT9mkx3S0,IfcCovering,wandtegelwerk_(#590689),,,EAC2555C-86A2-447E-8C89-6AD7C0F8F6BE,,Storey-1,True
0Ffx1IEKfDivJxeOxFfsGd,IfcCovering,gevelisolatie_(#349165),,,C5D8A823-6C69-4D59-BD62-238B39481B16,,Storey-1,True
1hViymJzbDqefYDmD3VgLb,IfcCovering,dak dakkapel_(#469946),,,8FD321A8-1B25-43FD-BB97-2738623D99E6,,Storey-1,True
3X0yZdVhTAJB2u_UJpiylm,IfcCovering,zinkwerk_(#587050),,,0EFD2E32-9457-4CD1-9C6A-88F84FB1B979,,Storey-1,True
3RcvsdfHb4r9aKgmhm$e3o,IfcCovering,betontegels_(#357181),,,4703B43A-8C3C-460C-A34C-CA82749EAFAB,,Storey-1,True
3uizQybkDE19KFVKUrkRs6,IfcCovering,zinkwerk_(#587780),,,19F60F81-DBFB-4546-BA40-7D48582D7513,,Storey-1,True
3m$dMUHcP0FO6luDBFWVhI,IfcCovering,gootplafond_(#444327),,,F59FE6CE-CF8B-411C-B382-BF5BAB803CF0,,Storey-1,True
2Pf5DivxHCsgFhCfhFsA$c,IfcCovering,wandtegelwerk_(#593604),,,AE3C50E5-44FC-4F5B-9E24-6F840E88D791,,Storey-1,True
3_4JS4S$1DA8VO8n66LFe3,IfcCovering,gevelisolatie_(#362608),,,FD20FD86-CD28-4939-9EB2-D22DC04D1662,,Storey-1,True
3HLB9JVfX1yfUQGpx$y9Rk,IfcCovering,gevelisolatie_(#384486),,,5335BF81-74C1-4C57-9170-48C031102CED,,Storey-1,True
2EFNP4fDX0_u78sxUjPG3W,IfcCovering,gevelisolatie_(#390687),,,35B30BFC-F485-46D9-997A-A745ECAA57F0,,Storey-1,True
3fCE0LXxX1sem_TH32jUaz,IfcCovering,wandtegelwerk_(#596157),,,D2145FC8-E849-40BE-AB0F-35BEF59CA061,,Storey-1,True
3_bKi_5Jv5hwiBweLWKXXJ,IfcCovering,zinkwerk_(#474305),,,9D4F525D-929D-4198-A2F6-2130F0293AC4,,Storey-1,True
39HUzO$PX3YPFScu75kVna,IfcCovering,gevelisolatie_(#387512),,,1558FE83-FCC6-4106-86BC-63C3F3EC51A5,,Storey-1,True
3BbJ7WGPvEARNjh2rDfhbp,IfcCovering,vensterbank_(#512523),,,18F230C5-2653-4D21-B0A9-4779E67A66F4,,Storey-1,True
19pi8id0n1MQT1khXyoW77,IfcCovering,zinkwerk_(#432888),,,37D407B4-20C1-48B9-9FC4-389B170BCE81,,Storey-1,True
2dADq0D8P2EOjGnzFZWR9I,IfcCovering,zinkwerk_(#585004),,,496EA5D4-2C4F-46F9-9EC5-126D9729AEAE,,Storey-1,True
3F7z2gJ516rvF0LxBFxeCd,IfcCovering,afdekker_(#480418),,,0CD5142C-A10C-40DA-A854-2ABBB7DABAB4,,Storey-1,True
3KZHmQtgP4zRlp8Tf0iyQj,IfcCovering,gevelisolatie_(#485663),,,F6CB5840-AE69-44B9-98C4-027184230D04,,Storey-1,True
3WHyiiSGzEOQrWpgqEzbU5,IfcCovering,betontegels_(#409388),,,9B9ADBE5-1716-43AF-9036-AB9B9870F3C3,,Storey-1,True
3FQTOktbP3uPk66oUAsHfW,IfcCovering,betontegels_(#355685),,,901AF689-14F6-4BD3-9BE4-FD28653DEEE5,,Storey-1,True
3q9ILP5ET8Y9pJofOHVdiN,IfcCovering,wandtegelwerk_(#596511),,,847925E4-173C-452D-8380-65AA891DED8F,,Storey-1,True
2Sqs$ai2P2_Ps1sphRuNzB,IfcCovering,waterslag_(#492762),,,79B0EAB1-B987-447A-9261-0BF2D97717A7,,Storey-1,True
0XonnLOzbDlRma5XKIuxsr,IfcCovering,zinkwerk_(#467897),,,A1E7D5F2-920A-427D-9B1E-ABD0AF4B5477,,Storey-1,True
1F6okEDDbBVxEidOsByRiq,IfcCovering,vensterbank_(#472231),,,431CA30D-524F-44BC-BF5A-0BAC51B8B846,,Storey-1,True
0XVr$xJIz6cQ2NPTIshUYp,IfcCovering,waterslag_(#511689),,,DF2446AE-020D-445A-A23E-D867621B4F7B,,Storey-1,True
3GKphnI2PCkfDXib2XbJ9i,IfcCovering,vensterbank_(#509150),,,508B0722-2646-4FF1-9042-792DEC403EE6,,Storey-1,True
1CxkOPrBXA5OMtWM4j$bHX,IfcCovering,gevelisolatie_(#387321),,,3A22F236-ED0A-4232-BC27-DD8A4835B3DA,,Storey-1,True
2FeZDGIbv5PgV4OnbT2mYz,IfcCovering,gevelisolatie_(#392201),,,B385D2A2-B592-4405-B9F7-B42F1A2709DB,,Storey-1,True
2ndvDIIMHEEutq4IvL88Pa,IfcCovering,betontegels_(#355505),,,AC21AF60-6D76-4BE8-8653-51BE5210768C,,Storey-1,True
0a4n363BvCne4fqGo8tSD2,IfcCovering,betontegels_(#357723),,,328619C0-04C0-44B8-9462-7DFD9806B57E,,Storey-1,True
0qrLlxlijEwAHF16r8YEDq,IfcCovering,zinkwerk_(#507799),,,B3CFD50E-5556-471B-BEA5-9ACDF8EE5F0F,,Storey-1,True
0LAzr5N652b9oYcfmqtFPs,IfcCovering,gevelisolatie_(#361453),,,F06A4DD1-D96C-405C-82A3-CF7B21CB8199,,Storey-1,True
2NK0rfdAjDlx6YaZ4e2hHS,IfcCovering,wandtegelwerk_(#591885),,,4E83B137-FFEF-4E8E-9A11-88CC78EC3409,,Storey-1,True
1qXU2fJHr1P99UrTV053_a,IfcCovering,wandtegelwerk_(#593115),,,1989AC3E-43AC-4ED4-AF09-730BDDE07531,,Storey-1,True
1wOMna_U191Awr3T0uBiKT,IfcCovering,waterslag_(#493103),,,7C623651-EB63-4730-958C-D54BFF240B0A,,Storey-1,True
3TNOY4gIv78wIoJDhbIbt_,IfcCovering,zinkwerk_(#478793),,,5DBD1DE6-9700-45A1-89B5-CFFFB242BD75,,Storey-1,True
0dd6fnWDH17Qzq7cG2tHzp,IfcCovering,gevelisolatie_(#371199),,,67AC36F0-2467-4050-BB17-7C489B3ADBA9,,Storey-1,True
3toHJz2g9Dzh5bzpWXWLv_,IfcCovering,gevelisolatie_(#392397),,,7574C7C1-662E-493F-A41E-8C889C254222,,Storey-1,True
2dLtNyRdz8txTELJsr7yGr,IfcCovering,betontegels_(#350610),,,F658AB65-656A-4670-8813-F6DB6117925B,,Storey-1,True
21k4z6p096MQrRq$i32Emx,IfcCovering,vensterbank_(#472976),,,D3DAAB7B-949D-44C8-935C-DAEE385A8A03,,Storey-1,True
0XxwPhwGXA7huPIHopX3zH,IfcCovering,gevelisolatie_(#374094),,,7C7B1956-C6A5-4249-88DF-487CF4B80809,,Storey-1,True
1SzQxn3qDBdRvoCYQw7RMk,IfcCovering,betontegels_(#350076),,,26E65F33-8E37-4EA5-89FF-CEFE00BFE380,,Storey-1,True
3bjzHk9DP1iBfUsdJhlrYV,IfcCovering,zinkwerk_(#487581),,,8160B36A-56C7-4C43-8607-CB38D78ED1C2,,Storey-1,True
2_0GyEXiT3dO7fAPOybm6a,IfcCovering,waterslag_(#492421),,,4B0D50C7-609C-4FD4-BDD5-49F512438998,,Storey-1,True
05hbRJGKb3uvcURiNDhNcN,IfcCovering,gevelisolatie_(#362808),,,A77F3344-3CC0-4814-86F4-7ECFD6223816,,Storey-1,True
0gVcymyEfCT962rlmjeXQp,IfcCovering,betontegels_(#350432),,,214E5D1D-31E9-415A-9A86-ECCF10377013,,Storey-1,True
2K9vPQ0yHBYe2e6QGahWT4,IfcCovering,kantafwerking_(#577996),,,14612E53-F349-4F9B-83E8-43C5677F2C79,,Storey-1,True
3EWpAk2WX9Z83S5gF$iZ25,IfcCovering,gevelisolatie_(#418797),,,1F02C0D9-B248-4F33-B5CA-FF94C961EE62,,Storey-1,True
2u0x$1kOb7KQ1xRKa2EGxO,IfcCovering,betontegels_(#348660),,,4CB8620D-B272-4E10-B0A9-289A7C78E876,,Storey-1,True
1cfhfDdTvDH8qFAC6Dpp2n,IfcCovering,gevelisolatie_(#387703),,,154E23C2-3047-4990-8344-990F7840C118,,Storey-1,True
1tTapMJkH1nRtFHgWgzqBw,IfcCovering,gevelisolatie_(#486812),,,D8DE1674-94E9-4EB3-91F3-3361E231B709,,Storey-1,True
3Cj60ucKb4wPOcAazYX4v7,IfcCovering,betontegels_(#409297),,,6FAF7408-8334-4976-AF1F-2941EBC35FCC,,Storey-1,True
3DL$mZXKP1I9_2TLhSMenY,IfcCovering,dakopstand_(#441696),,,E233AAA9-C726-4A8C-A120-CB01F55E6E90,,Storey-1,True
3YwpGM7RXFIhxQQgWAEwwx,IfcCovering,dak dakkapel_(#587179),,,F32BF822-D626-4137-8895-7B59D5DF1A58,,Storey-1,True
3hWN03DrX4OvAkCE23vDvG,IfcCovering,zinkwerk_(#494919),,,699E871F-AC53-45B0-8802-391B1FBC1F61,,Storey-1,True
3Y2HQ87oH5KwgCILEn$ogO,IfcCovering,vensterbank_(#512979),,,22857507-99B3-4341-B826-BF26FE31787B,,Storey-1,True
0kyGGKmjTFhuG21FlV4zwe,IfcCovering,betontegels_(#383541),,,BA5E536A-526B-484C-BA24-D162A87818EA,,Storey-1,True
2SJufVxzHDTQ5lfyfmAWqP,IfcCovering,zinkwerk_(#476813),,,6F2F4B4B-12C4-4513-A008-DA93B207AE51,,Storey-1,True
09LYzbb1H8QwPRQ6hEjFXq,IfcCovering,zinkwerk_(#508125),,,66B536C6-C4D7-4EC6-87B4-70E47B5CFF15,,Storey-1,True
1fHG_ii4n2pRrwduW1UELL,IfcCovering,zinkwerk_(#487343),,,643B2A0C-B5C9-4A2F-86B9-5E25A424995D,,Storey-1,True
3opBxwOCn3Jh9gpY0u9x4u,IfcCovering,betontegels_(#390109),,,0DE3DE67-7F8F-4F3D-A20D-8DE9E2971924,,Storey-1,True
1Bk3EE7zf6gQi0i$AY3xdC,IfcCovering,zinkwerk_(#489775),,,6DD23116-F0C0-40B8-A2F3-6529A6DA2666,,Storey-1,True
10N6TnnrbFxel7Gm1GLz7B,IfcCovering,gevelisolatie_(#497528),,,C7219AEB-90AF-4BCB-8AC7-E3E7D3571AA1,,Storey-1,True
2QRfqwVx5CFhwpOhlJDiFk,IfcCovering,gevelisolatie_(#381121),,,D8CD3D38-EE52-4202-9CAF-78B68FC51C5B,,Storey-1,True
3zQSZtv7D6G8GWYLCPDbpt,IfcCovering,boeideel_(#441395),,,0882DA13-4654-42B0-88FD-77F63DABB54B,,Storey-1,True
3MXn4t7D589fmFZst_zB8a,IfcCovering,kantafwerking_(#577796),,,97F76A55-2F1F-440D-B166-F08A917C1A11,,Storey-1,True
2e_OrkXHzDivOvenyJsWZH,IfcCovering,betontegels_(#350883),,,CCD37657-84C6-47A7-A583-A6442EE82429,,Storey-1,True
3GL3bwn_5Buxh9bAxSKinj,IfcCovering,gevelisolatie_(#429803),,,07B1F694-60B2-4EA7-9E76-62516D03E1F0,,Storey-1,True
0Jil0RPdb64gsL$aifuc2Y,IfcCovering,betontegels_(#409766),,,D73E3A5C-0CF5-4B62-B102-4724E1D736D8,,Storey-1,True
1qgNkuSsTB5gtENb3XiQuu,IfcCovering,vloertegelwerk_(#595341),,,103C4649-FEF4-4041-AEF5-945E824CD58A,,Storey-1,True
1eHMYPlnrCl8J592siHREc,IfcCovering,afdekker_(#480848),,,B27B5DE6-AE52-49A2-BD34-347DE129C91D,,Storey-1,True
1N2adTPyHFBuHfjb91hRDU,IfcCovering,zinkwerk_(#489537),,,D7E8165F-DD34-4C99-88D6-45A59514DADB,,Storey-1,True
0qwgBAy8rFaxA0G62qJzc8,IfcCovering,dakopstand_(#442961),,,278CF88D-5333-4C40-90D1-EB52AA06A437,,Storey-1,True
05eaSAT1D5yxr1twqrkLkB,IfcCovering,gevelisolatie_(#361644),,,17922E67-0007-4096-8917-A3F924175ABE,,Storey-1,True
0O0iZ_Nqj89eqfJxywmDAi,IfcCovering,zinkwerk_(#488223),,,187CDEF9-2E5C-4A6E-8F3C-982CF9234B4C,,Storey-1,True
31RJ75aj92vgFSHUtEPR1g,IfcCovering,wandtegelwerk_(#595668),,,11786377-FB28-46AA-95A6-81DE6ADB1C2A,,Storey-1,True
0thFPZfyXCB8nDLb04y8wL,IfcCovering,betontegels_(#356894),,,2695D7A7-D528-4863-A4B5-7827DC91A7B0,,Storey-1,True
15qtvAV097Wgw4dDsb8qgY,IfcCovering,boeideel_(#441232),,,00A5CB48-7A1A-4AC4-8BDE-4380D164634A,,Storey-1,True
1bKklYsbvCgQCOQ$n0WbCR,IfcCovering,gevelisolatie_(#379180),,,C1438A33-0878-4BE2-AF01-EBBBEFEACDE9,,Storey-1,True
0YSfFVRVr3Ve61BcSX_hs3,IfcCovering,wandtegelwerk_(#592211),,,800949FF-3555-460A-AEE5-36E68DF00D72,,Storey-1,True
2Sb1ZwHcH8lQJjEOWzsdV8,IfcCovering,gevelisolatie_(#413983),,,6BFEDCBB-7F0E-411E-A430-98841CB10136,,Storey-1,True
2Xc16ilQjAe9wRRP2LPHQF,IfcCovering,gootplafond_(#444063),,,FD93DD11-6B81-4362-A52D-4F844C549FB6,,Storey-1,True
1488MF8Lf19hyWbCvAYeEu,IfcCovering,betontegels_(#357550),,,18D7B844-66DA-407E-B4B8-67809AF8BAC6,,Storey-1,True
2j6pEkk$XCEwpQ0sfLiyZA,IfcCovering,waterslag_(#491735),,,E63E4A18-C83C-428A-881C-4ED939EB4EED,,Storey-1,True
3YgskUV0X57fhhG7IRsNHW,IfcCovering,zinkwerk_(#489085),,,CF912005-5878-45BB-90FA-2EE11440BE60,,Storey-1,True
2_NerlNSb1$wMRM0__v0YC,IfcCovering,wandtegelwerk_(#594691),,,7B751789-B4CD-4AAD-B7FB-4F4BE7912433,,Storey-1,True
1Bg1ujHVf0lA5D9f5j4NRR,IfcCovering,vensterbank_(#512675),,,657A4659-5B25-4513-8176-D6BF3CA5E32C,,Storey-1,True
3_tK_7Eoj7uBcCLCcUfroa,IfcCovering,gevelisolatie_(#370823),,,A9574F8D-C57D-44EE-81F0-198556E7B6D8,,Storey-1,True
337kmTE5b1jfFLGOBunLoF,IfcCovering,zinkwerk_(#475924),,,3EF06DDB-485B-4EE3-B97C-B20A19F1CFAA,,Storey-1,True
17P5XMTjD6$uDF5$mqwNvF,IfcCovering,betontegels_(#396066),,,4FD3AD59-E03A-4184-A0B3-D63B3EB13A9F,,Storey-1,True
1kdmmAS054aglkb2iLq1ly,IfcCovering,vensterbank_(#508998),,,49FE4FB3-D5D4-49CC-8D3A-C7C08105EA7B,,Storey-1,True
0_6kZChDn31vvkLWNdw2rR,IfcCovering,vensterbank_(#490444),,,33AFA7C4-D55C-46C5-9931-37CCE43D1335,,Storey-1,True
2fzXdbj359y8ATTeCtEU6l,IfcCovering,gevelisolatie_(#387130),,,2466B6C8-BE87-4202-B3C9-1B349E398172,,Storey-1,True
25m3KJ2LvArAOGreYNrJuc,IfcCovering,zinkwerk_(#496526),,,F1CB2954-9AA9-4474-848B-FAB99234338E,,Storey-1,True
1L2FRJ1VDDH80vpoiHFTCP,IfcCovering,zinkwerk_(#477289),,,09A3C384-FA25-499C-8DD9-83BD07301458,,Storey-1,True
1vYCK45m567ueTvj682V04,IfcCovering,afdekker_(#373177),,,E385B82A-536B-44AB-9E3A-16B700E2C3FE,,Storey-1,True
00VJYk15vDXgeAVD7F$h$w,IfcCovering,zinkwerk_(#470564),,,0AEDF73A-35A2-4066-994B-E4F9592FB36E,,Storey-1,True
2xblKVOK17ovGGg7t_xy9m,IfcCovering,gevelisolatie_(#434928),,,441B91C3-9B06-4294-8C76-F85F0F04562E,,Storey-1,True
2MC9yQ0IP0k8zL2iN0JcEI,IfcCovering,zinkwerk_(#477527),,,3018061A-7EB4-4833-B831-20F2AD2DF981,,Storey-1,True
2LFN696hH4yAyCTgM9j_zt,IfcCovering,betontegels_(#388230),,,3C4E89CB-6280-4696-8709-F87C0CB344D3,,Storey-1,True
3g4QlkdmLCZgDmW6AUrdzw,IfcCovering,zinkwerk_(#479583),,,0D8F0482-6E1E-4898-8148-E0A1716AC559,,Storey-1,True
0UY6hG7LHCkfL5I29$vICm,IfcCovering,betontegels_(#395799),,,2E7C09AF-C0E1-4E0F-961C-62AECD171B83,,Storey-1,True
39r4B6n3nCH89wqwJJrEY$,IfcCovering,gevelisolatie_(#378604),,,4F988DEA-676F-4358-8FB8-21150DB54ADC,,Storey-1,True
04Qfbc6W10pOiCsRJ2bIy5,IfcCovering,waterslag_(#511348),,,2432D51B-CEF9-4B2F-873E-3CF611F3DB6B,,Storey-1,True
1Qwie65KHAqwWjKTQbuKWJ,IfcCovering,gevelisolatie_(#399447),,,3361DB15-7C4A-48D9-9924-73DA39A1CE5C,,Storey-1,True
0G9M8bsxzAsRokyFf93eLw,IfcCovering,zinkwerk_(#477051),,,6E92D039-048C-4232-82D4-F09B63EA925E,,Storey-1,True
0K0gRd1$5FYvOc0blFmEya,IfcCovering,betontegels_(#396236),,,D36CAC8E-3B37-4273-B994-EBBED73CDDEB,,Storey-1,True
2jH0vEbSr3nwm16SH88$LS,IfcCovering,betontegels_(#356252),,,991BA665-EE62-41C3-A937-A6194180D0B9,,Storey-1,True
1R2esXTU1CHOFX9dxcwrV$,IfcCovering,zinkwerk_(#479031),,,AD6EBC9F-028E-417C-AD03-52393DAC2D94,,Storey-1,True
3grLLoNwLFSRf8I40VPDcs,IfcCovering,gevelisolatie_(#485231),,,ABB916AA-4E64-4B1F-BAEB-F6232E0F7B03,,Storey-1,True
2YxsdLelD8Yuw7xkEWrxE5,IfcCovering,wandtegelwerk_(#595831),,,70C75067-78F4-45F3-8EFE-56EB12E46F3C,,Storey-1,True
3RICjq9GD2EO6FtjYHLoyR,IfcCovering,betontegels_(#388412),,,0BDEDC9C-D9E3-4410-A4DA-C577181E7B72,,Storey-1,True
0pM1GX991AHf$TYF89Km6h,IfcCovering,wandtegelwerk_(#594231),,,9DD5CEEF-26C5-4B1A-A1FE-FFD0217F7695,,Storey-1,True
1DdyhF6H9FMeUG7YHlvLbW,IfcCovering,gevelisolatie_(#325821),,,BFDA4B85-D205-42D0-82A4-F1B18737CFEA,,Storey-1,True
0PrLZhp21BWQOt7ZlSIgwv,IfcCovering,zinkwerk_(#487985),,,8328B4C7-BA51-493D-8145-20B794D31936,,Storey-1,True
3mrrByD1DEOR3ajtGN3rkw,IfcCovering,zinkwerk_(#588950),,,1D0BB3B0-2F63-48AE-8A47-D066837A338F,,Storey-1,True
14ojugUiD4vBjmgyxGR1B$,IfcCovering,boeideel_(#442679),,,BCE26F48-6106-4D94-8770-71773246E5E2,,Storey-1,True
0M8Sn$rujDPvPPs7Ky01MN,IfcCovering,waterslag_(#492080),,,639A7D0E-927D-4823-9249-B58B80D97AFF,,Storey-1,True
0qA7IX9mH00gjjGCMttUOu,IfcCovering,zinkwerk_(#579140),,,A2FBDF4B-2E49-40F0-A9A2-1AEC28F6735A,,Storey-1,True
1ShqME3LH1oPocGoM$r0BY,IfcCovering,gevelisolatie_(#422537),,,9C50B3C5-F378-4E5A-B7CA-105377CCF470,,Storey-1,True
0e5G1O$ZX95OIyDPA$0pmj,IfcCovering,waterslag_(#510325),,,BF0F7BF7-405B-45F4-947F-0969A13AD0E4,,Storey-1,True
3MBMvhJcf8ifQCA38AQKfV,IfcCovering,vloertegelwerk_(#594392),,,53275122-A77B-474B-BC09-7C309A707B9A,,Storey-1,True
305So0SFb5Dgx_ESNlSQBg,IfcCovering,dakschroot_(#469817),,,34243ED7-07DC-407F-9357-FE97238BB49F,,Storey-1,True
3QOl3CfsTB0hYaOrxYTuHc,IfcCovering,zinkwerk_(#473919),,,D9854D75-25AA-4254-835D-1D7D1C4AD82C,,Storey-1,True
2oa8JTt6v0luNNwiqsbecI,IfcCovering,zinkwerk_(#469173),,,DEB66474-0CCE-475D-A920-8DB400B163C4,,Storey-1,True
3XktW7dubCNwcST9vl0vhC,IfcCovering,vloertegelwerk_(#593769),,,76744491-CE3D-43C2-8F83-FF6D7D97EF73,,Storey-1,True
0lLGXK3k5EHv$yuGVVwU8S,IfcCovering,vensterbank_(#471153),,,64C6AF58-1038-4062-819D-11B172186397,,Storey-1,True
3y5oMeZW9EYPcJHBlo_SRQ,IfcCovering,betontegels_(#356707),,,0ACA94B6-A84D-4836-ABF9-A6E73FCB33B0,,Storey-1,True
0wJbP8NSj9fe0ZTV_QZREL,IfcCovering,dakschroot_(#324564),,,6575FD84-B858-4BFE-93EA-5E3472BC69B9,,Storey-1,True
31_smo_rvBjf4fZF90vYmh,IfcCovering,zinkwerk_(#586960),,,F69DDB76-2961-4C62-85A2-483CD1F33065,,Storey-1,True
0ZcFQL3FfAFPGWU3UQWR6D,IfcCovering,gevelisolatie_(#380930),,,0875BEBC-17D4-4285-8C21-D9DF526FCC68,,Storey-1,True
2jVz5cFen0oBBN358qpX2u,IfcCovering,gevelisolatie_(#362417),,,D1D54D16-56FB-43D9-84B6-64F065CB98DC,,Storey-1,True
3rlhLSQfTDYgNJA8p8xu$T,IfcCovering,gevelisolatie_(#378413),,,4DDF8279-A88D-482B-BE23-CEAA3BE61FF7,,Storey-1,True
3Ufu$ad$HFRxeqW7mSH8_F,IfcCovering,betontegels_(#388321),,,C4F47EE1-E196-4D80-81FD-9191527E9E80,,Storey-1,True
2DxhvSQl14H9F76ne_NvH7,IfcCovering,betontegels_(#355316),,,CDA54BA3-51C3-4A87-936D-A2326CE61E0C,,Storey-1,True
2KFCGz1nP61vuYA$97JRgX,IfcCovering,gevelisolatie_(#429421),,,BDEDD638-95E9-461F-82F3-54B668B781DD,,Storey-1,True
28SQWhjHH0$e6AEivM3oqH,IfcCovering,gevelisolatie_(#438396),,,E8AC4FDE-A4D0-4D2F-813F-24F7478718D0,,Storey-1,True
2FZJMxTP51ygYjZ9_97K$p,IfcCovering,betontegels_(#382980),,,E6CFBB8A-E7F0-40FD-9A8D-A164FAA4C655,,Storey-1,True
06ysnmfKrB8geTlfzENP4O,IfcCovering,betontegels_(#350161),,,69C9B3E3-FBA9-4084-97D9-C5C8E118AA98,,Storey-1,True
1QFIEZdMjF1AzLXyaMrmj$,IfcCovering,wandtegelwerk_(#590526),,,9312D911-79DB-466B-8F38-CD7D334335D1,,Storey-1,True
2XZ8oOe2vAagLq6TF5n0oi,IfcCovering,gevelisolatie_(#434474),,,7567859F-6965-47D8-9350-FBB7520FCB2E,,Storey-1,True
32sdeYLG1AWxKKpVoCaBiS,IfcCovering,gevelisolatie_(#363190),,,5C5B6A64-EE6D-45BA-AF9C-640189050C70,,Storey-1,True
2iCIwWa$99UfzBys6E7VfL,IfcCovering,betontegels_(#350701),,,B86CA29D-7340-4C90-B68D-86BBCD90BFF1,,Storey-1,True
345qUhz7X4FuUR9VupSQiU,IfcCovering,betontegels_(#388503),,,221FE389-6840-4D05-840C-B86D7EDA6D16,,Storey-1,True
0ICBDdLbL7qRHQaKzbXuzK,IfcCovering,zinkwerk_(#579056),,,7195DA05-88C2-4336-8253-D27AC8FF86D9,,Storey-1,True
3kQsOqxlDDPgYrHPj9Myqc,IfcCovering,gevelisolatie_(#437937),,,3A1B5C34-6592-4D83-A8DB-C5C188D48F22,,Storey-1,True
0CZhMwst97LP_5JWK_YPA7,IfcCovering,wandtegelwerk_(#596988),,,9CB1F308-4DAD-4C85-A34D-F99C91E42940,,Storey-1,True
3c$NqAJmDEeA5cbYE2Ztba,IfcCovering,gevelisolatie_(#362226),,,2932B338-BEA2-46A1-8FC6-9192064F1FED,,Storey-1,True
2vY8QK25P0NP8C8a1CtXl3,IfcCovering,gevelisolatie_(#434261),,,73D02CBA-591B-479C-BFB0-A3F6EC24BB0A,,Storey-1,True
333xBd8krAqxuPdcigF0Cj,IfcCovering,zinkwerk_(#488937),,,34DBA777-9239-41C9-9645-1396EB987CA8,,Storey-1,True
2NOvwxDPDEWwXOZ9KOu5kq,IfcCovering,afschotisolatie_(#368056),,,A2BD018D-5F88-4ED9-BFB0-042AB73B8547,,Storey-1,True
1QEAYVDCz4gBYfY4UzJdmF,IfcCovering,gevelisolatie_(#399683),,,ADB2A9B2-BFDE-49FD-AA1B-C9D8E7E061BC,,Storey-1,True
2FiOCw8Oz8AepcA5XjYbqj,IfcCovering,betontegels_(#350341),,,8F3E7449-85FF-4CCC-BA65-E4DBD1E1D468,,Storey-1,True
3gdFOJiHT5uhottb1zyGPN,IfcCovering,wandtegelwerk_(#592048),,,B9A433A6-2534-4E3B-ACF8-6C0C9A067E70,,Storey-1,True
2qrrvag8v7VuqjGEUPFkEH,IfcCovering,zinkwerk_(#490013),,,883AF00F-49EB-4EE6-A609-AE75FB222E20,,Storey-1,True
2rW9t945n0YwYXvUMQ7vR_,IfcCovering,wandtegelwerk+_(#591168),,,B6273301-2F8D-47F2-B34B-58BB71F1637D,,Storey-1,True
2WYLccIm59LALsJwRYOIaR,IfcCovering,betontegels_(#356161),,,A0A19413-4AE7-4E24-8BFD-08978DFD1F5D,,Storey-1,True
0MO9k2nwv2xeBz_lzNYOgs,IfcCovering,betontegels_(#356616),,,473EA32A-62D0-4A83-B3AE-34C5D4C7B12D,,Storey-1,True
2Pj5OK93PCNPtN7WmKvV_n,IfcCovering,waterslag_(#509643),,,023C6FA2-9EB0-4836-AFD7-5C26E5FD196C,,Storey-1,True
0VxnCsuUb4HgBzNWWYcUst,IfcCovering,gevelisolatie_(#371607),,,C9F97132-EAEF-42F9-94BA-5B73008BDF53,,Storey-1,True
2NkDJXmUX158pAbB8b$8Eq,IfcCovering,gevelisolatie_(#374355),,,31FDCDA9-60AE-41FB-BA35-A95BEDDD4681,,Storey-1,True
0VsPcb$r91C9xpB4W9Gco4,IfcCovering,vensterbank_(#508846),,,01999835-D5C7-4C86-B772-E6093A9E7131,,Storey-1,True
3j_d8riMHFqBtcrqiREU3h,IfcCovering,gevelisolatie_(#429999),,,6C18D6C6-A751-460F-894D-F7E263FC4104,,Storey-1,True
0D3_miUmr8ovKL_C57Kjd_,IfcCovering,wandtegelwerk_(#596707),,,93BBBE12-4C63-44DE-B259-161C464ADBF8,,Storey-1,True
2ptXJSG$zCJA9CN6RFvsRN,IfcCovering,gevelisolatie_(#434737),,,92644DA2-42B5-40DE-A168-50C75A32EF02,,Storey-1,True
3sRGr_wz98auwRbKj0VYSm,IfcCovering,wandtegelwerk_(#591434),,,47C85824-BB11-4186-B690-9F86376B8E29,,Storey-1,True
0XndCByeDFUvfpTDEI0XgZ,IfcCovering,zinkwerk_(#477841),,,90735923-3F62-4BD1-BDB4-0A5E890F81FC,,Storey-1,True
1ngBTx09P4qxR8M$sIH$7N,IfcCovering,zinkwerk_(#564232),,,4437B4B0-A878-4C22-B054-4F31BA85FAE8,,Storey-1,True
1GO5i84Rz8AQheS9xaLv$F,IfcCovering,gevelisolatie_(#392975),,,E3092922-F465-462F-81E4-2D1EA99EE40F,,Storey-1,True
0Jb0XQeZL38vBinCpgKpr0,IfcCovering,gevelisolatie_(#319020),,,588D78E3-3958-4087-A312-C0A11B8A8B1B,,Storey-1,True
2y6MOJvVrAfx_iS7vuLEHe,IfcCovering,gevelisolatie_(#330634),,,D0898986-A45E-43B5-8AD2-C3D812CA99D5,,Storey-1,True
1NGpHzdqXCWhs71uuOtaSk,IfcCovering,gevelisolatie_(#486425),,,E8459AD4-FCC7-40AA-96E5-2F7A45A86680,,Storey-1,True
2Pybdw59T659QWLZGu2qQj,IfcCovering,gevelisolatie_(#349597),,,907653B1-A22B-4727-B561-EF3A97213B3D,,Storey-1,True
3cxZu884rDF8t6ZLyoajZU,IfcCovering,kantafwerking_(#383125),,,CFCBCCCE-F435-4192-9866-F86D2A9396F4,,Storey-1,True
3DSfp0y_9B8PHNpy_ieXBE,IfcCovering,wandtegelwerk_(#594854),,,CAB466CC-AC26-4B40-8777-F3D798F93C1B,,Storey-1,True
315ShaPLL9thM7SDHWt5Sp,IfcCovering,zinkwerk_(#506613),,,6C7B92B2-7DF9-40DE-A95B-5E6941F75C5C,,Storey-1,True
0dO8FbfjH4ieve2iltxhwz,IfcCovering,gevelisolatie_(#363381),,,D4F2532D-E82D-4DB2-813F-2AAFEB6255FB,,Storey-1,True
0N6bbug3j5M8ddO7wgjQ7y,IfcCovering,gevelisolatie_(#431482),,,80AAA0DF-3533-4E30-9686-D74312916019,,Storey-1,True
1$7mn1TX17au9vf_yua6PG,IfcCovering,wandtegelwerk_(#595505),,,BA1D1676-F293-4688-A536-6F6B7EBD9A56,,Storey-1,True
3P3LwW$Df2RhawOG4YYlAf,IfcCovering,zinkwerk_(#474157),,,994BC24F-C2AE-47B2-B6B1-71C79E45AB55,,Storey-1,True
0WLW53CNLEWRv8dAJ4lbo4,IfcCovering,dak dakkapel_(#469620),,,D7097CD9-815B-4DE1-BC8D-58301CDE2549,,Storey-1,True
2MYsr4up103AH5JhE8J2Pw,IfcCovering,gevelisolatie_(#473138),,,3B3CC1BC-842C-4805-973C-2BFE7C370E54,,Storey-1,True
0u1LSQ0mj7deIter3aWWTf,IfcCovering,betontegels_(#388139),,,8877A6EA-64BA-4037-A0DD-A92F9F665A73,,Storey-1,True
0iaK$Q7jL0PfLmHKan2ieJ,IfcCovering,vensterbank_(#508694),,,77A82C9D-92C4-45BF-B25A-E269482CF07B,,Storey-1,True
29ZumM9rz1iR3BEefdbcJY,IfcCovering,afdekker_(#373607),,,814EF543-04CC-4AE3-BB76-1E15DF8196B0,,Storey-1,True
18USLjF15BZ8u15COgJ54C,IfcCovering,wandtegelwerk_(#592374),,,01126BC7-3A1F-4763-8D68-F8B1131CB978,,Storey-1,True
2vN4LsSazAqBEy_$nsUGYh,IfcCovering,betontegels_(#356070),,,0CCC54DE-DA6D-4BDB-AEFC-D07AA4741976,,Storey-1,True
2n5B7k2vj25fw5eMPXsio5,IfcCovering,zinkwerk_(#473681),,,AA5D0E35-E744-4BD6-B6CA-9B4F963E3E2A,,Storey-1,True
0xMCZmReHAYRBskhEoYg7K,IfcCovering,gootplafond_(#444195),,,32349C4F-F8AC-40E6-BF3E-BE73EA8A4039,,Storey-1,True
11juUFTqn1BvBH1nlZc_dZ,IfcCovering,gevelisolatie_(#474832),,,D5CE6AB3-922B-4B00-9219-E4AE4BAA6388,,Storey-1,True
1tfQtCiTLBg9MLjx9XDuQv,IfcCovering,wandtegelwerk_(#596320),,,C8CE91C8-A9BA-4064-BE32-4BF4DD0AD71F,,Storey-1,True
0jcoj19Ff8neZ2Pb17u4S1,IfcCovering,boeideel_(#442524),,,69577728-A9A7-435B-9325-72AF252C86F4,,Storey-1,True
1my7w8HGvA7f1bObWbSZml,IfcCovering,waterslag_(#512030),,,7A04DFE0-895D-4B64-9794-6CA5300B235B,,Storey-1,True
0utt4cc4XArAKF7sRfXHle,IfcCovering,betontegels_(#356985),,,C2BA07F4-E985-4A2C-B0A0-AE8ACE20B80F,,Storey-1,True
2WhVRYzUH2hw7ADEAHIuuj,IfcCovering,betontegels_(#350792),,,D2B98F74-5E62-4674-86FF-021B65AAB1F7,,Storey-1,True
0JbvbT65LC5OgPbrvmq_lQ,IfcCovering,betontegels_(#357361),,,47ED0B75-801F-4A71-8281-1DA811D38485,,Storey-1,True
1Af6b3HT1B8e27_eiSWOT2,IfcCovering,gevelisolatie_(#417527),,,A5F1A9D9-3B72-46DE-AF91-4C8019A4F221,,Storey-1,True
22SpWbNtP8RvA0nRd8IlCe,IfcCovering,vensterbank_(#472535),,,84C1A23A-8E58-467A-965F-D0BD5C8E2840,,Storey-1,True
0JnzIzvIX8Khkwbp0s8HOE,IfcCovering,betontegels_(#409479),,,6101506C-F1C5-40F5-97C8-E077B8483F48,,Storey-1,True
3RL4p$yBH6xvSZYX5PaisY,IfcCovering,zinkwerk_(#467987),,,88F34B06-D956-47D2-B4A0-EC519566808F,,Storey-1,True
1bw2ITPjL21gZ5emQrpZVt,IfcCovering,gevelisolatie_(#362999),,,9EAB37D5-7A9A-4E11-9447-725B97B453BF,,Storey-1,True
3bPSJysDPE3BCn4KxdTlt9,IfcCovering,gevelisolatie_(#392588),,,7678415F-963B-4DA2-8CC3-631C992B3736,,Storey-1,True
04EDgLehfE6fp4pcauJ41Y,IfcCovering,dak dakkapel_(#507928),,,DA4931FA-752B-4163-99CD-B0F9690B7F88,,Storey-1,True
3wIgOn_cf2qfJ8oAjCQwFD,IfcCovering,waterslag_(#510666),,,36BC4065-C620-4695-8AD2-63D19201DFCB,,Storey-1,True
2FbmpLR9XEZPcjg6_Mjw0h,IfcCovering,gevelisolatie_(#417304),,,AE181D38-4EC9-4600-B9CE-32EAB73FA409,,Storey-1,True
1NDRapF9X5G9BGOvruwT3q,IfcCovering,gevelisolatie_(#344828),,,2045B970-0403-47C3-82F9-8B40273C211B,,Storey-1,True
1SFU0FBenD58_GFu0GdDVf,IfcCovering,vensterbank_(#474670),,,112C19F1-2AD4-4157-8294-46365A31D174,,Storey-1,True
096em1pGX5h8xIyXruIh2a,IfcCovering,vensterbank_(#472079),,,D4DB996D-9229-484B-A9D9-691E0A757733,,Storey-1,True
24wr1gXef1_xyUcYNX$Lw8,IfcCovering,betontegels_(#404101),,,50F7F917-AEC8-441B-88C2-B9245C18A13F,,Storey-1,True
3JmASI_z93Ugd7v1MN9J_i,IfcCovering,gevelisolatie_(#481065),,,D0171257-CA7A-406F-B334-636D1AB88766,,Storey-1,True
1D8huOOi50xB2kSs0LusLo,IfcCovering,wandtegelwerk_(#593278),,,BC62A895-A3D2-4E37-AFBF-A870CF6E0293,,Storey-1,True
12b11r68DFSfbdlcosDAmo,IfcCovering,zinkwerk_(#487819),,,1180A2F3-FBC2-4540-8E4F-87E773C21B84,,Storey-1,True
2Ygc2caoj1rgSiHh1XFp2V,IfcCovering,gevelisolatie_(#317276),,,A2DC88DC-E23C-43D9-99B2-84785FEF8F68,,Storey-1,True
3lUiu9HOTC9h_2BwdX4CVN,IfcCovering,gevelisolatie_(#485854),,,FDF5FFFE-D087-47D3-BBC9-9FBE3F457319,,Storey-1,True
1Lpyxg9Sz6jBUKP6fi6qdI,IfcCovering,zinkwerk_(#474543),,,EC2D7618-4E2B-4234-97FA-9DAF65FE3D22,,Storey-1,True
1biP3TZlb6sfdqAXNKl4Zc,IfcCovering,gevelisolatie_(#322015),,,D04D9E05-BBB5-4BE6-9012-C76C2FA45656,,Storey-1,True
10ByiOfPnExBnH3MKQxIjs,IfcCovering,wandtegelwerk_(#595994),,,05806B38-B5F0-40DC-8E5C-49A8A3B0C53F,,Storey-1,True
2APtnCzGzEBeOA01U7wFWx,IfcCovering,gevelisolatie_(#391814),,,92ACDBF6-F1A2-42C1-B40C-FD5D6A3CB785,,Storey-1,True
2SUDvyP5b6eBHK_QpRynIZ,IfcCovering,gootplafond_(#443449),,,876CB6EE-142B-4FF5-BB47-7272FEE6101A,,Storey-1,True
1iNLydj3PBVA931qJA43zq,IfcCovering,wandtegelwerk_(#597268),,,B8851EC2-32DE-4C07-BDC2-7F3FE1F7F6AE,,Storey-1,True
3rQ_RVOdLFew6YPbZ0RdrP,IfcCovering,vensterbank_(#490292),,,CA37B8C3-9AAF-4EA3-8E58-5C0176918710,,Storey-1,True
3owjacuiv85898_EgncjaI,IfcCovering,wandtegelwerk_(#595017),,,D80541E5-45D8-446D-AB76-F7D02FF60519,,Storey-1,True
0BK6$B8zz4jfVJhrFyaBW9,IfcCovering,afdekker_(#372311),,,5F03D0CA-5848-40CE-98A7-BABB7F3D900B,,Storey-1,True
09s01CenbBzxALDO$nx2zt,IfcCovering,gevelisolatie_(#392010),,,9B6E8DAD-6E19-4F5D-B06B-90DA8D3E13E6,,Storey-1,True
1TXX9Wg7z578mKze7RaHtW,IfcCovering,betontegels_(#387952),,,F257D50C-A594-46DF-B947-C1648A65ABFA,,Storey-1,True
3Nsm4$LW5AXA5KO$QJdly8,IfcCovering,dakopstand_(#442809),,,6CE4C34D-FE8D-40CB-9131-9595B0F14F1E,,Storey-1,True
3K85YvIMbBEAIoR_5dFfMA,IfcCovering,vloertegelwerk_(#592527),,,391EA7BE-095A-4147-81B5-B7B50BAD6B82,,Storey-1,True
0VQyfYnxH2lwCTMC_V7hxe,IfcCovering,betontegels_(#396151),,,55A3E9E2-6123-4EAA-BC62-9EDAF11F56FC,,Storey-1,True
0BxQ_MUuzE3uArci7Fa3_q,IfcCovering,betontegels_(#381788),,,1B52305D-0E8E-4953-80A5-FCB22FB0202F,,Storey-1,True
0V_1moyCXC7Qf60R0gdL3G,IfcCovering,zinkwerk_(#478079),,,F499522B-9DDD-44B7-B6BA-699AE502D73C,,Storey-1,True
3InQzFvLD5uwYZVLO9DwdT,IfcCovering,zinkwerk_(#505966),,,4736AB84-02C0-425C-8DEC-B117A84D3E01,,Storey-1,True
1xc2fbVMfEJwkJXkGsbgkk,IfcCovering,gevelisolatie_(#399879),,,CB8B181F-F058-4A80-89E6-02A5C725CDC4,,Storey-1,True
0p29g1vwz9ZgtB1mHA$ms6,IfcCovering,betontegels_(#351065),,,F8EEF812-7412-43C6-A5DF-F171B0D8B074,,Storey-1,True
26tnfL2eD5evlUkzrtnIzA,IfcCovering,vensterbank_(#471001),,,6F73EFF6-B244-4776-961B-F86D25F61C57,,Storey-1,True
0iWFxUye50Vu1GMKXvirEO,IfcCovering,waterslag_(#509984),,,6E6EFB26-2487-4F9F-924F-FEE8AA7390C9,,Storey-1,True
1FYIbUqhTAQfiNpZ5rbSnY,IfcCovering,wandtegelwerk_(#591015),,,6FDFC487-7036-44C3-AF44-EFE3599C4B33,,Storey-1,True
1JsfMCIv51ahE4zLXA6GZj,IfcCovering,gevelisolatie_(#438133),,,0262AC9D-D0B9-4AF3-BCEE-97F1EA1B2282,,Storey-1,True
2g9Ap3$az0fOpbqw79gEKp,IfcCovering,gevelisolatie_(#348804),,,E5101418-66F4-4484-9E18-0789A4E04114,,Storey-1,True
0EkjZzbJ9FTfgeMVRr2R6v,IfcCovering,betontegels_(#395981),,,CAE1C63D-9401-4E74-B32E-7CB0B890A6F0,,Storey-1,True
2g5jDwtAvC4R7_pdzRb$ZM,IfcCovering,vensterbank_(#490140),,,8ED7A692-D3E9-4AA8-8A54-C3D23056429B,,Storey-1,True
0n6skjZOf3rx_6OTOG5Sze,IfcCovering,gevelisolatie_(#400120),,,F6151DBE-B502-4551-BF28-5B55E2297685,,Storey-1,True
0zBMdR_BHEifNTy3ynHLRJ,IfcCovering,wandtegelwerk_(#593441),,,665A0A6E-E82D-40C6-8EFC-2530684B5AA0,,Storey-1,True
37vXUGzij8xBdyvIJyBYX4,IfcCovering,gevelisolatie_(#384042),,,377D7AD4-9E18-46B1-BD4A-9C1E4964F577,,Storey-1,True
1axca$ueb8CxaWSuuwk2jH,IfcCovering,afdekker_(#372743),,,E9113479-E36C-458A-9D0F-4E798A0C34EB,,Storey-1,True
0SMplHVTbF28IiITK14QBd,IfcCovering,zinkwerk_(#587292),,,45A8C3FB-3747-4F42-8873-0F5E852083B8,,Storey-1,True
3PRH1OwbD2chUo7o49jTv5,IfcCovering,zinkwerk_(#467729),,,A260F1AA-DAAB-4A57-8FF1-6F635972466F,,Storey-1,True
2VWBQKtWzEovHR0E9obUV8,IfcCovering,afdekker_(#371851),,,7FF524B7-DB1A-4C01-9947-D4B639BC13B7,,Storey-1,True
1QDRUq_gH3XxaEu3yl2E3Y,IfcCovering,betontegels_(#409675),,,630F80BB-472B-44EF-892E-FCB35BB658B1,,Storey-1,True
31wJgXyQTCaAiC21nxPCRs,IfcCovering,gevelisolatie_(#379839),,,B2547845-C14D-4997-AB73-FB4C8A4CB6FA,,Storey-1,True
30Hdy9h7T1cx5KrgyIgFkJ,IfcCovering,afschotisolatie_(#396412),,,61862260-7987-4E52-A73E-A72C02D5296C,,Storey-1,True
1vy5_GoZL7qgmMhK9NRrFS,IfcCovering,zinkwerk_(#488699),,,6F2D06C9-34FA-49A8-8BD8-FBE8140F39BF,,Storey-1,True
0Flm$rmUTCC9ruDnWGPWId,IfcCovering,zinkwerk_(#477693),,,69D93E2D-0A26-4BAF-ADC5-62812E3C9C92,,Storey-1,True
3P13dfRev6$h$iefSjJxiu,IfcCovering,waterslag_(#511007),,,C986AF22-A529-498C-8812-7167B4EDB4E1,,Storey-1,True
2O5DrcBoP3tfBc5q23NkL5,IfcCovering,betontegels_(#350974),,,BD0F28E6-D2A4-4DA0-B5C1-788F3298AC26,,Storey-1,True
1CQIBzDyv6IAFJV66FGFuL,IfcCovering,betontegels_(#356343),,,AFDA6E32-5B62-4B22-A38A-F8AA440F0E4B,,Storey-1,True
3B$2Zfm9H1Lhfx0rQ_5Uk9,IfcCovering,betontegels_(#356525),,,ABE73E76-ECF2-4EDD-A9BB-24308AF64336,,Storey-1,True
3ImBiXpHn6hvPOOrdPKOrB,IfcCovering,gevelisolatie_(#349838),,,49927078-125B-4B04-9744-63C2219FE87C,,Storey-1,True
3ylq1m3Uj2ohTCY5tNpKGg,IfcCovering,betontegels_(#351150),,,D25FBFE5-5F91-4178-AA48-5851589EB6AD,,Storey-1,True
2LnkoIVYD4AgLc14LbFxxd,IfcCovering,zinkwerk_(#586792),,,6F2551F4-535F-4E54-993D-55F2E628E0DC,,Storey-1,True
0Z7VhvtO9EQwgHzDx5f16y,IfcCovering,zinkwerk_(#479197),,,E36DD34E-FCC2-4648-815D-F41637EF8D0C,,Storey-1,True
38vSsAD8DFjuajeT$KYzN4,IfcCovering,gevelisolatie_(#349401),,,C54D6FB4-3C02-43D8-8F15-915601E2C8A6,,Storey-1,True
0GvSecT8PCSvgOPO9q2uS0,IfcCovering,gevelisolatie_(#392779),,,41A96077-2B41-442A-B77E-89E051A86204,,Storey-1,True
0EBKfFE5XFKgGk5WO7Xupi,IfcCovering,dakopstand_(#441852),,,921CEB29-FDA5-424C-AAEC-DF71610A00C6,,Storey-1,True
2GKF8L6oT3KvGo4lGKwX3q,IfcCovering,gevelisolatie_(#475264),,,F07F9BC9-FE4C-4386-B305-2D7A6C22B69E,,Storey-1,True
2ynAyIhAn6qBrN6gBD8TqV,IfcCovering,gevelisolatie_(#487003),,,571C3074-A294-49C7-9E4A-684D4F5C05CA,,Storey-1,True
2Vm432W6D5ov0hm4pAXHgA,IfcCovering,zinkwerk_(#488461),,,3DCD604D-18AF-4CF3-817C-05FF74894BB5,,Storey-1,True
3OwYtn4SvDMeb83xEz_gQf,IfcCovering,betontegels_(#395526),,,52BC616A-60CC-4FFE-B4A4-237B17EE8694,,Storey-1,True
2JxikpdAHDvesKRmfEL6ln,IfcCovering,wandtegelwerk+_(#592653),,,5634AA5B-D042-4AD0-A8C5-07FBA4163B39,,Storey-1,True
0zR0o20QT2ZuDNdo9bg68h,IfcCovering,vensterbank_(#512827),,,EC4E75CB-139F-4BE9-8606-6E744C73C0E4,,Storey-1,True
1$E62zAK14Ieu10zChpqzI,IfcCovering,betontegels_(#395617),,,08266CDE-8DAB-4CEC-82D4-53C5E70A4692,,Storey-1,True
3ZWe5D9X55APDLP9z2WFkM,IfcCovering,wandtegelwerk_(#594068),,,A810E30F-8563-482F-9D4D-0F08487C7403,,Storey-1,True
3OZerwuyj5HOFBw_h9ie2C,IfcCovering,zinkwerk_(#489251),,,E7DE567B-B252-46C7-9EC2-CC8016A3E595,,Storey-1,True
0vu17vLk5FxgE9dnpZbco1,IfcCovering,wandtegelwerk_(#595180),,,E9C246AA-00BC-4B09-9DDB-5487AACC1A8C,,Storey-1,True
055PvXlG96$B4Qrhlq343b,IfcCovering,vensterbank_(#472383),,,87DD30F8-9C89-4D6F-A5FD-4A6918BCDFE3,,Storey-1,True
2Ej2zTuGjB9BSwvYnMU7Mc,IfcCovering,gevelisolatie_(#361835),,,BE9125D4-E22B-4FD9-AA81-F8617D924FC9,,Storey-1,True
3PrZVA$9b9jw7hC3HymcMx,IfcCovering,vensterbank_(#509302),,,885E9FA5-04D0-4805-B455-D3A66EAE0912,,Storey-1,True
3LFHiNS1TAkBG7nZEeyw2o,IfcCovering,afdekker_(#480203),,,274736CE-C13A-43B7-AC8A-45D29562EC77,,Storey-1,True
3rB1QCZG51ZxRFu92qp7gs,IfcCovering,gevelisolatie_(#438605),,,F5699A2B-6369-4CCD-9A17-9FC6A3C66425,,Storey-1,True
0SjcxeFJT5TOzA0AP7$YGn,IfcCovering,gevelisolatie_(#429612),,,BFF05412-E98B-46F3-BD09-0DC400882C26,,Storey-1,True
2BlfTaQFT9OwPbssKIKK0t,IfcCovering,kantafwerking_(#578195),,,5CD44F43-14CA-4960-9FE2-6B929704C68C,,Storey-1,True
3SCzBEXoD7KfzuSJrPg3e6,IfcCovering,betontegels_(#395708),,,8FED21DC-4504-4B00-B6F6-7F3B9172CF0F,,Storey-1,True
12IE6QeEr0aRyqMRlozjpv,IfcCovering,zinkwerk_(#473430),,,C9676482-F7FA-46E5-AC6E-BB8CC2A78658,,Storey-1,True
38DULnd2L2zxVsQf4JXiBm,IfcCovering,afdekker_(#480633),,,91610DD6-3519-400B-85FF-7AA1F9A80734,,Storey-1,True
1SOSgxsFD7exEYHzEJKFy7,IfcCovering,dakpan (vlak)_(#455089),,,B590C95D-A919-450B-9E0E-1B49F38DBC42,,Storey-1,True
1nbyGllLv2BAGt3xGCI$1V,IfcCovering,vloertegelwerk_(#591749),,,8A51D2A6-9D0E-49CF-9F19-39B79B219AD0,,Storey-1,True
2ZXjWWQy9EwQRx1W9aUkGz,IfcCovering,gevelisolatie_(#486616),,,F40E09AC-4A1E-4951-9C94-EB7461322B9E,,Storey-1,True
3L2poXIl182OXAa6xsfHz3,IfcCovering,betontegels_(#404290),,,F91C1A9F-8874-4BDC-A942-DE08A19D8A83,,Storey-1,True
3nuZBqIJf0aQghu9vJTCMz,IfcCovering,zinkwerk_(#478317),,,54302416-42DB-4168-8514-FC85AD8059C6,,Storey-1,True
2dkEEEkxTFT9KeaARj2$7u,IfcCovering,betontegels_(#403732),,,0AD159B0-E31C-46A5-9A9E-4A4822D2DD77,,Storey-1,True
1VUmLqDnP058AfvsJDsrYC,IfcCovering,gevelisolatie_(#379648),,,516D1E18-32B7-4EC7-A3C5-480951B8FD9D,,Storey-1,True
3cD3TWla167B9CU$TxnqHX,IfcCovering,wandtegelwerk_(#593905),,,F8252316-A5AE-4BD7-A2F0-5E2F3D74E3F9,,Storey-1,True
3x6s11hAXEGQ7qyuP86J0g,IfcCovering,dakschroot_(#470130),,,D0C884CC-3BAF-4D42-90F0-78720CFE0598,,Storey-1,True
3cw_ixDb1AqPK2dIGBPj3v,IfcCovering,gevelisolatie_(#400315),,,D99DD84D-38C8-4BCF-A084-642E37805574,,Storey-1,True
3j6JaupUT4wvAWJ5SfSE41,IfcCovering,zinkwerk_(#586876),,,8A023CCB-41CA-44BF-A52C-CADCEDDFB5FA,,Storey-1,True
1BQJ$ZUnPAQhckNmFsp52I,IfcCovering,gevelisolatie_(#363577),,,259DEFB5-6755-445D-B8AF-90587D019706,,Storey-1,True
0fjAR$axrC9f4JQIx4UcgL,IfcCovering,wandtegelwerk_(#592952),,,4F166C74-4614-4A6D-B0A0-260162E9F5E7,,Storey-1,True
047_ueS7b1veWoAvfGBwGx,IfcCovering,wandtegelwerk_(#592789),,,02DBDDFF-D06F-40F4-885B-C4EBA4D14F9E,,Storey-1,True
1LfftulEL5WAQHDTo$XQ6h,IfcCovering,zinkwerk_(#586708),,,27725272-17C0-487E-8E41-4CB8EB450614,,Storey-1,True
1bPiFfHNbFs80oaZSGcLK4,IfcCovering,afdekker_(#479773),,,33F870C1-1397-442E-BB90-409B80EC5578,,Storey-1,True
1iI60pyqj9XxpXKu9Aar1w,IfcCovering,gevelisolatie_(#437732),,,0C583BC7-EDCF-4D4A-A36C-7BD1E871D256,,Storey-1,True
2LSvkY6Qr93x$SXRCPx5dr,IfcCovering,wandtegelwerk_(#594528),,,91D5A97D-482E-40BA-83C7-91258D792518,,Storey-1,True
2BEwjvUAv6bhFsUll1$y26,IfcCovering,vensterbank_(#470693),,,CE495FCD-28BD-4AE6-A456-E2B2A07487F8,,Storey-1,True
3ENH4rGs59QRKNdrP94cUw,IfcCovering,dakopstand_(#441525),,,2DFD6D19-3922-4837-8210-DEF2BEA8C8FF,,Storey-1,True
26VxYVay16auvAWaQUczBr,IfcCovering,betontegels_(#381357),,,40E7A3AC-1195-476C-9147-2B2FDA5C07CF,,Storey-1,True
1bczZW$a5Cn8iiSVwkfksG,IfcCovering,wandtegelwerk_(#590852),,,E3FBA720-A40B-418B-9076-4290FAF14173,,Storey-1,True
2v6BsH2_n95Bd6yB2BW8r4,IfcCovering,dakschroot_(#505325),,,87835ACA-8B00-4B8D-9E4D-0889F9CDC1FF,,Storey-1,True
1DxBchAUvD4PUx6FxLOA79,IfcCovering,gevelisolatie_(#415400),,,5BB6963A-5428-421E-A2CA-B7E4CD375F62,,Storey-1,True
0drLh9u4f3BfkszL5aeq94,IfcCovering,dakpan (vlak)_(#467533),,,635ECD48-8AE9-45FA-8CA1-3217E467564D,,Storey-1,True
2SURB3aTb5fASgS4f_MpPD,IfcCovering,waterslag_(#512371),,,F693ED8C-80E9-47F4-9273-68C4EF9E314F,,Storey-1,True
1ieWJ577TAxhN9z7fSfHTT,IfcCovering,wandtegelwerk+_(#591615),,,2B3D6C4F-8C11-406B-9F0A-B64CFC7A1D84,,Storey-1,True
0AT2WrhxT9dhNq9imZjsJU,IfcCovering,betontegels_(#355874),,,539D7505-1BC4-425A-98DE-189FD835E36F,,Storey-1,True
2N_BeykHX0RPOI$To6OPYp,IfcCovering,afdekker_(#479988),,,281D9DE2-808C-4DCE-AB87-70F6A3A47922,,Storey-1,True
2DxW_S2Iv3oubWmehWa662,IfcCovering,betontegels_(#356434),,,5FE39DAF-01F1-40A1-B1C9-228C34721512,,Storey-1,True
2yudVvusXBjwBK3hgLvUi8,IfcCovering,zinkwerk_(#479345),,,2AB9F117-8F43-4A82-A6DC-66412DD0BE45,,Storey-1,True
1hYj_P2bT5thd3X3LDQ2Ax,IfcCovering,gevelisolatie_(#158947),,,8FE09A47-3E50-4D6C-A990-449D25659FD6,,Storey-1,True
1NbsnLsET4FeIl4onj8z4K,IfcCovering,gevelisolatie_(#181315),,,245E5F6A-D403-4BD8-B44E-DA227CC20EDB,,Storey-1,True
2wroSJYHP7VfqM4DhAxEsl,IfcCovering,vensterbank_(#205376),,,89D1632F-5E0F-4DC9-9252-0DE60AA5CA68,,Storey-1,True
2rHICjc8j76uLlPDt9k0C4,IfcCovering,wandtegelwerk_(#306971),,,7063DE86-856B-4C4E-9CFC-C796D974133D,,Storey-1,True
0lOUttH79EIg_gPDyUmj$u,IfcCovering,vensterbank_(#205984),,,764AE92F-8301-41F0-A6EA-7C1687CC1584,,Storey-1,True
2iXR7_Tej3DxAq$KVdqrUV,IfcCovering,afdekker_(#168101),,,4E31A2EC-E483-422F-8BA8-F7CC6CA9C2D0,,Storey-1,True
0rgLfhIcP3X92WBhMWvFXj,IfcCovering,wandtegelwerk_(#307134),,,AEBF75E4-1E2A-44A3-8427-052CA9B7AC58,,Storey-1,True
1hQVKgoz59LBmHmNo3LREu,IfcCovering,buitenblad_(#23896),,,7602556F-A56F-412B-83B1-04880320983A,,Storey-1,True
3abUrq3$XAvOi6P9Q9v97o,IfcCovering,gevelisolatie_(#118274),,,C55000C9-7681-480A-BAC1-104312EE6898,,Storey-1,True
38ecQOnRb7$uqOG_nwoSCJ,IfcCovering,gevelisolatie_(#83363),,,9C0D3A87-DCF3-4815-8D29-FC4470CF42F5,,Storey-1,True
22u7tOg9f0LvI5o70vRLgb,IfcCovering,gevelisolatie_(#93870),,,443E2ED9-8B63-47B4-8D50-8C67A88C2B7B,,Storey-1,True
2g92oIkvL0nugbl0zQunx7,IfcCovering,gevelisolatie_(#104847),,,AD7BD4BF-7A43-432B-A2F2-128290E22357,,Storey-1,True
2rAooSYGvAFvkhTW7udOyw,IfcCovering,gevelisolatie_(#287771),,,4677B25E-6537-483E-9031-E22B1561FA5C,,Storey-1,True
2VIZwpKHH4kAsc9lKDB1Af,IfcCovering,gevelisolatie_(#119289),,,360C907B-BA73-4B16-9E3B-93A3C96ADD41,,Storey-1,True
1A2oXlg4rBHuWRgt1b5Nbl,IfcCovering,wandtegelwerk_(#305226),,,B2438583-21AF-4721-835E-518A4C2C2377,,Storey-1,True
28ypLezUT1QhGgA3OkxZfe,IfcCovering,gevelisolatie_(#75327),,,B164F91A-105F-4878-9A42-F8B2B078CF13,,Storey-1,True
0efeNx1$H6lfyTtB_v7vpD,IfcCovering,gevelisolatie_(#44653),,,3557E64A-A2CC-4BBE-925B-F9E2951E1ED1,,Storey-1,True
3n_UPfEY50aQnpoEhLihEh,IfcCovering,waterslag_(#202829),,,4FDD3E37-C0F0-49B0-A40F-9201160F7CB2,,Storey-1,True
3stjnLnUH8RBxcY1oaVTaf,IfcCovering,vensterbank_(#204312),,,CDF78E7A-3131-4328-B1AB-DA2B35D65F2F,,Storey-1,True
1Ja8HhWrT1Mv5CbhZPPUBt,IfcCovering,afdekker_(#147174),,,5A77868F-E052-469E-9196-52EF6CFEA6B8,,Storey-1,True
3NcVSnrXPA7OMcPhs2Z3Mc,IfcCovering,gevelisolatie_(#97697),,,E8E3F279-9EBB-46EF-8B52-47D8C29CBBD4,,Storey-1,True
1SHo8l3Hb0SO8L1Lv7qzl8,IfcCovering,muurafdekker_(#273825),,,B18E9CF2-CB15-4D52-8C66-10FD347CAD89,,Storey-1,True
0nctGurr15vO20MJCt5U0t,IfcCovering,wandtegelwerk_(#294669),,,06F7A44D-C9BE-476D-B486-DB0122502DF2,,Storey-1,True
0Kj3msfqf7Tuth1vAXcKAy,IfcCovering,gevelisolatie_(#66172),,,161E983A-2366-478B-BEFA-3511EF934573,,Storey-1,True
1phf3i$NLAmQXA_04$Je_p,IfcCovering,vloertegelwerk_(#305379),,,0924D1E3-DCF9-41AF-8A57-F83E83356F63,,Storey-1,True
0x0HOjcrD9LwiHo27DIdCI,IfcCovering,wandtegelwerk_(#310225),,,FF872175-6260-4608-AA0E-C3CA666064E2,,Storey-1,True
3Bf0L9Rw912AP7SBw5vVk9,IfcCovering,gevelisolatie_(#138808),,,D34902E0-BCD4-4E9C-A1D4-1DFF78024EA6,,Storey-1,True
2Zq1K$UjbBVhXG0ZDLFj_I,IfcCovering,wandtegelwerk_(#310666),,,1BC5E70C-7A89-424A-9996-91E4E20E7732,,Storey-1,True
0NBw44E0v4WwbOzfPPORB7,IfcCovering,gevelisolatie_(#145995),,,3F28B88A-718F-4C1E-8AD3-49645D70482D,,Storey-1,True
2L3I38DC10DwaH6zCCeyOm,IfcCovering,wandtegelwerk_(#307623),,,458C3824-F224-4C87-AC49-34FAC15C6020,,Storey-1,True
25EivngmX5HgjwnL_VejfZ,IfcCovering,afdekker_(#177583),,,C2C48456-21A9-49F5-9EEE-C6899BB90066,,Storey-1,True
26joghz8TBsOaP2ODbHqsr,IfcCovering,kantplank_(#90222),,,6B356639-ED7F-4BFC-81A3-D6CE9F43A9C3,,Storey-1,True
0p85EkT8X9xPh4QTppM4n1,IfcCovering,gevelisolatie_(#138999),,,0D31B9B5-DAC7-46F9-992D-6A1ACA6451A8,,Storey-1,True
2NdJgBGA94f9GjB3gsP0Aa,IfcCovering,gevelisolatie_(#162981),,,9761297B-6580-4995-A6A9-81073BEE52EE,,Storey-1,True
14uda5o0P1b9UqMR2b61T2,IfcCovering,gevelisolatie_(#163172),,,133BA890-F89B-4B52-A103-C5EC54FFC660,,Storey-1,True
3EYgBuqzXFM9pmGC7TVDSj,IfcCovering,gevelisolatie_(#64938),,,79773614-6593-49F4-A7F7-CB511F17F55D,,Storey-1,True
3LuOo_MQT3E8nfe9eT2Qkb,IfcCovering,aftimmering_(#292505),,,ABA997D8-0885-450A-A285-25A4A73F77A7,,Storey-1,True
2CpS3oLuj1PQR007IfyA5C,IfcCovering,vensterbank_(#205680),,,B778BC1B-737E-4A47-A8B7-124308EC6025,,Storey-1,True
270OHaczH2QuY0lEgCw2YK,IfcCovering,afdekker_(#154087),,,518D2427-FBD9-43A5-94A6-466125D3F5E4,,Storey-1,True
08AYo5o1vAXuhlij$fNLLj,IfcCovering,wandtegelwerk_(#310911),,,858057C2-8F67-4FB3-BAA5-CAAD17DE87BA,,Storey-1,True
3zXsZ2XuL6feA3MXGpEcrd,IfcCovering,gevelisolatie_(#149793),,,B61801E1-78D5-4D73-8CE7-1BEC7A51DD83,,Storey-1,True
1E6y_k8d16QhLY6bCE9Klg,IfcCovering,gevelisolatie_(#92742),,,C2E7F2CB-20A4-44DF-9449-43B0D4B1AA9E,,Storey-1,True
3snnpWM$59JPCvy04zRZjn,IfcCovering,gevelisolatie_(#145375),,,0BC721BD-CDE5-4ABA-B098-AF989852BE90,,Storey-1,True
2awIG1uTT1WeyLi3xdfb0w,IfcCovering,waterslag_(#202147),,,7A973E1C-3A3D-4327-B0AD-6F411CB1CE2D,,Storey-1,True
1HWTnDCSrBGe5lULAuVzDV,IfcCovering,gevelisolatie_(#139572),,,24F0C68E-018C-446E-AAB7-FD989EFCE4A7,,Storey-1,True
2qaWW0G4r7e8hs22Dmnm7N,IfcCovering,gevelisolatie_(#76091),,,D453E345-F8DB-44A3-84AC-2EEEC94E9F12,,Storey-1,True
29cEynWWDFkx5x1iPW_DJE,IfcCovering,wandtegelwerk_(#309056),,,6CD53A6D-01C5-44E8-8931-DEC22C344812,,Storey-1,True
2r4XVXJ5L7swMQA2RNgeQB,IfcCovering,wandtegelwerk_(#306645),,,C89FFCFC-B783-401D-9050-D08B60E006DD,,Storey-1,True
1KX$W5psX7FekszUFLQLt6,IfcCovering,gevelisolatie_(#173817),,,16166089-169F-4DA6-B87F-15E43A6499E9,,Storey-1,True
163WneOcPBCvnqa4ow7gzd,IfcCovering,afdekker_(#177789),,,7B5F57CC-6C6C-4E86-8BBA-845FFB601465,,Storey-1,True
2aFeg3GHf64OZmjviIK9pe,IfcCovering,waterslag_(#200783),,,1D1FDA6F-163D-4445-BA32-6A427DEF38A6,,Storey-1,True
0_h0L$dzjDKONdfW$KHufy,IfcCovering,vensterbank_(#204004),,,BE105811-B768-4E40-9885-19024C5B357F,,Storey-1,True
2J6v6HTZXFl9uKBhJNqShn,IfcCovering,vloertegelwerk_(#306136),,,59EDF53F-C463-4A66-9CF8-454175AE0330,,Storey-1,True
2nAW_fDsj1lOyKoEti_MUw,IfcCovering,gevelisolatie_(#65219),,,F08D5AC0-808D-4409-BFCE-C99CDD5C22DB,,Storey-1,True
1WAK1N6mf6BBrVunKZ_EdT,IfcCovering,vensterbank_(#204616),,,6A7AFA40-8E15-4398-BCFB-934578C68E37,,Storey-1,True
2SZUmJ_QL83udFFn9VTIrj,IfcCovering,gevelisolatie_(#146413),,,02DC9E17-93F2-49E3-B15F-9FB55FC2DD0D,,Storey-1,True
26e8DyUyDBGOb1YWwqwzra,IfcCovering,gevelisolatie_(#140549),,,F1B324BA-1250-4F5D-A771-EF94342470E0,,Storey-1,True
1Vl$haVCL8$vfhL9hPDY7v,IfcCovering,gevelisolatie_(#63166),,,1471CBAB-7579-45F6-985E-DD4993D059DD,,Storey-1,True
3f$$eC_JT5J8IAfq0pTIIi,IfcCovering,waterslag_(#202488),,,1237AC77-86E3-4E05-998B-F96E9759F29F,,Storey-1,True
0pw3ROZf526R9Q5V8aSa8v,IfcCovering,gevelisolatie_(#166153),,,BE08A28C-F6E4-4E36-A434-7C1922D155DA,,Storey-1,True
0OUiOmbED8Mxvj98wC657S,IfcCovering,gevelisolatie_(#154440),,,3A9DEF6E-C4A6-4E69-8974-6AB3E4F12859,,Storey-1,True
20nyg1Hij9nwe7_ILJXTQs,IfcCovering,gevelisolatie_(#185419),,,61F43ADB-B50C-481C-BBB5-C49673952EFD,,Storey-1,True
2F$lW_i7jAQedW2ljdASy_,IfcCovering,wandtegelwerk_(#307297),,,5C9231CE-3473-47B8-A679-FD5FD27D4924,,Storey-1,True
0VWoWLTvTFQeFPpLMbWisx,IfcCovering,afdekker_(#177377),,,34E3FCF3-4C9A-44AA-9A6C-B8AD14D176A4,,Storey-1,True
3C_y$5hZr1egQtILCeCEpJ,IfcCovering,gevelisolatie_(#83554),,,2140D6FB-316B-46F9-AFAF-18F97D86AC0D,,Storey-1,True
1WRsfJRqD8fgT2uhlY$pDW,IfcCovering,gevelisolatie_(#75900),,,1077B55D-27C6-4E42-935B-4CA7657F4078,,Storey-1,True
1c87fM3RL3MgIERmZjw13M,IfcCovering,vensterbank_(#197028),,,66EAFDD4-29CE-47A0-B1D8-372EE5DCB84E,,Storey-1,True
31gb6ZylX7UPis0JtHCjhY,IfcCovering,gevelisolatie_(#62352),,,3CC4F727-E21D-44C2-B54A-B5301FD1F422,,Storey-1,True
2qP4ZjogfCABFdn45E1t21,IfcCovering,wandtegelwerk_(#305063),,,ADED1768-61B3-4BDE-9D67-2B0AE2CB0293,,Storey-1,True
1QBCf2ycz7su3zaIKjeEDZ,IfcCovering,gevelisolatie_(#159565),,,4FD8FBCB-2369-41CB-9239-EC6A38686F3F,,Storey-1,True
3PSBfLjjn1T8ATSBW9oi2C,IfcCovering,wandtegelwerk_(#310034),,,513B46EE-64F0-46B2-904E-93C316983957,,Storey-1,True
3jImn1cJ1E9vzlfCg$kH2k,IfcCovering,afdekker_(#168513),,,188DE7A0-9392-49F8-BC92-2AAD1B9D1318,,Storey-1,True
0_RlMpTbH9NBuNzmukGMOl,IfcCovering,gevelisolatie_(#111067),,,4DCF5549-1896-4EDA-AA37-EADDDD02C1F5,,Storey-1,True
0389hWwJ11AACIBzwAdhnt,IfcCovering,aftimmering_(#190395),,,B7C951F0-6379-4C1A-AD40-BF0B0B470E4E,,Storey-1,True
2$9LlY1EH6S9jkcdCUi7z1,IfcCovering,wandtegelwerk_(#304528),,,79647A36-0FEA-4D92-8B70-3ED6E1ECFB69,,Storey-1,True
2fMgNMAdb80OJwW_1P77kg,IfcCovering,vensterbank_(#204920),,,03FD1856-5BC6-444E-A836-4112539D3FFD,,Storey-1,True
3MGiyWAG95rvc4RUfL5l2C,IfcCovering,aftimmering_(#292925),,,68E0595B-EA97-48F4-8406-ED0577DFE329,,Storey-1,True
1$F$k4V5D2AhN7gNr72bSh,IfcCovering,wandtegelwerk_(#304900),,,6F987267-4B23-487B-BDAB-F6BC213CF11B,,Storey-1,True
02b$G_7DPCl9hQnX1YzRg8,IfcCovering,afdekker_(#153664),,,3F298853-135E-4013-B199-A4A336E77F17,,Storey-1,True
2Ta1T_KuLFSut6k3O5MLEL,IfcCovering,wandtegelwerk_(#309382),,,F8EE8675-8545-4192-8518-6D67E0D0A90A,,Storey-1,True
3ErAIdzsvF0OHAJJQUF4Fp,IfcCovering,gevelisolatie_(#96093),,,A5905E5C-DD6F-433C-9AFC-644787112FC6,,Storey-1,True
3PEDo3jg925A2pzMcFAIbS,IfcCovering,vensterbank_(#205224),,,D6F609FE-0B79-4DE6-9737-3EAD03EAFB6F,,Storey-1,True
2c6D4JDRH7PvnuSIWZawXA,IfcCovering,wandtegelwerk+_(#304392),,,172E482A-8CE4-4D41-8B4C-C9C181B31BB2,,Storey-1,True
35Jo5nQ6r3QhZBq7iUMctM,IfcCovering,gevelisolatie_(#117764),,,159305C3-AF0B-4F51-82D3-E87F58B02880,,Storey-1,True
2_ytYxh5HEEBZWoR6SGV4E,IfcCovering,gevelisolatie_(#93393),,,954AF7A9-5AA7-4C94-9C11-3E998E0CF59E,,Storey-1,True
2cskRqjCD2iRezsTx4gySA,IfcCovering,vensterbank_(#183760),,,D6DDC653-2A74-4A82-9DA4-1CBF41C0B71E,,Storey-1,True
2RtY18FVfC6vRqlPF4T_kh,IfcCovering,gevelisolatie_(#149597),,,B5AA22A6-D777-4434-8B06-D29C863D3C58,,Storey-1,True
2q2F6jrqH1qP4jAL1_xUE9,IfcCovering,waterslag_(#200442),,,BE9BA5FF-CB76-49A7-8538-495C19180369,,Storey-1,True
1j04uMYZP9sQIAf6AibI$W,IfcCovering,gevelisolatie_(#75518),,,D5391621-1A22-47B0-AE9E-4B955ED093C1,,Storey-1,True
0lzmyU2qz2ZPxdJTZAXYHn,IfcCovering,afdekker_(#168935),,,93560FB2-33C4-466E-BB79-BDDF54B04BC9,,Storey-1,True
08lQZklt1179DAY9MVNot7,IfcCovering,gevelisolatie_(#66363),,,6CAA30B4-4DFC-47B0-8C0E-FC915F61C33C,,Storey-1,True
1gPa969bb4aRVkTVjAronq,IfcCovering,gevelisolatie_(#140358),,,CC9AE100-2511-4EB8-A10F-4BE251C02933,,Storey-1,True
3gBaI2LfPEThXm6s0SHMk8,IfcCovering,wandtegelwerk_(#308893),,,E89DFA09-1769-43E7-973E-898A58A908F6,,Storey-1,True
1pXlWbCMP5If9yL7tCP3KM,IfcCovering,gevelisolatie_(#105329),,,7E6B132F-F488-4441-81DD-47EBE74BFACB,,Storey-1,True
0DJzX6e692ZwkckIS5wshf,IfcCovering,gevelisolatie_(#106915),,,AF04597B-A115-4D44-9303-272BE7171B64,,Storey-1,True
284J$03YLFXPGkHkz$vFaY,IfcCovering,aftimmering_(#292313),,,B44BEC83-695E-43EF-8C8C-72E86DE53020,,Storey-1,True
3IISogIMLFyuW$9e8EjxXp,IfcCovering,vloertegelwerk_(#308729),,,06768DA2-7E7E-41DE-B329-33DCB61B223A,,Storey-1,True
1lcVL6ETrDhe$hMidwgfQC,IfcCovering,vensterbank_(#205072),,,54E5C4F5-4F24-4A26-A63B-82605CFC95D7,,Storey-1,True
3C3towheDBqwd3SRAaXjAG,IfcCovering,wandtegelwerk_(#306482),,,3077F6F6-F9D6-4752-B52E-978CFE943FCB,,Storey-1,True
1JsGWI44T4x8qNT$I2oMRS,IfcCovering,afdekker_(#177171),,,36A84268-9968-4497-8CAA-7D960460AD6A,,Storey-1,True
0yqHPLwqH83fVJhdTeGA7K,IfcCovering,gevelisolatie_(#139763),,,29DF9B63-77CC-4840-A02B-CFF5E39510F6,,Storey-1,True
3dnAonMmP2kxHiIiLOpybJ,IfcCovering,afdekker_(#177995),,,438EBDCC-AD29-4366-8776-4C84573C85CA,,Storey-1,True
2yT87Nv0nF2RhB8tTeZyqq,IfcCovering,gevelisolatie_(#180908),,,B6CD5149-6B56-4CF0-B282-3EC58E9DFA6F,,Storey-1,True
0IG5iOpobFIwd4v_TFypCc,IfcCovering,afdekker_(#153046),,,CAA7FCBA-EA2E-4EB2-886D-F1C6EBD94254,,Storey-1,True
1PkWZXAJH909OZThTSMllD,IfcCovering,kantplank_(#90070),,,90347E01-96DF-4DEE-AC8F-7FD011E16801,,Storey-1,True
3h03m1DIT8HPpRQ1b8V0fH,IfcCovering,gevelisolatie_(#162790),,,A230F59B-316A-4AF2-AC23-DF3C6D104376,,Storey-1,True
3OkzPa_Br4FgSncbRCiAG4,IfcCovering,afdekker_(#44220),,,FD95C265-476B-4A5A-9447-2748ED98DFC8,,Storey-1,True
2hgWXX7Gv2IQofn8Wp1mpX,IfcCovering,gevelisolatie_(#162403),,,91C93513-AD0E-41F9-A444-C8E8DAC9FC55,,Storey-1,True
0raOvV7pPAwO55dlw3EXMk,IfcCovering,wandtegelwerk_(#308112),,,AED075CB-48A3-4BE5-A804-56CEFB84A3AA,,Storey-1,True
3ycEcwb1T3yvGBt0F_vjpk,IfcCovering,vloertegelwerk_(#304238),,,C482D15F-C54F-494E-9905-EA314F3054FD,,Storey-1,True
1bbry7gLnCjxclf3UEeGx$,IfcCovering,gevelisolatie_(#184235),,,C5F4A9B4-424E-4012-BDF4-75374C99A0BE,,Storey-1,True
02QNhwMY59d8$KW9fAbcqC,IfcCovering,kantplank_(#129656),,,722658C1-2331-4208-8390-F00A7ED2E50C,,Storey-1,True
2U85wUSBP2lOf5pvz2n85e,IfcCovering,gevelisolatie_(#97888),,,948E56D3-DB1C-47F9-B916-EFC74FE78518,,Storey-1,True
1EAothq6v9IgJ6bcszYkTM,IfcCovering,wandtegelwerk_(#309545),,,BF288696-E069-402B-B619-E6DE78FB8A2E,,Storey-1,True
2vcVWRTRP75O_rvv0Z35PJ,IfcCovering,wandtegelwerk_(#308275),,,2BC7443E-0D74-411B-8462-FFEF4717E876,,Storey-1,True
2FMkSfhyLF190MqoYfsDmc,IfcCovering,wandtegelwerk_(#307786),,,7A844865-2970-411F-AB65-C0E14F3D43B1,,Storey-1,True
2PLBLPXBL3U9CXk1nkQmsW,IfcCovering,gevelisolatie_(#32776),,,10FFE31C-0E9A-4124-90EB-5045FD8B5A76,,Storey-1,True
0eYULD3qfCT8dMjKzY2Ncs,IfcCovering,gevelisolatie_(#185809),,,B0CF443D-1DD1-4332-84BB-8B1AF2EDD46E,,Storey-1,True
3JgDQorcX1mu9ciyYp80ax,IfcCovering,kantplank_(#110148),,,CE857BB1-C059-4908-B134-D25A3F75F217,,Storey-1,True
0wkLR0ggHCd8apz0waX7cl,IfcCovering,gevelisolatie_(#175180),,,3F6DD9F0-E797-43BC-98B3-DBA34BB5E7AB,,Storey-1,True
2iU6N1i053PRakTVZAG4DX,IfcCovering,afdekker_(#169141),,,973C0680-9578-4243-BC9E-211EA9B05B6E,,Storey-1,True
17VtV3rT9DuAm8AtzHlRXh,IfcCovering,gevelisolatie_(#149007),,,B6DDC016-12B5-4486-B2AD-97D75A2A0303,,Storey-1,True
0nME$LgfP9QO0fnBRtNyge,IfcCovering,kantplank_(#158594),,,05B7A5B9-9361-4B3B-BECA-ECC2E96D5CB3,,Storey-1,True
2emoc8Gxj9SwzUvC_5voiL,IfcCovering,waterslag_(#199760),,,1139FFA3-8ADF-4446-BE27-85AFD1620799,,Storey-1,True
2gOzgUg2vF8e80cuGevCXX,IfcCovering,gevelisolatie_(#185228),,,67E661D5-66DB-405D-AF36-9C3E6D99910A,,Storey-1,True
3qJlkFt119Ce0YcS$hqnoL,IfcCovering,gevelisolatie_(#75709),,,3C0EE00E-8B18-472C-BFC0-091B0A1D68BA,,Storey-1,True
3GwAB1$xv5sPKO3olNobad,IfcCovering,gevelisolatie_(#159138),,,82126EC5-6DC4-40B8-8097-56F82AE56AD7,,Storey-1,True
1ynIsYUOH6_vtTUiKrFcAE,IfcCovering,gevelisolatie_(#190587),,,4F52AE38-BC69-4E55-9813-9B107AD37331,,Storey-1,True
37ykuHBdXAvuSXE$SL318_,IfcCovering,gevelisolatie_(#186000),,,CE06D7C1-038B-4B09-8AC3-FACD0F2E6BF8,,Storey-1,True
3f0ieUWDfAvAnt$bBKhE_W,IfcCovering,afdekker_(#167689),,,BEC2517E-10E3-40DB-B854-DDD02015ADD5,,Storey-1,True
3wUNKlVUDFqwBazVZxgK7S,IfcCovering,gevelisolatie_(#98370),,,632D7300-8B67-46C2-892F-2B7AF69D9B75,,Storey-1,True
0vmwxsqzzFRBGbD3IEWCdn,IfcCovering,aftimmering_(#83158),,,A74A1CEE-C652-4E30-B68C-20AC69DF0F63,,Storey-1,True
1GfAVoWTTB0AIzgrmNeDkH,IfcCovering,kantplank_(#191965),,,DF9AE63B-71A5-481C-9A8B-565E32217792,,Storey-1,True
3KgvHpu5j9hBGR0api7FCx,IfcCovering,waterslag_(#197369),,,472CDED7-9945-4207-B6BE-D160C027D9A5,,Storey-1,True
02p1EzBP9B28VO4vCE6Sea,IfcCovering,gevelisolatie_(#95897),,,AD8C21C8-5C51-4580-9DA6-3430BE2B8485,,Storey-1,True
3u$jzAUqj7TRooXZFzvLdj,IfcCovering,gevelisolatie_(#288349),,,556E69B2-6D25-43CD-8B01-3C3A60688083,,Storey-1,True
10c7YgF3f8uh9cr3fLsXII,IfcCovering,gevelisolatie_(#94503),,,8B987FDE-5727-476D-BB12-9B704CD0778F,,Storey-1,True
2EAe9OT$91F8c0$g8QQ9zN,IfcCovering,wandtegelwerk+_(#305505),,,1E69F007-BCB6-4718-BF76-F0F8B898DD68,,Storey-1,True
1U1UJaoXv8XgzXXBkC9DuX,IfcCovering,afdekker_(#150904),,,692DBE38-CE7D-45C6-8C9B-B04D3F063832,,Storey-1,True
1nVozEXeb08wVgDnvE7D8E,IfcCovering,gevelisolatie_(#65891),,,75C51112-4D6A-4C26-BEA0-B7B55C8E5DA7,,Storey-1,True
1po4zKasX9ufD5pHW4piVF,IfcCovering,wandtegelwerk_(#307949),,,E2575104-83E7-40FE-B6FF-F07D62AC5CB6,,Storey-1,True
3zdtzGI8D8be36FZpV4Tj_,IfcCovering,afdekker_(#162241),,,4ED3AFE8-ADDE-4362-BDB5-641D68E0807B,,Storey-1,True
0AV4irvIv1LA8PncXFGY73,IfcCovering,wandtegelwerk_(#304737),,,6EA685A4-DCB8-4314-9F2C-0210355EAD01,,Storey-1,True
1b_EIHiCv62OY4ydUzseN0,IfcCovering,afdekker_(#152634),,,5701D9F3-BAD8-4931-A552-FB6F6A125B50,,Storey-1,True
3Q8aDABXn4deXSYmEWYpu3,IfcCovering,vensterbank_(#196876),,,8FD3BC4B-8801-4B7D-8A09-8550F93BA5C4,,Storey-1,True
3s_knxY6b8KQfbKTj6kuEf,IfcCovering,gevelisolatie_(#174008),,,62672559-BB3C-4C97-B55F-45F70C6628CA,,Storey-1,True
2$lF6XFtH2jvc$UZhpKvYM,IfcCovering,waterslag_(#201124),,,20DA9600-C910-4812-A5F5-7A16E57536BE,,Storey-1,True
0nufDFqyn90Arikl7B1V3x,IfcCovering,afdekker_(#168307),,,A5BF34FC-187B-4287-9561-7E7D88CAA548,,Storey-1,True
1x0$M9MBb39vfxwH$KFO1Q,IfcCovering,vensterbank_(#205528),,,860FBDAA-06CF-4F39-8E5D-F22E75D1AC9A,,Storey-1,True
3Owrw4R9X5ghcyqui1xKqX,IfcCovering,kantplank_(#191813),,,BFD32B77-3AA0-4151-8BFB-167D94615BA7,,Storey-1,True
3WqXbVSMf3IONoPr1S$VjD,IfcCovering,wandtegelwerk_(#307460),,,40C57541-77D2-4803-AE2C-C4C9BCBA05D6,,Storey-1,True
2XkODrmEPBd9J3xltH_SSS,IfcCovering,waterslag_(#198737),,,7CED1C0C-26E0-4E47-88DF-6FD389A0B84A,,Storey-1,True
1q6Yhr5OPEhOXSCiC_$nd8,IfcCovering,vloertegelwerk_(#304029),,,D9E918DA-DBAC-4567-A23E-23E69A466198,,Storey-1,True
3Wsy19S5H0tgDdbhWKMoKP,IfcCovering,gevelisolatie_(#70629),,,1F253A6A-14DF-4358-8936-84FD1C2EAB6C,,Storey-1,True
13$R02K5bDZg19hg5xEbN_,IfcCovering,afdekker_(#148443),,,40B92EF0-2C52-407B-8F8D-D95F3599B82A,,Storey-1,True
35rMnYyKH7RwX5WjsSdCyr,IfcCovering,gevelisolatie_(#65500),,,47BF46F7-7E75-4FDF-A15F-83D2D548B2D1,,Storey-1,True
3UeaYlWZr2BOorVE0C5tF$,IfcCovering,gevelisolatie_(#174399),,,8A1E30F1-4C7B-4F7B-9131-EABDA52B6BC4,,Storey-1,True
1YaXVL6_vA9xJO8hOlYYJk,IfcCovering,gevelisolatie_(#165962),,,DB44F3DA-F445-4126-A822-6E7F311953D3,,Storey-1,True
3dhvBgBGTEzgpJux4FZcLf,IfcCovering,gevelisolatie_(#64265),,,AFBDC2AD-8A6F-4CB5-B385-09157A288500,,Storey-1,True
0txDkbNhX2HOdZnBk1XJUf,IfcCovering,gevelisolatie_(#98174),,,07E0B76D-7CE9-41AD-865B-3C924D902650,,Storey-1,True
0z6SKcuffCLvDFuQJKayWS,IfcCovering,waterslag_(#203511),,,BEF55FEC-F08B-4C5E-A55A-3DDAB9F03076,,Storey-1,True
36vEpDAn19DfvT0grqFaCI,IfcCovering,gevelisolatie_(#93584),,,C48F0EF8-54FB-4CC4-9F88-592ABA069E0F,,Storey-1,True
2Ex8IZf19449AvH6j5BO2u,IfcCovering,gevelisolatie_(#158756),,,F0205DDF-C67C-46A4-832C-685C7569218C,,Storey-1,True
1aUUQH_11AmfAV7BlAHpDd,IfcCovering,gevelisolatie_(#71421),,,DB4701EC-5473-4DC0-AA1B-FDCF0B723111,,Storey-1,True
3c9eyOobP1aQBMg3h9R$Ee,IfcCovering,wandtegelwerk_(#303253),,,ABC9684E-F05B-485B-A477-DFA54CA5E83D,,Storey-1,True
0EgpWYhGPAvvJqAdz2uJS2,IfcCovering,gevelisolatie_(#66840),,,E7FAAB89-731C-4EB6-9D3C-A36B571C9349,,Storey-1,True
0SOlL11kz359rZ8V_HJtMM,IfcCovering,afdekker_(#148237),,,423DF2B0-DFBC-4FB4-BB02-EB0380711E9C,,Storey-1,True
3ybL80a093AODhzFfXFKQq,IfcCovering,gevelisolatie_(#70402),,,C473E9F1-64E1-42C3-99D4-3FB7E07C5FD2,,Storey-1,True
2KSUaUfPD5sOw8qDeflOd1,IfcCovering,vensterbank_(#205832),,,7A04808A-C808-4DE0-AFFD-C48D8F0FE4BC,,Storey-1,True
1asKZ$5iD8qRZ5sGHSU9u_,IfcCovering,gevelisolatie_(#105529),,,827BE77B-91F1-4968-B3EA-AA770AFFF7A8,,Storey-1,True
1oCGSyTvbFVeAEq9rMGEhQ,IfcCovering,gevelisolatie_(#174789),,,CB417516-3E4F-46C6-B2F0-2E229A398BBC,,Storey-1,True
2aKrKGvgP3VRgNYrKuMq$W,IfcCovering,gevelisolatie_(#174598),,,EF21B557-FFFF-4F94-ADD5-D4DABAA60033,,Storey-1,True
3OY63_EVT93fReU7QUmrnS,IfcCovering,gevelisolatie_(#62579),,,9CBFA44B-F868-4A48-9684-0E9B4B524E46,,Storey-1,True
1yP5JgRp15UO6aUIhZDMzF,IfcCovering,gevelisolatie_(#105133),,,5D8550CA-0716-4E50-8B27-93980A290331,,Storey-1,True
37Gg_ewib1ohOO0mWR8O61,IfcCovering,gevelisolatie_(#162594),,,6B256BD7-BAE4-4DE9-904D-AF55D590997A,,Storey-1,True
2zGRDRAHX1vOWgUTEZHouY,IfcCovering,gevelisolatie_(#64742),,,896B398F-7814-4FA6-BAC2-01A73BEB5451,,Storey-1,True
24Xf6aru9FUfByK08E0cZV,IfcCovering,gevelisolatie_(#149401),,,27D7A0B1-608E-4705-BF32-A655D36C9AF7,,Storey-1,True
1D0SGChIfCXhyFbijL2Pr3,IfcCovering,gevelisolatie_(#62775),,,696E376F-2D9B-4895-A960-C58613106422,,Storey-1,True
0vzH22J1f8BP1y0oYIw2r8,IfcCovering,gevelisolatie_(#64456),,,2E9978A7-5537-4BCB-AE68-9A61020EAB37,,Storey-1,True
2SjJanMlf4ZwqV8gx_Hrr2,IfcCovering,vensterbank_(#206288),,,E6FE5BD8-9832-43BD-81EE-0705DCEB5A3D,,Storey-1,True
3qAJO$9Cz9VwWzT_sPAYwE,IfcCovering,afdekker_(#153252),,,1B8D5D5D-6961-47B2-9639-99F8FE4EDA51,,Storey-1,True
0TrTdRbqb6JAV4DIfR4UEa,IfcCovering,waterslag_(#200101),,,74E0824B-0858-4118-BF4B-BACA5326009E,,Storey-1,True
3sYXnLvyfE$RJjUT1EBCUd,IfcCovering,gevelisolatie_(#185618),,,53419756-808E-4698-8238-7F2B2003701E,,Storey-1,True
2WQ_9nALz7HxDRPqLXD2Y2,IfcCovering,waterslag_(#199419),,,412E75D7-43F0-43FF-B311-70C991651B1A,,Storey-1,True
3eu01_wIL0LPTymtHeMDmL,IfcCovering,wandtegelwerk_(#308564),,,84584CFF-3C1D-4104-939B-BF9B1CECE25C,,Storey-1,True
2HXF9P0T98TPz_mCDmVMBa,IfcCovering,wandtegelwerk_(#303742),,,A3AC177C-C2C4-440E-AAC0-09B4FF611F39,,Storey-1,True
0p7ZPvycXC9vAWrFVY2gsz,IfcCovering,wandtegelwerk_(#305967),,,022991A9-76A2-4C4B-BA22-498CD6CB454B,,Storey-1,True
1o7NA_T0PFQvFZJBfZxtwl,IfcCovering,afdekker_(#167895),,,0AE1EED9-354D-4C5F-9362-F4AA29DEB4E6,,Storey-1,True
0cJD1RW2PFE8IGCynjqKAJ,IfcCovering,gevelisolatie_(#104656),,,839B89EE-7AE8-4FA6-9BFF-87F9FA02D995,,Storey-1,True
3cCOiqxGvAxesww1jbde5M,IfcCovering,wandtegelwerk_(#303579),,,6115B302-DA91-491F-A4F4-A80A9A34A5E6,,Storey-1,True
29X5ERvcT4eQv3Sq4DWy6s,IfcCovering,gevelisolatie_(#122071),,,E11B0E65-A6D7-4706-BC63-52B753C425A5,,Storey-1,True
1UrHv8dYbALBxGb_RvosYd,IfcCovering,gevelisolatie_(#174980),,,17A9CA93-887E-45F8-8C34-F42FC2E35175,,Storey-1,True
2nEBtqfFD6ZhrSZ6IShdeP,IfcCovering,gevelisolatie_(#103557),,,27495DF9-D9AB-4AF8-8E24-2A55E8110F6B,,Storey-1,True
1tNxEjoN562f63ZNhGXq71,IfcCovering,gevelisolatie_(#121880),,,24E0F305-8C73-4627-8579-75860FDBADA0,,Storey-1,True
0ci7V20EX7QQ4QgCKD_Udk,IfcCovering,gevelisolatie_(#139381),,,870DA891-B546-45A5-8CF7-AC729E530584,,Storey-1,True
16ZDNpZ9f9SOCP8Wm1tTRR,IfcCovering,afdekker_(#150698),,,50C8FFE4-6977-4331-8DC6-6E3CEFD53B66,,Storey-1,True
2sVbyubFHCPvaPob4oCnQK,IfcCovering,vensterbank_(#183935),,,640331E9-FD0B-4C8D-BFC2-D0858FE13D11,,Storey-1,True
3s8JQrfqzDtQrAHqTVGT1a,IfcCovering,waterslag_(#203852),,,B40FCDD1-BF95-4095-8937-992AFB8B8750,,Storey-1,True
06iUjiEfH7iur0pgD4wVCH,IfcCovering,gevelisolatie_(#148811),,,5F8036C9-86D9-421D-9BF2-C96C65CCCDDB,,Storey-1,True
3oXcPJv055ceWky2Hn3IjV,IfcCovering,wandtegelwerk_(#309219),,,85BA1915-5F37-4161-B0C4-40A26EF852A8,,Storey-1,True
3qxUzJIdj7rhk5oXOTsM1z,IfcCovering,gevelisolatie_(#146186),,,ACA324FF-B0DA-456E-A33E-149299E77D68,,Storey-1,True
0TvkrhGCX1GB0IE0uKNIGM,IfcCovering,wandtegelwerk_(#309708),,,6CB3C177-0B2F-4579-8948-89F04F0B2A90,,Storey-1,True
2SkKNeC7jDqRVGZ4CDq_QV,IfcCovering,wandtegelwerk_(#309871),,,65FB6319-4D19-40FC-ABC1-B9F92921B4AC,,Storey-1,True
2KSTG8xEnBBhrwJ79moNkA,IfcCovering,kantplank_(#191661),,,8F9617EB-21C0-4CE2-98DD-D3A9921A9322,,Storey-1,True
1hsySBl7LEQg5cAq1Xaf1M,IfcCovering,vensterbank_(#204464),,,231360DC-C826-4BC5-9680-F90691A30535,,Storey-1,True
0w8pgg_fzBFR8pZ5EovTOM,IfcCovering,kantplank_(#192117),,,F46DECCA-BCEB-4725-8773-22EFC23599A4,,Storey-1,True
0PYg1jLiP8bRMjadxzK2Tt,IfcCovering,kantplank_(#158442),,,CE85305A-3B0E-4808-9228-C9A14A7F3EC3,,Storey-1,True
3e6C6o_AH1rODEFqk7DJ$n,IfcCovering,waterslag_(#198055),,,86286672-ABC2-4F85-A161-271EA0CB7A0D,,Storey-1,True
1xAjp$vhzF8gyBAWltyLkA,IfcCovering,vloertegelwerk_(#308428),,,F651A19A-E113-4307-ADD8-5003E648D024,,Storey-1,True
0UTrsAemD0p9PI$69pyRYQ,IfcCovering,gevelisolatie_(#163363),,,8A1BD21D-7295-4D47-95EB-6E61BF2FE1D4,,Storey-1,True
1$RyfS6V19r8vOeWD2pkpn,IfcCovering,gevelisolatie_(#140159),,,82C91671-10B9-4746-BC0A-25D7EE15503B,,Storey-1,True
3wYvwwpmz84A446Nxfeqdv,IfcCovering,afdekker_(#152840),,,B20CE7A6-F371-48B4-8342-0E8F72E4B3C0,,Storey-1,True
22$Unh$C534wwWiZbboQVR,IfcCovering,gevelisolatie_(#191471),,,121197A4-4076-402C-9714-48C5EBAAF5C8,,Storey-1,True
1Y9HnWdIX5TQa42qpM9b8p,IfcCovering,wandtegelwerk_(#310421),,,2E156E8E-564C-4B16-9638-E564943AC866,,Storey-1,True
3lEGzoZx12ZBK2UTzFVUmE,IfcCovering,gevelisolatie_(#139959),,,929AF473-1435-4428-B59E-2B16803C392A,,Storey-1,True
3TdRd8Fjz3duWeCGv$l0Sm,IfcCovering,afdekker_(#181787),,,7C93547A-5648-4199-990B-A2C0D5206A0E,,Storey-1,True
0ApNJB8DnALhWyk5FqDIfA,IfcCovering,kantplank_(#87782),,,D8EEC981-3866-45B3-A700-45F9D83FBF23,,Storey-1,True
0NyyKmovvCJeBOl6OPYdXU,IfcCovering,kantplank_(#63352),,,1E9BF7FE-2C18-43B9-8938-22DF7880FA8C,,Storey-1,True
2WctufR59BtvTZpNotWe9n,IfcCovering,kantplank_(#90374),,,0A63CBE1-9F5D-44B7-AC8C-D94EE062528F,,Storey-1,True
1crbfO8nX48efoIC51wkmL,IfcCovering,afdekker_(#148649),,,692E2B37-BBF8-4CA6-9271-2E6DE173A353,,Storey-1,True
0o1wbSaxjFxPZ$HGpNp7Ih,IfcCovering,wandtegelwerk_(#305804),,,BDE388BF-F0E2-4738-82C0-4926D55C3473,,Storey-1,True
10VH6L2kLDH9bGD0qtuQjr,IfcCovering,waterslag_(#201806),,,6788966A-C854-4E4D-84C5-81C696B5BF7A,,Storey-1,True
3lf37W9U52Ren4zhCiqHVU,IfcCovering,gevelisolatie_(#154249),,,3EFC0BDD-90D0-4B4D-B05F-D8EEE0CDCEB5,,Storey-1,True
3wKAeEg4nFGB0b2vvG7wW3,IfcCovering,gevelisolatie_(#66559),,,DC13E789-032C-4A26-A94A-7C11D7A102DC,,Storey-1,True
167rd1pVX3nhAYqdokTCr2,IfcCovering,wandtegelwerk_(#305641),,,1F29D7EF-6E50-49F2-9ECA-867A160A150A,,Storey-1,True
3_0NNuP$v8oxiOEkC4U8X1,IfcCovering,wandtegelwerk_(#303416),,,2D7E928A-CD17-4693-B3A2-9C09B106C676,,Storey-1,True
3v5KDx94P3hQytpsvFMD2W,IfcCovering,gevelisolatie_(#159365),,,C75CCC2B-22E4-40B5-8859-DDE43DF6C4D5,,Storey-1,True
1cyR8hqdT3OOEdtisvcwrJ,IfcCovering,gevelisolatie_(#149206),,,0B6DA134-1454-4921-B90F-C858E6AD564A,,Storey-1,True
29Rab7p5z4kvNFm9aJW_5E,IfcCovering,gevelisolatie_(#51597),,,C0AE6B18-EE55-4D95-8F5D-34F15F9B804C,,Storey-1,True
1AuylWPvvAOB0NxR0sk5nX,IfcCovering,wandtegelwerk+_(#303895),,,939EAD5A-014A-448E-8E05-6F45332C80EF,,Storey-1,True
1TotQmXU52Wg9DdiLoqcon,IfcCovering,gevelisolatie_(#98651),,,DA5E254B-1CBF-4BC8-BFDA-6123EB67772C,,Storey-1,True
29GhVE6Pv67Br2qBst3d6v,IfcCovering,vensterbank_(#204160),,,906AB04F-42AF-40D4-99AC-2A7B880EDD12,,Storey-1,True
0uvK6LIQHAPA2ojN5Kgzqw,IfcCovering,aftimmering_(#292715),,,6657DCB4-AF6C-4E99-8C81-723BA5582F74,,Storey-1,True
1pXnqmSW9Ew85ndKy3G7w$,IfcCovering,waterslag_(#199078),,,8C7E5F3E-A903-451B-B2A9-9AA066B0D911,,Storey-1,True
3EVSZgW2LBDPe57xvkiHmZ,IfcCovering,vensterbank_(#206136),,,A27FF16C-347F-40F4-89C9-8B40FF573876,,Storey-1,True
0eehhruxDCFwMly_GRmXVd,IfcCovering,gevelisolatie_(#174199),,,919D14CF-A1B6-44C3-AF17-816CE1C6255C,,Storey-1,True
0zp9XYz0zAHhCZPkXLU0Aa,IfcCovering,gevelisolatie_(#65691),,,BB866BA0-2207-4D83-87C7-92A5803CAD78,,Storey-1,True
2xqA5La09EBwLmdVRi_dsZ,IfcCovering,waterslag_(#198396),,,F9FB4942-9FBE-436C-8D04-488061D51411,,Storey-1,True
0IKYJcQUPDCRms8J3yZEOx,IfcCovering,wandtegelwerk_(#306808),,,AFA389CF-C445-4534-8017-A8D1C06A1FBD,,Storey-1,True
1crR78f4r8DQUinHHraa$K,IfcCovering,gevelisolatie_(#139190),,,1EDBEF78-E0A8-4A04-B3D3-A8F3D45FED56,,Storey-1,True
3d9hAK$K98UxgeUh_1Qgvl,IfcCovering,gevelisolatie_(#62971),,,396B99A1-9C25-45EF-940C-F3CD2FB13B4E,,Storey-1,True
2Ia55aOL1EZBuBZMRUzLI_,IfcCovering,vensterbank_(#204768),,,7D5B8531-421B-429F-B94B-2A2236D238CC,,Storey-1,True
3GHqQ5rEv57hfF5aDHHT1A,IfcCovering,waterslag_(#201465),,,2A127F05-69E1-47E8-8B06-AED8E29BB5DF,,Storey-1,True
2_pgLUllrBshzCrHwmSD8g,IfcCovering,gevelisolatie_(#163563),,,43DA65B3-6585-4195-B38C-94B11561E091,,Storey-1,True
0mj29dNuf3rPPqLibqhYi0,IfcCovering,gevelisolatie_(#87944),,,CC51649B-53E3-4085-8DFF-8499C5F61D7E,,Storey-1,True
3bh0g0KjT2ag8kdz77X2xi,IfcCovering,gevelisolatie_(#140740),,,054939CA-7212-462E-A750-FBD6EB29C9F5,,Storey-1,True
153MA9QB54UOyzuN14y4Yg,IfcCovering,gevelisolatie_(#95458),,,37217A23-D14B-41BC-9CDB-310041460A14,,Storey-1,True
20DBfbUG56cxVp9edraE1C,IfcCovering,afdekker_(#153458),,,688FD690-5581-4EAF-BB5E-9CCABB53D288,,Storey-1,True
1gm7UbE1b63Qn1KBRi9Vzn,IfcCovering,kantplank_(#146594),,,C5834E4D-8002-46E9-B7A9-671E41DDAB29,,Storey-1,True
0490J7_WH1XxmmzTYXXR1b,IfcCovering,gevelisolatie_(#145795),,,5710DCF9-9796-4787-842C-ADDB62E93859,,Storey-1,True
3ApSSqUd92XPrdWHb9A7Uf,IfcCovering,waterslag_(#197714),,,DFDF200A-B8EC-454A-84D9-9E391FDCC4C1,,Storey-1,True
2KC6aYkkbFfu4vHcrW3VJ2,IfcCovering,waterslag_(#203170),,,153C9D93-E449-4C2D-A942-791F9A77038F,,Storey-1,True
3Xg39GjxL9gfwt_H8jQo5W,IfcDoor,merk H_(#718723),,,8796B23C-8EB5-48AD-96CD-0111A45BB3A2,,Storey-1,True
3i9YYw3LLF3uvjI2rq6cGg,IfcDoor,liftdeur_(#609617),,,FBB95443-ECAA-496B-9E47-B6155D34097A,,Storey-1,True
1$f33SeFv0uRyn$83EnHto,IfcDoor,D7L_(#767170),,,3BD63AB8-6131-45EF-B16F-E2662EBDD909,,Storey-1,True
0fzg76vdD0cww37HCpBMZ2,IfcDoor,stelkozijn_(#661108),,,860AC440-2010-4801-BA5B-8E6D7CF751F9,,Storey-1,True
11SKULRCTCAgZyivhhX2kf,IfcDoor,D6L_(#745813),,,2B132428-A497-4166-A768-BCA0098D5C42,,Storey-1,True
1e1TMS88vBfRbg_I2ithoR,IfcDoor,stelkozijn_(#642347),,,06BDAF9C-6CD9-4DF3-8B1E-3C089241852C,,Storey-1,True
0b$Kj8aN90NRfOIwKO0kpO,IfcDoor,merk A3sp_(#754271),,,35399BD1-0A96-4889-AFB4-0D0B24F763F2,,Storey-1,True
0M0b2WPCbBOhiXgGvA4GnH,IfcDoor,D5R_(#747902),,,90D00697-0447-46FE-80D3-22BB8701F691,,Storey-1,True
0pIv0hWZfBiA$_CRu76FSy,IfcDoor,stelkozijn_(#725853),,,7E16A994-7359-4E82-95EA-B03AFED27C7B,,Storey-1,True
1XfjlNr$H5SBLVT47aOqJF,IfcDoor,liftdeur_(#755742),,,B13B74CE-EFC1-4EB9-B227-ECB2131E03C8,,Storey-1,True
1zjlZrbzbBS8ly$f1KAnNn,IfcDoor,stelkozijn_(#725948),,,DFFB22E2-B072-4290-9FA2-8CED7B2114BB,,Storey-1,True
1tyz7oTqn5k9_zlDXIWHc4,IfcDoor,liftdeur_(#755920),,,5EE40B49-ABE7-4DC8-9723-E6CCDEEB9327,,Storey-1,True
0H3zj6jMvAdhGj8GrIl$s$,IfcDoor,stelkozijn_(#660702),,,BDEC73A0-5E22-48BD-8E43-D42EC2F261C6,,Storey-1,True
0IUmw014v41A$pFagegCcN,IfcDoor,liftdeur_(#756009),,,BDB2F6BE-C3FB-480D-9A76-75AFC4FFBDBF,,Storey-1,True
2L8ARnlSn7$gi6rY5VfT3a,IfcDoor,merk H_(#712636),,,4FDDB441-B809-4E12-9F38-F9E2704CBC29,,Storey-1,True
1eugkmFzzBBRkg4KebLPbm,IfcDoor,stelkozijn_(#726337),,,81142507-287B-4086-BD85-4D877F424544,,Storey-1,True
3wZntAmJrBogfOHW7yl57s,IfcDoor,D2L_(#742836),,,1176D308-B8FE-4680-93E7-1280F5169B6A,,Storey-1,True
2GugWqLN151O$Jif35EFJ3,IfcDoor,merk E2-R_(#670101),,,115219F6-EDA3-4B86-8AF9-E7149124BB42,,Storey-1,True
26PEnhIRP84w9lRBxOMn4B,IfcDoor,stelkozijn_(#660543),,,4EA8B800-48B2-453A-86C9-BC7F49C24120,,Storey-1,True
07AEgPc4T4PA9y$uuSi4AC,IfcDoor,D8R_(#766948),,,F17AC409-1B9B-4AE9-979B-1AD3F0E7F8D2,,Storey-1,True
2Iywgx9NL3COQsECzlNa7k,IfcDoor,stelkozijn_(#726432),,,85B50908-E924-4F52-8CFC-83E5845EAD87,,Storey-1,True
235xPYZzn63uKqSpwhwc8S,IfcDoor,merk H_(#644987),,,D0FFE777-C324-40B0-91CA-8ACE42A0B2F8,,Storey-1,True
1ucQvSDF9AnQgXd7$7Qmxg,IfcDoor,D5L_(#743769),,,6D74FABE-2E53-42FA-A6D0-766D40B717F5,,Storey-1,True
2awR$Krn55xBl1usT02m1h,IfcDoor,stelkozijn_(#642506),,,7DE2F77A-8F8E-4E23-835A-408B00D59838,,Storey-1,True
1YHSsdrHb2EgwW9l2d4Ahc,IfcDoor,D2R_(#750364),,,3FE6D190-D4A0-4594-8142-C7BE48A2688B,,Storey-1,True
0ZDUwvQTXDVxzFTanFXqPz,IfcDoor,D5L_(#743551),,,B32B9931-C92F-4E7C-8B8E-1970CC2CD555,,Storey-1,True
3ZL_NRU7f1Cxf23xJScxOr,IfcDoor,liftdeur_(#740388),,,941E4E74-CF76-40D4-AF65-0482064C2292,,Storey-1,True
0MpFpKfbn4UAdxBYiD99bv,IfcDoor,D1R_(#740989),,,5659D974-0772-4332-9ADA-18377CBB6231,,Storey-1,True
2_uvu2uCr0F9ALtUmmMeA_,IfcDoor,stelkozijn_(#646027),,,76C9E973-F47E-41F7-B76D-274853AEFCA6,,Storey-1,True
0$MXZNzRXBNv4VWgMEdVIg,IfcDoor,D1L_(#771010),,,C65B0443-F634-4119-A77A-30419F96EFCD,,Storey-1,True
0SRKcqVrH2dfFqd01qtubJ,IfcDoor,D1R_(#750853),,,28DE3A30-5659-4ACA-AFBA-32F0878B2ADB,,Storey-1,True
1cAakn$LvF48iULhlWWfi0,IfcDoor,merk H_(#641291),,,E08671DB-D912-4C74-931B-6FAE2B2FBD5E,,Storey-1,True
1RCelxXQHEquV$blyKtcDr,IfcDoor,stelkozijn_(#642665),,,2AAFB8B7-78BC-40CF-9FB3-ED99CAA6BC28,,Storey-1,True
3EkNIGtVX6RBZr5KIt73X_,IfcDoor,liftdeur_(#755831),,,5E3313D3-687C-4DA8-A843-073CEAE86664,,Storey-1,True
3qOlkor2HBSvpamf_gJPd_,IfcDoor,stelkozijn_(#621069),,,CEBEE97E-52FB-44B9-8780-6A619992CF57,,Storey-1,True
1xPx7ws65FmO8wIdIMubUN,IfcDoor,merk E2-R_(#619930),,,43BDA1D6-A736-4989-A5EB-0230C1D32599,,Storey-1,True
3qo5hk4HvDxhwxiXVUUQ5M,IfcDoor,D3R_(#748120),,,FABB6166-46CE-49CF-8307-236DEC9C79F4,,Storey-1,True
2$aVgOHSD2PfsdmqgQAmjX,IfcDoor,stelkozijn_(#725758),,,F9FD3EBE-AB3D-4661-8708-3CFF743CD637,,Storey-1,True
3pJ$Qd_XPB2vkL40RLYagA,IfcDoor,liftdeur_(#740224),,,D01EEDD1-8902-46A9-A96C-8EDF4E95B217,,Storey-1,True
2f$790Hcz969otqqc5DRNE,IfcDoor,stelkozijn_(#646122),,,1594B39D-262F-49A2-A7AD-861F853D2936,,Storey-1,True
27pFf1NVr8U8_Uo1jtbjaP,IfcDoor,stelkozijn_(#726242),,,9F52ACB3-616D-4465-AC7D-4912BF8E5AF7,,Storey-1,True
1ouOynhDzAJxZsRUJcuK50,IfcDoor,stelkozijn_(#621423),,,8BB27651-73CB-4AA1-AC7B-7F2251411EB0,,Storey-1,True
1ty8RjYRn53wJA8Y2sySNX,IfcDoor,stelkozijn_(#621264),,,86E90FBE-F0AA-44B6-B2EC-ADD2B5435A6C,,Storey-1,True
35WlnsUf99ZR3kVbT6cE2j,IfcDoor,stelkozijn_(#645932),,,BEE5B4D5-2066-4B75-AD0E-0FC7161A23F0,,Storey-1,True
0Y67a6nj11Z9d1QtNyCb7g,IfcDoor,D5L_(#748609),,,06FB20B7-1C3C-4B87-97A9-81F017C646ED,,Storey-1,True
1vGdaG9avAYO7AEklup$Cj,IfcDoor,merk A3_(#598150),,,DE67D134-C6BF-469D-BFAB-76097CBD3896,,Storey-1,True
2yQmKfwrb5vATStYSMJnr_,IfcDoor,D1L_(#747053),,,F6B26DA5-1DBE-47E5-8733-EADB91EA7859,,Storey-1,True
3B$EuqV156LvX_4X8mldme,IfcDoor,liftdeur_(#740629),,,3054DA00-E793-47BD-A651-C3AAFEFA2763,,Storey-1,True
3CBMv$blbDM8qjhWWKR7gZ,IfcDoor,liftdeur_(#755647),,,BFF3EE59-9D41-40D7-96CC-C7B6EA964EC0,,Storey-1,True
0vlrJe_jv4IB9cvbW4CnrG,IfcDoor,D1L_(#746031),,,8E51A677-BCE0-45D4-9C6D-172D49383E40,,Storey-1,True
21p6o8P$TEYgLtHEImxqfG,IfcDoor,liftdeur_(#975039),,,070FF018-EF0E-4E5B-802C-4FD65D126A6A,,Storey-1,True
1_3kYuINr5TwsP6Q2Upxmr,IfcDoor,liftdeur_(#905382),,,3A0FA925-F5B5-4AF4-9265-AF138C82D1C9,,Storey-1,True
32bBaPB5T35BeCUaR6weRT,IfcDoor,D1L_(#888124),,,E1BCDB19-97D7-45EB-8815-DF9C972649C0,,Storey-1,True
1YmiZHYFfDmOO8eljPH_qi,IfcDoor,merk A3sp_(#821425),,,F9D2B289-7FFF-4D21-BB3E-DECB766897BC,,Storey-1,True
2SReM$UVfDmgBVxohwI78d,IfcDoor,D1L_(#978497),,,18542959-04B1-4EF6-9AB9-2150435A4F0F,,Storey-1,True
2EYLIE5FH1rhMSHuTfIEwo,IfcDoor,D5R_(#894756),,,42CD4E71-588D-4EAA-B7ED-0A8A2B2E6B8A,,Storey-1,True
2j1BRncxH4DgiaelU6Q2V2,IfcDoor,liftdeur_(#974677),,,F72C9976-02D4-48BB-934C-85790F855784,,Storey-1,True
2kXG_6BBP8CQEd_yJ90zE$,IfcDoor,liftdeur_(#974766),,,99396F6E-3542-4DEF-8C08-D996ED377D3E,,Storey-1,True
2m9$QxXEj6ZB8HiNH1dk0G,IfcDoor,D6L_(#886884),,,119EE159-2B16-43CF-ADED-27B854C0F2E8,,Storey-1,True
1REmJCRk51$QTXP$ogF_AS,IfcDoor,liftdeur_(#975217),,,C130B7C1-02C3-4A5E-B3E5-397603E220AF,,Storey-1,True
01gVLV3oTBmwR703fMLHQQ,IfcDoor,D5L_(#884540),,,F3253076-466A-44B7-821A-5CF052ADB5DF,,Storey-1,True
2PDUkvpMXDRQ3LtdI7yRBF,IfcDoor,merk A4_(#823154),,,EF7F7787-DED3-4389-8315-7A9D24B6308A,,Storey-1,True
2lnRFmy4HFQwPQdvNwGFjz,IfcDoor,D1R_(#881888),,,3E2BCA4C-1474-458E-BC53-3D49643D9534,,Storey-1,True
3tcRk34350y9y8t2yU45y4,IfcDoor,D1R_(#902639),,,12F4B00F-AFB0-4E0E-8FDC-C3FFD0534A07,,Storey-1,True
1pzyH7qvf2SPBG5x3xupH4,IfcDoor,D1L_(#887102),,,B93EB78B-9625-4D3B-8772-5000C646FFC0,,Storey-1,True
2o9w$kzxHCpOQrbnwHEF9T,IfcDoor,liftdeur_(#974950),,,43B9E0A0-A288-440C-AC0A-5C7F13CED1D6,,Storey-1,True
0HCH73Qnr1NR0muFPLFtfz,IfcDoor,D2R_(#902150),,,4AB513B8-D3C5-4A73-B96B-5577F6434038,,Storey-1,True
1gm4$Iv619OfFnFvyIyfZT,IfcDoor,liftdeur_(#974861),,,D6BA4BDC-7246-4BFA-BFB7-7666D1ED124A,,Storey-1,True
2KUae0gX9AiPu909BLwdfJ,IfcDoor,D9L_(#901126),,,F5551910-748A-44A6-9321-08200BFE17BA,,Storey-1,True
1myuwR15v7MwxCOhfZSAzQ,IfcDoor,merk E5-R_(#968920),,,440261CD-7F10-4F9E-AAC5-FAC60235C52A,,Storey-1,True
1qb1RgeE16fg0YYMFFa$4H,IfcDoor,D5L_(#884758),,,69206246-E2E6-46C6-A291-AB36E3F43B78,,Storey-1,True
3byU80ZV94IRJ9OiQvEXbi,IfcDoor,liftdeur_(#776704),,,C637D56D-C785-4984-A0A7-E279C2D490B0,,Storey-1,True
1IVlKR2Tf24OW2TycSUGD9,IfcDoor,D2L_(#883825),,,66DC364C-FDBA-4325-889B-EA43296C2ABD,,Storey-1,True
253h4v_lrAIORK90ew6gp5,IfcDoor,D5L_(#897997),,,93D32CC0-E0B9-492B-B8B7-D1C855B7DD4D,,Storey-1,True
3lvOx6YzT3UQRIfFPTqEXi,IfcDoor,merk E5-R_(#971345),,,0E80F652-D76E-47F8-9BEB-D1163367AD9E,,Storey-1,True
0qRJD5qbv43u5vahDV1oK8,IfcDoor,D3R_(#897508),,,20EB134C-9A25-4F4F-B0F5-17A58CB97976,,Storey-1,True
1mLHtFxejFswyEDsN7gBn5,IfcDoor,liftdeur_(#975128),,,DAE818D3-486C-40FD-88A7-2BA883D99880,,Storey-1,True
1hseL6eqD3MQfhkcNXWz0$,IfcDoor,merk E1-R_(#406457),,,3C410A51-205C-4F67-9497-93598AA4B5E1,,Storey-1,True
05GfwcovnAcgvnShGePzq8,IfcDoor,D1R_(#543946),,,3390F2A5-C7CB-4335-AF44-A22D8155A6E5,,Storey-1,True
1aDoM8_dz7uBDYojn5jb4$,IfcDoor,D5R_(#530379),,,BD4A4C49-7969-4E37-9FD6-DCEE216D0912,,Storey-1,True
1UK75ZWz59LenhZ91PErV$,IfcDoor,D1L_(#529520),,,ACFD2C20-D5E1-4CD5-9E3C-9409BB55BDA2,,Storey-1,True
1mwKhoH8D2hBAQ21nJlx0G,IfcDoor,merk A3_(#316267),,,F4890E8E-04B3-4B95-908F-837A5378D5E4,,Storey-1,True
31iMbvdzzF5v0jCoFAGjsv,IfcDoor,stelkozijn_(#434117),,,F47803AE-AD02-4C36-8440-A4D837D6C3C3,,Storey-1,True
13alXc_4nFwOM2OrL_8ao3,IfcDoor,liftdeur_(#561757),,,CCAC3664-F1D6-4B18-B971-4A55AA01F37D,,Storey-1,True
11g7yz38D8gRURxRKGgwtM,IfcDoor,stelkozijn_(#348480),,,0849A239-686C-470F-97C7-54BD7AEF88F8,,Storey-1,True
29L5nEyQT4UBEQFH4EVPW_,IfcDoor,stelkozijn_(#397116),,,6403C87A-919D-4695-A73F-DD34AB55AD41,,Storey-1,True
3TgASrMuv2NfZi7Jto0RDh,IfcDoor,D5L_(#521061),,,0E773FFA-DB7C-46E1-81EA-1A3F276A0194,,Storey-1,True
0FiGs_kA97ZPerIeXUVwGr,IfcDoor,liftdeur_(#561395),,,F97D959F-533E-4881-B137-04AAD34BC651,,Storey-1,True
3i18OQRGjC7wdqHbUz$OD3,IfcDoor,D1R_(#515914),,,095E54CF-5E7B-49A7-B5C2-EEBFCE286EA1,,Storey-1,True
0IRIjldlL2MQ47SiY$bPnI,IfcDoor,stelkozijn_(#347931),,,B8161430-DC43-4295-B5D2-3A168948BDA0,,Storey-1,True
2I06TNCRX3cwIoPo71khpy,IfcDoor,merk E4-R_(#427809),,,B48870B9-4BF3-4072-8C4C-8FB07D191354,,Storey-1,True
3b0f1ahbD8e89ZNVxjtf9b,IfcDoor,liftdeur_(#545200),,,42B8D541-A20F-4E74-96B0-0A7B3A3FBA15,,Storey-1,True
3K9QAYfJnCigI_U3Aa5ZGT,IfcDoor,stelkozijn_(#433260),,,9F5C0E29-7D98-4BF4-9061-712D1C38A117,,Storey-1,True
1LFOrr5O98keJSTRSa5lls,IfcDoor,D2R_(#541126),,,44DE3EFF-7969-4898-B472-DEC03DB815F5,,Storey-1,True
0Ow_KsfnL1494P4mR3dNbm,IfcDoor,D1R_(#552649),,,2B565A6A-C520-411A-98B5-72C17CBF78B9,,Storey-1,True
30dWkZvUT6UOYZK$6qBgBD,IfcDoor,liftdeur_(#561231),,,C6CB9BC7-95C6-47F8-88CD-A55AAD44A05A,,Storey-1,True
3QFCfAj$jAhxNi3NmLhcbQ,IfcDoor,merk A3sp_(#562837),,,F7CB36E1-9097-41DB-9D7C-E6E01134A05F,,Storey-1,True
0vYGh$SuL1LuTluoT_w$kF,IfcDoor,D2R_(#577520),,,0D389A28-BB1C-417B-A7C6-4672DA577731,,Storey-1,True
0IOD4J2g15aetV4apvOA_u,IfcDoor,liftdeur_(#544959),,,3286523F-30CF-4DF2-A97D-17E218EFDEF9,,Storey-1,True
0Ioq9qsWT3jRHXtLGF19XI,IfcDoor,merk E1-R_(#346870),,,7D8337EE-1CAF-43A2-83CD-4CEE83194F09,,Storey-1,True
3My44kBFTARABD4rhpARyK,IfcDoor,merk A3sp_(#311794),,,633D5F17-4BFA-4D6E-A382-52A8A4AF6D7C,,Storey-1,True
31g$8p$M9EIvtu1xQOQGKN,IfcDoor,D5L_(#582031),,,89BF108C-CC86-49B4-B2DF-573D031BC4FB,,Storey-1,True
1sjN$ROi55eQi38LFNtaix,IfcDoor,stelkozijn_(#348321),,,51369526-440E-447D-B71F-4EC9B5B233C4,,Storey-1,True
1gR_7F$Kf9IwYWOiw_08O6,IfcDoor,liftdeur_(#561846),,,6F639C31-79BB-4B99-9A40-1CE55D63431D,,Storey-1,True
1bjPfm5OD5sQYyFJU70PUm,IfcDoor,stelkozijn_(#348126),,,04381664-7A00-4FF6-8134-49D2FEC4F924,,Storey-1,True
0lL911xmHBvArhCZtLQ0gq,IfcDoor,D8R_(#560858),,,86FBF021-72DD-44D3-B191-DA5CC31B610D,,Storey-1,True
0LnfVBC4TAOvlqw6kdtGrt,IfcDoor,D3R_(#533147),,,87157FB8-1E32-4EDE-AC9B-5CFCF5CA13B1,,Storey-1,True
0nM8hgtAvBe86VkOTwLJsO,IfcDoor,stelkozijn_(#396762),,,DFA10660-6D15-456A-9827-665C5F509AC3,,Storey-1,True
1WSb0$iWL7peB9sECofy4l,IfcDoor,D8R_(#537275),,,BA5F5A65-8321-4F0C-A84C-6AD98A778271,,Storey-1,True
0XVIEjk8j8hRYHgCRmyLc2,IfcDoor,liftdeur_(#561490),,,AC06326E-520E-44B2-8097-00C2F28E0B28,,Storey-1,True
0UQvH56Nb5ShCJgzkYRmti,IfcDoor,D3L_(#547287),,,CF791BCA-C042-4B30-8221-FCD6CC0D2D12,,Storey-1,True
1nR9GVbOL4KhdFhsF8pjL0,IfcDoor,D2L_(#517791),,,55A012F8-D5CA-48B1-A74A-CD15C203B416,,Storey-1,True
33yXJZhWD7x9tfJ9y9DWJs,IfcDoor,liftdeur_(#561668),,,CD0560C1-D310-4D26-8329-29559EBCA306,,Storey-1,True
0RQdud4mn188kT$iIZ5O2U,IfcDoor,D1R_(#547777),,,A14465C5-AD87-43F0-AE10-CE8A4584E36A,,Storey-1,True
0gR8OQ$9rFrRO453pw0q4k,IfcDoor,liftdeur_(#561579),,,7AA1FF64-AF99-4109-AB41-11A6454F76F7,,Storey-1,True
3NgiBKD7r4vviLopiS4MVv,IfcDoor,D1L_(#590103),,,61FEAD96-DC2C-4FE3-9FA9-CB88CFAC5FA3,,Storey-1,True
1hSZw6wC9BRuw9hekMd1C9,IfcDoor,D7L_(#540099),,,B05CE5F2-EFA3-4459-A59A-8BEA94B3FE47,,Storey-1,True
0oziDNi1PF6RBTwiBEzocY,IfcDoor,D5L_(#582946),,,1B3B38E1-4210-411B-97A0-BCCF8C61D0EF,,Storey-1,True
0KJ1dbZjDDbR1Yyl_k$mfS,IfcDoor,D1L_(#525946),,,301E323F-E69C-4D57-B3C9-8EF6E7B521A5,,Storey-1,True
1A3P8e92f9EQCZlIaLUQrq,IfcDoor,stelkozijn_(#396603),,,698603D6-8BF7-457F-A3B8-1035A3E30B86,,Storey-1,True
34zdoEEHP2S9fJg5gXsZqI,IfcDoor,D6L_(#525728),,,44D4AF0A-4FF5-45C5-953F-F321A08A1161,,Storey-1,True
0PiJb3_L1FIQEV3As345uO,IfcDoor,stelkozijn_(#396921),,,1406EA8D-C01B-4F46-9C99-A56CFBB8AA05,,Storey-1,True
2hjOYT9eT8qeiaKOfwHZOM,IfcDoor,stelkozijn_(#433665),,,62C1377D-21CC-4473-B7E0-3C6E3B652B06,,Storey-1,True
2aU8V735H7_AbMR7LwEnmc,IfcDoor,D4R_(#555521),,,D544B516-0766-4CB9-8879-6F7EB3FF3A39,,Storey-1,True
24ShdhoKfEJwp_w_JSpczT,IfcDoor,D5L_(#550649),,,2098A359-4CA1-4705-9F1A-481A1CBEE304,,Storey-1,True
3M8megtGL73e1skmtB2pUf,IfcDoor,liftdeur_(#209576),,,B468EA4B-C810-4B15-B76C-B0CD07B87255,,Storey-1,True
0yvv9KZmfCgxwgMryfcS2_,IfcDoor,stelkozijn_(#143104),,,7279E12F-B164-430A-B7C5-3B97D9EDAB51,,Storey-1,True
19KFf_kzDEigi2BNHjEY$n,IfcDoor,stelkozijn_(#82418),,,FDDF93A6-131E-4029-A409-35BA290D012A,,Storey-1,True
3rXPeT4an7$wN11sj0XGGI,IfcDoor,merk E3-R_(#156395),,,6DC00213-3520-4AED-9D47-596BF51899C8,,Storey-1,True
2vn42Vk9v22OFhZQ1mzu$X,IfcDoor,liftdeur_(#262529),,,3DF72E04-6FE0-41B9-9864-700ACC033D68,,Storey-1,True
3T6NXncNvBXx7h2iCZANrZ,IfcDoor,stelkozijn_(#80219),,,B4E31E33-8656-4CC3-B9FA-9A9FAA532945,,Storey-1,True
3UwKoATcPEsOJYw5R1PA5z,IfcDoor,D3L_(#213049),,,4D594554-A041-4CF5-81AA-A30F68FEB93F,,Storey-1,True
3ZB9HMOMn6eQsHxAR0CUbn,IfcDoor,D2R_(#302103),,,BF42AD68-5361-4AE3-9071-34B3D234D69A,,Storey-1,True
2ocDFGALz5b8ewo6rsffUj,IfcDoor,stelkozijn_(#86377),,,98164C72-0680-4E4E-86BB-A4849FEA4AE2,,Storey-1,True
1__2Oqjbv5XAxtPkC13kkD,IfcDoor,stelkozijn_(#143199),,,21084212-1096-42D7-84E7-FDC777A040B3,,Storey-1,True
3Gxt9wdyf0CP81hz3n6B$I,IfcDoor,stelkozijn_(#74328),,,9F940650-DFB5-4ACB-B900-DED3001D030C,,Storey-1,True
1NWGoX4Rz6GRa1DHxzyDy6,IfcDoor,D6L_(#209023),,,3CF01E09-CB27-4D17-972B-77317A43978E,,Storey-1,True
2md_98AVP00A8tdTlxTNHH,IfcDoor,D1L_(#238143),,,A6948983-CB62-460E-9171-260B75118249,,Storey-1,True
25$S9_X891iO$gqkYrhHJR,IfcDoor,D6L_(#249851),,,AF7F24E6-A723-4A80-B014-372F6DC0BAE4,,Storey-1,True
3GNvlJOTnCZgas3iV__Q7h,IfcDoor,merk A_(#73073),,,7BB50ABA-C3D6-420F-8DEB-569878D4B187,,Storey-1,True
1tI56Zzqv56hALkTEe$jI7,IfcDoor,D3R_(#224758),,,E6B503A3-2F46-4941-AAC7-A3CE30601563,,Storey-1,True
0Onla2hpLEdBBD4UepMzKJ,IfcDoor,D1R_(#294002),,,E5FDC58E-A1EA-4102-85D1-391C99440DE4,,Storey-1,True
1Xnj16HH157hj_4b0D7V5t,IfcDoor,merk A2sp_(#126559),,,946BD9B1-BC46-4100-8CC1-EE257308B990,,Storey-1,True
2DqYWqOXXF_OkO0XhzIbjE,IfcDoor,stelkozijn_(#82513),,,760C9AB6-96B0-4605-AC52-040C385BF5C9,,Storey-1,True
03EsVWJLz4DP5qdjaBI8E0,IfcDoor,stelkozijn_(#74565),,,C14EB7FD-E60A-433A-B7F7-7E42E5787A41,,Storey-1,True
0qC0BjM$LEihw9rhaU6soM,IfcDoor,stelkozijn_(#85242),,,180F6BD1-F0A7-4082-A5CB-07BC548B190E,,Storey-1,True
0L5SY_Do52GPmuP1oyni8I,IfcDoor,merk A5_(#272494),,,166035CB-67A0-4FCA-9C69-E947A40B29F7,,Storey-1,True
0gLFztMZT6kB3AGpbabR0y,IfcDoor,stelkozijn_(#79144),,,D30E0996-77FD-488E-BA88-A7673C309FCA,,Storey-1,True
0urQIRDLnF6Pf2S8VV_tQJ,IfcDoor,stelkozijn_(#76513),,,D4596C08-CB46-4D41-BD9A-9A9659306B9C,,Storey-1,True
0DRT9ZI8H50hf$8EpIo8w2,IfcDoor,D1R_(#227798),,,558D19B6-6E8E-46BE-BDA8-F4455634FD7F,,Storey-1,True
1BnpukGqn2OfhJzX1u$fmY,IfcDoor,merk A2_(#128666),,,65DF2ACE-7B99-496F-B3DC-D68B3A3095CA,,Storey-1,True
0cx3Pz8Wv2zwOp0jE5VcYL,IfcDoor,D5R_(#293512),,,178DBCDE-45EC-48A4-952D-65BDDD6E4E19,,Storey-1,True
2vlI$QeTP4G9YIWk86NFAi,IfcDoor,stelkozijn_(#85559),,,D22B6D6F-F6FC-42EC-9310-33A42E1642E6,,Storey-1,True
3Ep$RfZ51BvQpgdKFAFn0q,IfcDoor,D1R_(#244556),,,8A449A5A-D3A8-4E25-825A-E7A79B1C7F4F,,Storey-1,True
1$$sLFtS1Fquud_AL06huE,IfcDoor,stelkozijn_(#74134),,,C9574C67-C804-4D01-965D-4B9FC069BA29,,Storey-1,True
0lVn$Y_759cQUasvxkXfoO,IfcDoor,merk F-R_(#187290),,,6E0DCF8F-76DD-458A-A7D7-D98EEA869D2A,,Storey-1,True
0PW_b4BLvEeRoppB8WwkbN,IfcDoor,liftdeur_(#209412),,,5F21DD00-60FB-4905-882C-4A51D8AB6DA0,,Storey-1,True
0HwqiWcMbDyRWdzArPqtTD,IfcDoor,D5R_(#231560),,,3A2BCB49-6605-47AB-84CF-6919FA1E69A6,,Storey-1,True
2Jwj7CPxf6Pv_NhzDSpOzC,IfcDoor,stelkozijn_(#157989),,,57FD8B02-4D70-483F-9A5B-BF4561CFBD3B,,Storey-1,True
12bzBvWwP3XABoFAM5aCL9,IfcDoor,D1R_(#302771),,,17839212-A991-4CAC-9908-D918F2F2CE4A,,Storey-1,True
2AteZfCsnB0vn3iJO7wGs6,IfcDoor,merk F-R_(#81462),,,6EDE3471-8746-4804-A617-A770DF794BF2,,Storey-1,True
3nt5yZBfzEhO2s4LtBCXiy,IfcDoor,stelkozijn_(#157647),,,3D32E5A0-BA7E-4542-9669-ADE4BA664253,,Storey-1,True
0gW6p_9cbDu8bX7gLw9$EM,IfcDoor,merk F-R_(#77756),,,8D9153B1-6333-4707-B654-B0E1DCC8D759,,Storey-1,True
0RYpA7Yb1C1Pwv3FB31h2i,IfcDoor,stelkozijn_(#63563),,,928064A0-5A6C-49CC-941C-97F06599627C,,Storey-1,True
3DD3p1taPCU8NqjcITG1Rd,IfcDoor,D3L_(#244066),,,45345540-2855-4926-85FB-8E3D6BB83664,,Storey-1,True
2qhwZ3sdTBvwVobagNU94I,IfcDoor,liftdeur_(#209817),,,78EF85EB-42F1-4C08-82AA-D46A0D14BC2D,,Storey-1,True
1bZOp7EYv1LPmsDGrxk0Df,IfcDoor,stelkozijn_(#85907),,,26B09C4E-AB33-45AD-8613-148570A1814E,,Storey-1,True
3hCmUHy2r5KBS2HxOwpG$0,IfcDoor,D3L_(#216098),,,D8A92C4A-0273-43D0-B39B-F71A1C060400,,Storey-1,True
09YgJlwtPBZPXVROIrWdz0,IfcDoor,merk F-R_(#189383),,,AB7F5516-21FE-4287-BD87-C0949D9E4215,,Storey-1,True
21K6IvJcD6S8LpzzqSjjCL,IfcDoor,liftdeur_(#209315),,,E2330848-9E61-401A-B7EC-008F55C3396B,,Storey-1,True
15jopka3bA$fhzYPWcpr5Q,IfcDoor,liftdeur_(#262770),,,9BE38F64-441E-4F7B-A521-CDE0C341DF37,,Storey-1,True
0iF69O0izB3P0oGDoyQCk2,IfcDoor,stelkozijn_(#85464),,,235E509D-45DF-4002-8E01-6CA3B6A8A4F0,,Storey-1,True
36luv8eiv6T8p4FqtPI9Cy,IfcDoor,stelkozijn_(#79303),,,3F94C552-E068-4F8F-9517-29C15E0BF585,,Storey-1,True
1QhrEDw5L8YRWCWKsw4IXz,IfcDoor,D5R_(#247606),,,02E45C4A-0F80-465E-B21C-C5D5658DFC56,,Storey-1,True
2nPLk4yavBremgrANqr6AV,IfcDoor,stelkozijn_(#157836),,,0FB58C8B-9666-423F-B4EC-28E8BFF94F3F,,Storey-1,True
35tbku5k197AncrC67czOQ,IfcDoor,stelkozijn_(#74229),,,644FF6AE-9370-4A3E-A300-91BC4C53AC99,,Storey-1,True
1WOqi8lsr82QR9BFfyxMwD,IfcDoor,stelkozijn_(#274234),,,13F5A24A-6F0F-444C-97D8-C5336B0B1812,,Storey-1,True
0GSCEc2jz2QQHsY7vU6wah,IfcDoor,stelkozijn_(#274323),,,7F1FF2BD-3994-48AF-BD1B-38D3A13092A5,,Storey-1,True
2QdSvMWH5Ae8Q4y2pmVjAl,IfcDoor,D4R_(#258415),,,67CB1E15-8540-4216-96EE-A20BCA288334,,Storey-1,True
1fTV47sCf93QtKu7Xg8gFV,IfcDoor,merk A6_(#270908),,,C8842E3F-97E1-4165-A961-D653C37A1D00,,Storey-1,True
0MBbjJaMX2N8x5EjwwkSJp,IfcDoor,liftdeur_(#262440),,,DF10F94F-3925-4776-8EEC-A47F0D547B73,,Storey-1,True
0dMjugeQj6X9iOeqRaS5Ij,IfcDoor,stelkozijn_(#122904),,,6B136868-683A-4C31-A769-36A100BA864C,,Storey-1,True
2swAdW_6v84PsgbDqk$qXg,IfcDoor,merk A3_(#264611),,,0109C1A3-0345-4C6F-8CA2-85C8C2DFCABA,,Storey-1,True
1XDhdMMb1Ea889W5huCDnE,IfcDoor,merk A1sp_(#141964),,,67C78A1D-2AE5-40AC-86EF-7D56B7EA70FA,,Storey-1,True
0CWMdjbaDDwPGljxG5H$Pb,IfcDoor,D6L_(#235155),,,0353ACEA-37B8-4C68-B8AC-1D4BA21F688B,,Storey-1,True
1qvmx_lMvFke78p$3zHwXO,IfcDoor,D3L_(#263487),,,B876887C-F088-4D8B-9B92-03883C0C8819,,Storey-1,True
1JRydtVc97cvwHAKXmm4q6,IfcDoor,stelkozijn_(#274412),,,A51993FC-7D1B-452B-AA51-7D90A671C1DD,,Storey-1,True
3DSayuD19FMAxyeSl4WzCB,IfcDoor,stelkozijn_(#274145),,,87947B93-08C1-4083-B9B3-23ACB89D16FA,,Storey-1,True
2E5AMxkYHCvvYGcrASMuPR,IfcDoor,D1R_(#249633),,,CB364D62-4A90-4E85-BE38-1F21AABD27FF,,Storey-1,True
2HU8K_V9v2Hw2ctUl4$hFK,IfcDoor,stelkozijn_(#85089),,,AF4A24F7-9395-486A-AF45-3C0E215D157E,,Storey-1,True
2r36KpN6z5Yvkd6nZ3NvOF,IfcDoor,stelkozijn_(#79462),,,8A5D0EEA-8D2C-4BB1-8E8D-14F92CAC5C51,,Storey-1,True
2EWHr2vvLEXhiQuQ0EXmUD,IfcDoor,stelkozijn_(#122602),,,2246C338-AE04-486A-BF91-76027962C47C,,Storey-1,True
0D7Id7MzH2uxJt4hcUb5uK,IfcDoor,stelkozijn_(#157458),,,9FAEDE6A-C4F3-4D84-B808-A5DD9342187E,,Storey-1,True
2_KAmB$JbBc8f9puZ0mA$z,IfcDoor,stelkozijn_(#143294),,,AF6FDCA8-B56A-4D54-94ED-21557038F529,,Storey-1,True
2GDkCtBCv2Kv4AnnZaOHy1,IfcDoor,D5R_(#238633),,,D717B5DF-B752-4EAE-BEEE-18B7A741E2B6,,Storey-1,True
3lzeIrqN94Ww4su1Zq9ZXj,IfcDoor,stelkozijn_(#87288),,,0B26B3BE-A909-4017-8CA2-FCFD89B88087,,Storey-1,True
0H2ypHDCr0BRCn4DQCiDdN,IfcDoor,stelkozijn_(#86002),,,A07883FB-AA8D-443D-8484-F1CB041C2795,,Storey-1,True
36RqsKGgnAtwiE40wqkr4_,IfcDoor,D5L_(#255187),,,EF38172E-5929-4D90-B35B-95A7C967873D,,Storey-1,True
1SQtV9eAn5_Q1IsAvSwY8I,IfcDoor,stelkozijn_(#86282),,,BFC82B5B-5A5F-447A-A193-2ABB219DCD45,,Storey-1,True
0QOizPQWHBZQ2D2tvdfZ6N,IfcDoor,liftdeur_(#262155),,,EFD96EFF-A7B0-46AE-BF0C-8BED0E1926EB,,Storey-1,True
2xvA_r$qvFC9zCBpYoYZKC,IfcDoor,liftdeur_(#209998),,,B7DC4D86-1669-42A6-A9C3-92F51C9041A4,,Storey-1,True
1Uo8RaB_bDWA9BY6VlAcwo,IfcDoor,D2L_(#219684),,,66B4D5FF-547B-43ED-A180-00652042DBD3,,Storey-1,True
0BWtNdvyX0afioMW2CMtwK,IfcDoor,D2R_(#261759),,,D224634D-6238-4523-B303-6F07A3DB66BB,,Storey-1,True
0T$nAC26PBZfnA7kWSCytO,IfcDoor,stelkozijn_(#86878),,,0B2549E6-738A-43B6-B219-61596E67D684,,Storey-1,True
04PDIFJZXAA8R34kAXRvCn,IfcDoor,stelkozijn_(#143009),,,8851F36A-C7C1-4442-A6B0-E27F6CE7070F,,Storey-1,True
10DA_O$ij9whYdcET9A4SK,IfcMember,geveldrager_(#565969),,,541674B8-0B1C-4C23-8452-58C644CFEC13,,Storey-1,True
0Kwt3OA8X77OnTON8a6MSI,IfcMember,HEA180_(#567827),,,5CF3272F-A27D-438A-871D-70A756B5B48A,,Storey-1,True
0ZTgjhXhzBJwVNBDN0RKg0,IfcMember,HEB220_(#908815),,,0B49BFC7-DABA-432D-B79F-AB8C12436231,,Storey-1,True
2Kg$0oQ9HBGxYBfGG2XtcP,IfcMember,HEB220_(#950083),,,A06E42CA-6801-473C-86A2-4AEEAC813B2B,,Storey-1,True
0KrbTvACP1o8$oUv3feFDh,IfcMember,HEB220_(#927379),,,87FCFD31-9312-49EC-8F23-68BCDC01DA69,,Storey-1,True
18TCg0QD5DYuypYkEnhzS_,IfcMember,HEB220_(#948765),,,E6C7C14D-9D5D-45FC-BE54-62E1F74F3D4B,,Storey-1,True
3KNK09BnrEV99yKW$y8NFG,IfcMember,HEB220_(#908105),,,895F221C-2EE3-4808-8F0F-5602434F2904,,Storey-1,True
3qPs3XF1LC4wUY0O9jSNmi,IfcMember,geveldrager_(#704928),,,C0AFBC2C-63B0-4535-BF4A-AAA2ECDA59CA,,Storey-1,True
27MsSi4UTAiOhwkwKNa5Bn,IfcMember,geveldrager_(#470305),,,8DE3FB72-7C98-4CAC-B28C-7E83B86F57E8,,Storey-1,True
3K2lHpJrv1HwInFGyztpbn,IfcRailing,afscheiding_(#717094),,,3D8A1F19-37B5-4593-841B-29574CF7E97B,,Storey-1,True
3yoTxCjJD6kAPvhJTex6Tn,IfcRailing,leuning_(#732689),,,E60ABD67-67B5-44B2-BB2B-04015DD42564,,Storey-1,True
3vuXEuxKX7aA6d2W2LQNXW,IfcRailing,afscheiding_(#716148),,,A1A10B52-8043-4DFD-A20B-1445AEEE16E5,,Storey-1,True
1lAwLDq2X2gOF53EFxwaLL,IfcRailing,afscheiding_(#720514),,,68E08C6A-B881-44FE-8E71-9FF699D5BDA9,,Storey-1,True
10ksTjMfH40hh9RH9cLJYv,IfcRailing,afscheiding_(#717288),,,CC59AA42-6134-4688-B98D-1C9C5EDD6E80,,Storey-1,True
3bTx1G6U54TQIZtLNXjTQH,IfcRailing,leuning_(#733319),,,74885122-1DD6-4A10-9538-9EA966412ADA,,Storey-1,True
2hW9wzkE5EJeXvs_DcLwhz,IfcRailing,leuning_(#735208),,,4A6693DE-FBEC-480D-B135-901862DEAE06,,Storey-1,True
0chuM_qeX64v3JqdG4JWUo,IfcRailing,leuning_(#735434),,,4DDCF2D3-D767-49F1-A9A7-B29AE3CA10EC,,Storey-1,True
2aqTHwx1f1bO2emqa$pcJ3,IfcRailing,leuning_(#735660),,,0A95C090-4426-4912-B857-62292AC3B08C,,Storey-1,True
3NJ0v2v9L0_gmrCIjTGEZz,IfcRailing,afscheiding_(#719662),,,D50A97BD-E560-484D-B856-E6CF913ECD8B,,Storey-1,True
2xH50i7i9AmA6rTyNOCLq1,IfcRailing,leuning_(#735886),,,DAFAB6B3-5954-4CC7-B7B5-559F055AF4F4,,Storey-1,True
3PtSykjgv1GBR8Xm$jWt42,IfcRailing,leuning_(#732475),,,FB0C6B78-23CB-4C0A-8E87-08864D2DFAF9,,Storey-1,True
2o4vIu1KH7Z9sLTl8KQ9yq,IfcRailing,afscheiding_(#714321),,,52C94D4B-0AC8-406D-A31C-50175500ECDB,,Storey-1,True
3luMeoO5jFNeT6v_2qbuSg,IfcRailing,afscheiding_(#720320),,,1FCD45DA-FC9A-4C28-AABC-54BE44D6D831,,Storey-1,True
0cacbEz1T50QFERrMiCCH6,IfcRailing,afscheiding_(#711391),,,35C0B0FF-B7B0-4C0C-8AB4-BA87CCCDCD02,,Storey-1,True
1vHBlPqgf34x2Wmz$irRwL,IfcRailing,traphek_(#621512),,,28E26E55-1ED7-4BF6-B82F-3CD1A095E581,,Storey-1,True
3fZNyWc5n65R3JBp_3llSL,IfcRailing,afscheiding_(#717191),,,620A1F45-BA49-4E4F-B096-05E7B9B1C1C1,,Storey-1,True
0_DdjdGT55KQDHvTqIyjLj,IfcRailing,leuning_(#732899),,,6851A323-6589-40C2-9CB9-A89B2E8D9FCE,,Storey-1,True
09wE0OA1LDdAgYk484ujp7,IfcRailing,afscheiding_(#713645),,,8EC436F8-5B48-4FDC-85F1-F7525C871A95,,Storey-1,True
0nQ4Dijzv2WBMU6_9ln2vB,IfcRailing,traphek_(#766574),,,BF59CCB1-F43F-4988-94E8-B2B974F8A86C,,Storey-1,True
1MYVOLhebAH9Tcc992722s,IfcRailing,leuning_(#733109),,,9A331DE0-41CA-495B-B46B-481A2F50AB53,,Storey-1,True
2ewmzHbvT4EBgBwlOkTIzy,IfcRailing,afscheiding_(#716375),,,84E5A725-9972-4275-8EF0-E317AD6EA846,,Storey-1,True
3Ditv67mT2Pfw__8Bd3vvk,IfcRailing,afscheiding_(#720417),,,D6B0FFA0-CF26-485C-946B-21B21D3A64F3,,Storey-1,True
0Wbd9w1evF6PLXASXTbCQU,IfcRailing,traphek_(#601841),,,122B1087-4E95-4BCF-823C-CD9654408B83,,Storey-1,True
2MKjW_Kr11cvGqQ8kH3ero,IfcRailing,traphek_(#766486),,,5B5C031A-1959-41BB-8115-E9724DE56020,,Storey-1,True
3Vgwi1LbnC_QP5m_nRc3PH,IfcRailing,leuning_(#736112),,,3DA93C88-E024-4647-91B7-279B22C14EF0,,Storey-1,True
2qc2UR2kvD7eaA5HmPGK6h,IfcRailing,traphek_(#976830),,,516903E3-9072-4CB1-BD77-F59780B0A144,,Storey-1,True
3A7zi1TTL2mO5bEkKAGWjY,IfcRailing,afscheiding_(#851419),,,217C24CA-5BC2-4FD9-8F86-0415B864E9CE,,Storey-1,True
1MGVNnZiPEMwSsCWOIDuNH,IfcRailing,afscheiding_(#862733),,,FDB52264-D625-4F65-8E92-FB60B46C5D08,,Storey-1,True
2QNQCg9RPF_uQws6jyDcQf,IfcRailing,afscheiding_(#853538),,,435D9926-887B-4E8E-B433-9EEC4443B7FF,,Storey-1,True
2KkKvIaIP09PpwnMQZ9eHf,IfcRailing,afscheiding_(#853699),,,5F74500A-79D6-4854-9D73-1AC3F7672FF9,,Storey-1,True
0u56ZAb$f80x8mVL73jSmA,IfcRailing,doorvalregel_(#848553),,,F870A9ED-BBA2-4CAE-8509-824FB9E65AE5,,Storey-1,True
3CCGIcQi5BEeukR1mc9R$5,IfcRailing,afscheiding_(#846599),,,0702C5EE-61E9-4F62-BDF8-554DF63D514C,,Storey-1,True
1g9CTn0Av6Jv0pySt0Pc7y,IfcRailing,afscheiding_(#862539),,,EC11CF49-4D28-4518-89F0-AC196A5DEF75,,Storey-1,True
04skE2Zwn66w4agRMQ7MO7,IfcRailing,doorvalregel_(#848068),,,B6A3BC20-3F6C-436F-AE00-44EEBB4E44E7,,Storey-1,True
3tYqpmeLz7VPllaCIBmSCW,IfcRailing,afscheiding_(#851328),,,87F26E1C-71BA-459B-822E-78248B2B6DDA,,Storey-1,True
0PQig9OETE7QwMmL2lzZvM,IfcRailing,doorvalregel_(#848165),,,EEA05D64-12C7-4791-942A-1C3277D00F55,,Storey-1,True
31uS9RqG1F_eviiFXW54iU,IfcRailing,doorvalregel_(#848741),,,3D68165C-5927-4D58-B36E-A49141958C5F,,Storey-1,True
35mY$4Wwv8_AbyV4E0Pekr,IfcRailing,afscheiding_(#847971),,,88B54552-A008-402A-B137-65F6117BFCB8,,Storey-1,True
2Ba9ZKwEDBtw2UYJzJtLXZ,IfcRailing,doorvalregel_(#848650),,,BFEA70C9-7A91-4EEB-80EB-FF5CBBF7BEF5,,Storey-1,True
2$xBy7JCnAB9OCyjCxxcLn,IfcRailing,afscheiding_(#844712),,,D03A462D-9420-47A3-9256-3C384C284648,,Storey-1,True
05BemQX_n8thcCycSP4yYo,IfcRailing,afscheiding_(#800552),,,0B9E3E4E-29CE-4631-AF58-3C585BEF1EA4,,Storey-1,True
3WGOvcG$HA3eExi0jSYFp3,IfcRailing,doorvalregel_(#848456),,,65D95059-6506-40EF-BE05-E55B7EC001F4,,Storey-1,True
2vvMC_F5vA1gIC_FkJbHUP,IfcRailing,doorvalregel_(#848262),,,7A2B221B-ADE5-465E-B08E-1C549D49102A,,Storey-1,True
28UZR$ySX8pBLOiJc4wzN_,IfcRailing,afscheiding_(#862636),,,08B9AEE1-BF3B-4256-962B-A50153C4AA05,,Storey-1,True
0UHSF3BIzBFPm027TmVGtZ,IfcRailing,doorvalregel_(#848359),,,DFE67C74-1AB8-4F08-B9E4-236AA2B83B81,,Storey-1,True
3FjN355ZH6M9LGlkuak3JL,IfcRailing,afscheiding_(#846438),,,0592D35F-A305-45E3-9622-F7B6D5BA5FD5,,Storey-1,True
1N9nOIk1X1j8h$dos5$5gn,IfcRailing,doorvalregel_(#585266),,,648AAB1A-29CA-4168-A464-689D3397BE78,,Storey-1,True
2mZygOXtb4F9QwUdSpluB4,IfcRailing,afscheiding_(#449859),,,D294CF2F-2D62-4BD4-9923-018236B4BE31,,Storey-1,True
2E7rcxY6X1FgTBvHYvhrNq,IfcRailing,afscheiding_(#450207),,,BBD11A03-16BE-4365-830F-49671F71223D,,Storey-1,True
0Z3Amr1k1CsexN_wsfwB3H,IfcRailing,afscheiding_(#451634),,,644912B7-91B4-4252-9543-CAC4106429EF,,Storey-1,True
1MZ455QvTAiQUl0tuOre0R,IfcRailing,doorvalregel_(#379494),,,EFE27BA1-9398-4069-8FC8-508599DC635E,,Storey-1,True
0HMYOmAmH84QINGbCd_b3i,IfcRailing,afscheiding_(#450683),,,D24AB207-E5DC-4D10-A1B9-9D579A702628,,Storey-1,True
3DuywnQyD9lRX7HApvFXio,IfcRailing,traphek_(#328433),,,C86A80BD-E6D2-4E01-82D8-9577D213F8FD,,Storey-1,True
12dolnVF949B4$6_5wa30i,IfcRailing,afscheiding_(#452869),,,F69CCBB7-657E-4C03-87C4-5D7AA54E0579,,Storey-1,True
1tP4G1cob3vPSJQupVJDMY,IfcRailing,traphek_(#357635),,,AD7079F2-316A-43FE-A6B6-A3CC758570DB,,Storey-1,True
1Fq2aoh7z7fuaxK1pSjSsM,IfcRailing,afscheiding_(#452074),,,2186A5AC-D894-4B72-B201-EB296AF305EE,,Storey-1,True
2yMX_P0br629pet1j7Vw8z,IfcRailing,traphek_(#576988),,,058E39D2-F5DC-4E95-A907-A0C90F143F3B,,Storey-1,True
0gxDDKMcrCqgqFPAEFhW4Q,IfcRailing,afscheiding_(#451977),,,1017348C-B4EE-40BD-B89A-76522363478B,,Storey-1,True
1sBcFUPBPDKAtoAZo$p6LR,IfcRailing,doorvalregel_(#471442),,,834E83E3-3543-48F0-83DF-264FFAFF5313,,Storey-1,True
2CpdI2LPHEARLhktjlAyZS,IfcRailing,afscheiding_(#452514),,,73904086-960E-46ED-9C5D-4F969C7A458C,,Storey-1,True
0sgUevh4z8nwvOBTscX$7s,IfcRailing,doorvalregel_(#586439),,,D3740FE2-F269-43A7-BF44-46FDAD7D63A5,,Storey-1,True
3GS2_gXMvC8O7nIgjU1Lyh,IfcRailing,afscheiding_(#452675),,,8E80F5DA-2811-42C9-BF67-F8E2E9D46E1D,,Storey-1,True
064CqdplHA$xkMWx0cCwJV,IfcRailing,doorvalregel_(#586073),,,079BD0DF-CE68-4892-99B2-9D29B0919656,,Storey-1,True
3wxE23l5j5wAEhq5LgYg8m,IfcRailing,afscheiding_(#451270),,,0B3D42DF-CC5B-4448-9270-37CEA363CBC1,,Storey-1,True
1oAWu063bFzQB_LYVhb_kX,IfcRailing,afscheiding_(#452171),,,5A02E5A9-78E7-4A42-AFD0-283B01DE7620,,Storey-1,True
0TM1c83ij8PRfEL_ahiPNo,IfcRailing,afscheiding_(#451361),,,C5007A14-1A6F-4842-A348-558DF01CD841,,Storey-1,True
3zKdFcDUbDNO9FD_S6KGpI,IfcRailing,doorvalregel_(#471539),,,DB0244BE-4E74-4D10-8F5F-95AB67163A3E,,Storey-1,True
0gnU31eDP5K9TbRoAnU6vl,IfcRailing,afscheiding_(#451725),,,BDE15FC9-D637-4BDD-8FE2-447AA0D88FD2,,Storey-1,True
0AqQOcL2j0IR5jtLJr_mM3,IfcRailing,afscheiding_(#452423),,,77DB2238-F186-4400-84FF-0AE27D58514E,,Storey-1,True
243JmwjbPBSx9aM9vFDHFH,IfcRailing,doorvalregel_(#585804),,,D0977F0A-12BB-416B-99F4-893262F36807,,Storey-1,True
0JkJwNHg5Fuu60eLrpmW15,IfcRailing,afscheiding_(#450923),,,F3CFFDF8-DC32-44AB-9AC1-A2F38169EA80,,Storey-1,True
3J3PtjYtX0vxhQtdB4KBFn,IfcRailing,doorvalregel_(#585535),,,3A2D9494-8064-4252-AE1A-F5C2BBA1EC92,,Storey-1,True
16oKz$knLD2wOlmQ6hOI_V,IfcRailing,afscheiding_(#451816),,,6E78F436-A0D0-400F-810B-3ECE457F10D0,,Storey-1,True
3mddO2BEv6zuAqVBN9Kyaf,IfcRailing,afscheiding_(#450417),,,E648EAE4-C967-4BC1-BF43-5BC53CA68A83,,Storey-1,True
0w1YXrS896RwCvMp4O5DII,IfcRailing,afscheiding_(#450765),,,A6AF1E4D-8697-4FCF-AC31-A3B9A2E655A5,,Storey-1,True
3dzfK_RgD02BRclnGJBPG8,IfcRailing,afscheiding_(#451033),,,2BC8CA1F-CA76-4223-8B1F-D5B7D91BFA2A,,Storey-1,True
3lWfkBEGvEvvQsatstweZf,IfcRailing,afscheiding_(#451543),,,0874AC1F-545F-4A5F-B38A-50B0BD41BC74,,Storey-1,True
0hsVA8xsXBPP0PKide8rLs,IfcRailing,traphek_(#576900),,,759A5BDA-95C8-40E8-8B3E-E5144F4340D6,,Storey-1,True
1eY9K8xKv58gmullO7Xkzs,IfcRailing,afscheiding_(#452268),,,333CFC1B-031D-437E-83CE-CFB28ACF2C49,,Storey-1,True
1YmqX1x2z4xO24K7hdauv0,IfcRailing,afscheiding_(#450125),,,A7139F08-E66B-4200-B929-C81809E27B6C,,Storey-1,True
3UIbQKz7bBTvlcD5JTgHAm,IfcRailing,afscheiding_(#452772),,,41BFFACD-1EDE-48B7-AE6D-CB26AFDC23E3,,Storey-1,True
3hYgSXCpL5OgR8fKqHdccC,IfcRailing,doorvalregel_(#474979),,,2DC5D6B2-E48D-4BBF-A938-A05AD41BAD68,,Storey-1,True
1M48cg3qD9198vhldhYp6w,IfcRailing,afscheiding_(#451452),,,372D0D70-5AA4-4728-88D7-C158995B3184,,Storey-1,True
2_xToC4k5FDx3XzaHDVP9A,IfcRailing,doorvalregel_(#586170),,,41FCF62C-644A-4D5B-AB16-83745125D9AA,,Storey-1,True
3wmbeszkXCtAcU4jbPw0Kq,IfcRailing,afscheiding_(#451179),,,0D731344-63B1-464D-A24E-C5A2C96E372F,,Storey-1,True
0WWmk1yuf40R2wCBYqi3Vy,IfcRailing,traphek_(#291357),,,1B0E5567-67C1-49A2-8F56-428C39DF9481,,Storey-1,True
00yIRg_C5019yAS4ijNRtZ,IfcRailing,traphek_(#291907),,,29084528-FC62-43AA-916A-E6F90235E4B3,,Storey-1,True
1HJaFEy4D8oxzr92S9sa0h,IfcRailing,traphek_(#267823),,,87FE26C6-579C-4A06-9127-F61B80174672,,Storey-1,True
0$Cvr_NRDCYPjO36ILpvXN,IfcRailing,traphek_(#275367),,,0121D507-FCE5-45F4-A345-B40DD46E562F,,Storey-1,True
0fTuHyHNLDXutbq6ZwgMFr,IfcSlab,dekvloer_(#753256),,,7837103B-7485-4BB9-9045-F5A98959F360,,Storey-1,True
0kcEVHhj1F3wuUcEqEIond,IfcSlab,vloerveld_(#604463),,,42DF0FCB-3410-43C8-AF51-84653EECBFA3,,Storey-1,True
2Yxd8eJpLABBcbG7nKsjJw,IfcSlab,vloerveld_(#604312),,,4A138AF6-188B-4373-8E73-F8DA1263C8B1,,Storey-1,True
2H5JkLRvL72vEqp8Y2fUif,IfcSlab,vloerveld_(#605031),,,EE6978D5-D1FA-4D99-B6F9-2EE581496709,,Storey-1,True
30jSkX$tjBEeqQuzhSL0OU,IfcSlab,vloerveld_(#604888),,,0A836C4D-B610-4064-82DB-244ABC5ED0B2,,Storey-1,True
0ohHkzSbL3tPl3e9teTFmk,IfcSlab,vloerveld_(#604749),,,3282DBA7-65B4-4106-B4AD-D946F1E7CC2E,,Storey-1,True
0FCVoLpqrDWRf1ksXAa3WR,IfcSlab,vloerveld_(#605511),,,DDCFCD63-E337-4C35-9E28-E5EAFD0963F7,,Storey-1,True
215GRKGvf6LR4RZR1KskIY,IfcSlab,plat dak_(#699539),,,B3CE0DF8-F529-450B-B8E6-D490C2D122BB,,Storey-1,True
0lAaBfJYz35x9JF$ZAEXlI,IfcSlab,dekvloer_(#746670),,,83BA020A-23C6-4A17-AA77-750345793211,,Storey-1,True
31lwos_AH7wBoc0NyZG904,IfcSlab,dekvloer_(#744588),,,98389DEF-4522-4322-99C8-603C120F06FD,,Storey-1,True
1CL2FlTt10axV9mGn3C9a_,IfcSlab,plat dak_(#699776),,,23F7C425-29C5-4D07-AE73-ACF321413DCB,,Storey-1,True
0jNFrN6dH92RBTOZmIKFmW,IfcSlab,plat dak_(#699294),,,8669076A-B00D-47EE-B704-33F7A3EFF8A3,,Storey-1,True
3DsioGn3j7EwXbSwu1cX4$,IfcSlab,dekvloer_(#752212),,,6E85CCBB-F806-43B8-B3F8-9138708D2956,,Storey-1,True
0hdMRCSej8RBD7BDc6iwUp,IfcSlab,dekvloer_(#745362),,,BED209F2-9E52-459A-B87B-93CD584AF36B,,Storey-1,True
114rjKrCXEiuVotOR9UZoR,IfcSlab,dekvloer_(#752782),,,D5319C1A-3266-497A-9644-24BACFB62FB9,,Storey-1,True
0$B25rGK5B6eNl0ABKfDcA,IfcSlab,prefab balkon_(#661390),,,B48E91FF-0338-46B6-B0B8-A21E356646D6,,Storey-1,True
1_w5qaTJ10lR4aHbBSTBxZ,IfcSlab,dekvloer_(#756139),,,A561F8FC-CEAC-43E6-8E04-41226DBC2CF5,,Storey-1,True
13qPMixqzEdu$1X4SGAsXV,IfcSlab,dekvloer_(#744726),,,9379CBF5-89AD-418B-A643-93CEE1E3FBED,,Storey-1,True
1TAzrsBU51EfDGKnb2ajKE,IfcSlab,dekvloer_(#751744),,,5D9BB3A2-C650-4DC6-86D6-6B95C9B5FF83,,Storey-1,True
3u9fAmoFv21A2s9lkTC8an,IfcSlab,dekvloer_(#752505),,,592CB7BC-4B91-4989-9D7D-737289F9D445,,Storey-1,True
0dwqShrVz93QvHd406cIav,IfcSlab,vloerveld_(#605217),,,068A53FB-2560-453C-B558-89259FDC2FF5,,Storey-1,True
1QzTZ20Lr0lxMTzRrqHfru,IfcSlab,plat dak_(#700628),,,0AA6C909-2256-4950-B71A-69D0699929D3,,Storey-1,True
0qgDSAOeT2fxhqBfBeelkk,IfcSlab,vloerveld_(#720622),,,200B3D74-D2E7-4747-B649-02923869C200,,Storey-1,True
33f55tPKH1gABrld08RKTa,IfcSlab,dekvloer_(#745042),,,12B6F796-97B8-4B7A-B9AD-A54EDD0A4CFA,,Storey-1,True
0uS$tE2Ev4JuyQYSjkkTMS,IfcSlab,vloerveld_(#604034),,,1A397DAA-D3C0-4A46-A43E-1DFAA29E5EA6,,Storey-1,True
14QMV67hf0fADiYu0uFaVT,IfcSlab,dekvloer_(#742090),,,D2978EA2-6301-4E7C-9686-9A1C3A7E0D27,,Storey-1,True
3WQk6mf9z9$8ZtxpBeLS_3,IfcSlab,prefab balkon_(#616154),,,696D9305-26C1-4AFC-BC85-6E3FFDC5C39B,,Storey-1,True
33AU9CDsz2UeNkLzh_zBHf,IfcSlab,plat dak_(#700118),,,270A25F1-7A24-4352-BA76-0ECBD6D2C11D,,Storey-1,True
0jGdybIvD2L9kzXTyU9qjU,IfcSlab,vloerveld_(#604610),,,10365576-67CD-48E0-8DAD-C4E6450BD659,,Storey-1,True
0n857hg7fEUeAfDVvHfBma,IfcSlab,vloerveld_(#605360),,,FC08A573-400F-48F9-83D9-95B30D82A49D,,Storey-1,True
1B5CUaozvD0fIlYgOxOoKr,IfcSlab,vloerveld_(#604173),,,54E6BA71-1EC7-40BF-9926-3DED31B3817C,,Storey-1,True
2k37GVrs11hgAhpOCzdBCA,IfcSlab,dekvloer_(#747443),,,849FF961-3B73-4F59-9D64-B844C597CCFB,,Storey-1,True
3Jwf7sTfn2uQcdOI99Fy$F,IfcSlab,plat dak_(#700382),,,BE0A68DE-8C00-4F9B-95B8-146FFDE1669E,,Storey-1,True
0UDCtE1Aj4tAN8iRhUlBaW,IfcSlab,dakelement_(#705118),,,0E455802-32CD-4C64-A5DF-665C1DE8DA00,,Storey-1,True
39JSiDRVn129zigzhEYY$S,IfcSlab,vloerveld_(#603896),,,A0ACA554-4C64-4D30-B4BC-FFDD77EC8872,,Storey-1,True
1VBRYxvmP7XuNvc2Wt3Z4Y,IfcSlab,dekvloer_(#752643),,,C698EDE6-4B8D-4787-BE28-F0F4C208CFDE,,Storey-1,True
3qlouHIa5ESuj7xw1xQkoU,IfcSlab,dekvloer_(#751882),,,DBB3E4B4-96FD-4175-8820-E5C04924A5E6,,Storey-1,True
2mVx_Nvtr0dPMOQ1Q4ltlf,IfcSlab,dakvloer_(#986563),,,CF5D3FC2-827C-42B9-9FEF-F3443B8E2371,,Storey-1,True
3D9PZJvFbCHu6gHrVLs2L5,IfcSlab,dakvloer_(#987179),,,B669A611-E79C-4901-BD64-7816719B454F,,Storey-1,True
1jk8OpHc99xQwyc0U_9bCH,IfcSlab,lifttop_(#984466),,,1B001A83-D13F-4F73-BE44-A9313F0E6850,,Storey-1,True
1cHbmhl7r50vWkvBHrEoNe,IfcSlab,dakvloer_(#991286),,,1C847F19-7DB9-401A-B2A2-3F5ECA4C850C,,Storey-1,True
0jGwnC2Mb0TPTRT0qnbtn7,IfcSlab,dakisolatie_(#999036),,,EABBD763-42AC-4954-8F30-7C7CF885C510,,Storey-1,True
2YAybmMtrDFQDm_gIIz$0q,IfcSlab,dakvloer_(#986733),,,7D7181C3-CF71-4882-ACDE-1A4A1572F962,,Storey-1,True
0NZSUpMXL1hwtLAxUnTTws,IfcSlab,dakvloer_(#988370),,,B4B444CD-FF45-48D7-A421-9330B04E70BE,,Storey-1,True
0PI87xBsv0COQuzD73vKkt,IfcSlab,dakvloer_(#986959),,,7AE2B1B6-B687-4003-856F-A94E348D4601,,Storey-1,True
3pzXXQSR984OjBXsGsFREx,IfcSlab,dakvloer_(#987435),,,9EB973AB-71E2-49EB-B4AF-A9C54DC6F885,,Storey-1,True
204yhYTyXB9RoXYX4jVyl1,IfcSlab,dakvloer_(#988126),,,B21FB689-8E96-4340-B096-18B1F26BE643,,Storey-1,True
1lOEDq6Jr2hvWD_Fklmhxz,IfcSlab,dakvloer_(#987924),,,256D370A-018F-465E-82A0-38CA7A2B5C5B,,Storey-1,True
3iHy1LOhfAtfLt80$LZBqn,IfcSlab,liftputvloer_(#5715),,,DD46B1BA-CAF2-4D38-9CC0-D94302F9369B,,Storey-1,True
2eev3L741D0xyF002A3f_z,IfcSlab,dekvloer_(#903998),,,BB4FB803-F815-4EAE-8F16-217128A7FBA0,,Storey-1,True
0HjyW6X1z3LhtdgFs2DcXh,IfcSlab,sporenkap_(#810360),,,BF185570-1C27-4C66-9CD1-BDCA70125672,,Storey-1,True
3JZXkPV7j5ShctN5hOOQ2x,IfcSlab,dekvloer_(#885715),,,4A9D07F6-6D99-446D-B825-134E521F86FC,,Storey-1,True
00th1wvnTBsAMYdU_bZK7W,IfcSlab,gootconstructie_(#804224),,,03B06DE1-D162-42CD-B9BC-867504CD1A63,,Storey-1,True
2U9F4ZsZT00uwGABsPQbnY,IfcSlab,sporenkap_(#860402),,,9488F395-AE41-4558-8C2E-F429B326B94D,,Storey-1,True
3Mdzd0Jrf5RuXx4IUG1uo6,IfcSlab,plafond_(#811319),,,6B5B3589-5D35-45AA-8F98-43003C569E18,,Storey-1,True
2QCJw9$611Wv0EDy1frN3J,IfcSlab,dekvloer_(#903668),,,3547EEBC-5C76-421A-80EA-439BB1567A57,,Storey-1,True
3zaIWtl1164ODDOMKPXAPD,IfcSlab,dakisolatie_(#797154),,,E19FA951-BD6A-450F-A5B5-DCC099607267,,Storey-1,True
0u_OTJqobB6xfa5qC6yfCU,IfcSlab,dekvloer_(#904712),,,85DFCF6D-A5C6-471A-B4D4-DE1014A49BDA,,Storey-1,True
2bIAMEvMv7uu8TvIr6N51M,IfcSlab,dekvloer_(#905186),,,E17C8302-9985-4D5E-BB9A-40D0FFEFB668,,Storey-1,True
2klJ3SiNf18eM1CPnCqsM5,IfcSlab,sporenkap_(#809844),,,E16CF8A1-CC05-43B7-90FA-077AAD84D0A0,,Storey-1,True
3PuVrl_vb9$whNBe379ut_,IfcSlab,gootconstructie_(#813860),,,0F8C28D6-2671-4D48-BCA3-498837C617AC,,Storey-1,True
0oGtY479DDqvnx9MRfchHC,IfcSlab,sporenkap_(#797664),,,8300CF51-2752-476F-B82B-91C1F9C12114,,Storey-1,True
2Dxcml_Vv0PPpQfk_APUy4,IfcSlab,sporenkap_(#785682),,,80225526-3D89-4B98-8E26-E9B4F4DA652E,,Storey-1,True
1YEEjcQN11Yf4O3N_3JwcZ,IfcSlab,dakaftimmering_(#841217),,,D6129CCB-EBDA-44B1-A126-0E9E5A2E86ED,,Storey-1,True
0T7PQVV694xgM1DyvzhAH1,IfcSlab,vloerveld_(#783339),,,A897D426-70DB-4232-90EF-E60E8805D6E4,,Storey-1,True
1SZzryfSDFOvzxnRysRDiW,IfcSlab,sporenkap_(#800029),,,B14CA603-7B14-404F-8AD8-AB16621F200D,,Storey-1,True
1UZrjiKB59jR1oTxiUoUgH,IfcSlab,dekvloer_(#885577),,,17C8CBC6-2CDF-4786-8CA1-EA57726B8EF9,,Storey-1,True
0$U7ev6_T089hm35hpW4sc,IfcSlab,dekvloer_(#904573),,,F1F47E1C-11B1-4DCB-9643-B68512FB9243,,Storey-1,True
13wYuvVp5E99Ha5XniyO7A,IfcSlab,dak dakkapel_(#828385),,,B54FE349-60D0-4563-BA6B-BE8E34848494,,Storey-1,True
0Xj8EFNGP6Z8pqEwga41uD,IfcSlab,dekvloer_(#883034),,,19D25570-884B-416D-9D17-618502A0D989,,Storey-1,True
0KuhnZDYbDihBdzJZR4g85,IfcSlab,dakaftimmering_(#836769),,,AFB65EDF-8871-47CA-B0DE-088CBF5B3BFA,,Storey-1,True
3onB16nzH1ygpfHET4EV6D,IfcSlab,sporenkap_(#808666),,,2A331CF5-9DD0-4B8B-AFCF-7C04AB504502,,Storey-1,True
16m5u7wR99KQ_6omnGpYqt,IfcSlab,spouwisolatie_(#843182),,,85055D37-115B-4E25-BD7F-EB410BD17FEB,,Storey-1,True
2EReEiaJL6DBLoGRSiozZw,IfcSlab,gootconstructie_(#802502),,,FA5FABA7-E97A-47B8-BAC8-3AB17EFC528F,,Storey-1,True
3Qh92125H7HA7aX2tle9Jf,IfcSlab,sporenkap_(#860751),,,FB0E42C3-B675-4DEA-89B5-B9F6F9973F47,,Storey-1,True
0kFkQ_9pjBYARhwCCs8H5f,IfcSlab,gootconstructie_(#803771),,,A8B5C166-37B5-4F6A-BE7D-78CFB45E540C,,Storey-1,True
27OXjbvNj2Eu9aSbkEqSNx,IfcSlab,vloerveld_(#782593),,,736D1FF4-5FC1-452D-B1CB-FD3ED786247F,,Storey-1,True
1uocOGOnD5lB8n641LQU1a,IfcSlab,sporenkap_(#861642),,,DD599CD6-73CC-46FB-BD76-40A749CD8954,,Storey-1,True
3nl$BL1hLC2h8CXwhf0rBN,IfcSlab,dak dakkapel_(#824921),,,0BC31143-8C2A-4F62-B1E6-760BB05615DA,,Storey-1,True
1Z9jhi0_TAhgfRjYwB7pGE,IfcSlab,vloerveld_(#783478),,,CAD0F605-B007-4D31-AD1C-98061F81EF66,,Storey-1,True
3zWICSvR1BhgORGDsiwJRb,IfcSlab,vloerveld_(#783625),,,DB9AA63E-00A0-4861-B930-C8BF77FF2689,,Storey-1,True
1et99pSlzC5QogCgbrUv8g,IfcSlab,dekvloer_(#905787),,,DB4C4B9F-095D-468A-80E1-CAECB175FB92,,Storey-1,True
0Lp3IQAqDCegMnuPUPX$TD,IfcSlab,gootconstructie_(#802793),,,961AC7C1-E835-477C-B26B-88F65C57E193,,Storey-1,True
1793zZ1eT9x8FPsLItAJGd,IfcSlab,sporenkap_(#824644),,,D36DF66B-FBCD-4DBF-A333-9E4E4E288C8D,,Storey-1,True
1_9EImMv9BRR2PVPI0vJUe,IfcSlab,sporenkap_(#798290),,,9729DA0A-BB9C-4CEE-AC95-CFFF615D3350,,Storey-1,True
0Ib8oJ1f96NR0ukHsVyt5H,IfcSlab,sporenkap_(#819036),,,160680A8-43F2-46AF-AF5D-13A79FFDA239,,Storey-1,True
1tq_AX8QP05fuFtyITI7_4,IfcSlab,vloerveld_(#782871),,,9868CA99-B1AE-4749-9CD5-DE0DFF9D194D,,Storey-1,True
2q6N5AE2bD4OFLs82PpRR4,IfcSlab,sporenkap_(#814446),,,1909D4BE-6FED-4CC9-8BA2-65B805ED3B88,,Storey-1,True
1TD9MFQS95Kh$3Jk6JFBwT,IfcSlab,sporenkap_(#795296),,,E6B46FA9-2BC7-46B9-9495-C8D3FFE945A1,,Storey-1,True
1iN1LF4ef9FQv3RV8t$$Wk,IfcSlab,dekvloer_(#886433),,,1425EC8A-B46C-4947-9700-CD6A219DF63C,,Storey-1,True
3rCQNwCYvAWws7WUOWtZmh,IfcSlab,sporenkap_(#841075),,,60735717-55BC-473B-9D1F-C9DDBF58064F,,Storey-1,True
0b3vVFe8TADRmeWrlqGMgE,IfcSlab,vloerveld_(#782017),,,83B6320B-8B83-434D-A2A6-0766E207CCF5,,Storey-1,True
0M7LGkeqH9Iew8pHUXBW1k,IfcSlab,dak dakkapel_(#778448),,,62145D1B-6596-4C6E-B57A-5F72FA23148A,,Storey-1,True
1ShI_qQ897CBR815ZMInzM,IfcSlab,gootconstructie_(#813062),,,E5909D9C-239F-4CB0-95D1-E7A38D64EEFB,,Storey-1,True
0uHYZNLavBIu_xeFPJsAyO,IfcSlab,sporenkap_(#809504),,,B942928A-90C3-4CFF-80B5-A194A53F457C,,Storey-1,True
0Q$4njmzvCVAmF$RuCztvV,IfcSlab,vloerveld_(#782295),,,512082B4-0E13-43B4-923C-E28F0858D36D,,Storey-1,True
2vJgUwJuvB5AFxi8D5lCK$,IfcSlab,sporenkap_(#796179),,,BADA7C46-0335-4266-A82E-5842B3F43E1A,,Storey-1,True
3OQDwyzTf1CQEf13p$Llo8,IfcSlab,gootconstructie_(#803300),,,44D34B63-BC7A-45F9-805A-996C4F2D9A8A,,Storey-1,True
1HdZSWPLD4jQVyucbKIHhv,IfcSlab,vloerveld_(#782732),,,4C9E2D73-5773-42EB-8ED3-334177CB24EF,,Storey-1,True
1IB8kYBAvESxAWXwIJ_2w0,IfcSlab,vloerveld_(#781879),,,5C12E939-20F5-416D-AF2F-7303AAF4488B,,Storey-1,True
0O98mQJfTBT962usPZG91b,IfcSlab,dekvloer_(#904435),,,A3AFE45C-4106-4D78-A984-038F287A4D1A,,Storey-1,True
2vmlzyJ3X3C97pn7F_yja2,IfcSlab,gootconstructie_(#819773),,,65BDBB6D-1481-44EF-936F-56A93FD9F0B0,,Storey-1,True
2fJKVgdX9DEAm$umjGwWuj,IfcSlab,dekvloer_(#888586),,,0B285CD2-2999-4468-BBB0-5EFA8E9781E3,,Storey-1,True
0nXJlfC59CeveUqCwYU7Q6,IfcSlab,spouwisolatie_(#843005),,,E64CFD37-E2E4-4C2A-955F-97C3FB2F6FBE,,Storey-1,True
3nzElfxgf4gQeXM$tjm7W3,IfcSlab,sporenkap_(#797941),,,A5C70D4B-B12A-4CC9-A330-43E9D3843D02,,Storey-1,True
3G8EArBWjCQP_LgDmqwQFJ,IfcSlab,sporenkap_(#804389),,,37D49443-544F-4096-AC0F-C11D6DA52BF0,,Storey-1,True
1em7tGcDLAYhc36KY4ngv1,IfcSlab,plafond_(#811565),,,9050CECE-9883-4C99-A863-C38BC0829E59,,Storey-1,True
3bH_QIK9f8MvqDylUyjNYt,IfcSlab,sporenkap_(#795625),,,B9E373EF-38A3-437A-AB3E-F677759602DC,,Storey-1,True
2sGcTxDPzBq9p3pgTG1OTc,IfcSlab,sporenkap_(#777024),,,D3C50C85-B9B3-43BB-90DB-BB1A041D3A13,,Storey-1,True
1mxtkANs9AIxzJfMD63Vpg,IfcSlab,dakisolatie_(#797314),,,30012114-AB68-4E41-B6A8-09DD05AB86D6,,Storey-1,True
1b0DWnqPHDXwj$brtZalry,IfcSlab,sporenkap_(#861311),,,F57422C4-1A58-4796-98A0-248FCC6BE2CF,,Storey-1,True
0SbGFRlyz1hhrTMtnEnu9c,IfcSlab,dak dakkapel_(#831372),,,3834A333-1649-4565-AF71-BE462AC312F9,,Storey-1,True
0GNemG32P7mwKVmlcwq_15,IfcSlab,sporenkap_(#820583),,,917416B3-DEF8-4CC0-BBD8-CA13805CFEAB,,Storey-1,True
1PaVaSXw558PYFXqQAso7s,IfcSlab,sporenkap_(#812694),,,B0151417-9A07-4010-B540-69CDAB30450A,,Storey-1,True
0ZSHOCu4vDIB0o00vNSNYI,IfcSlab,gootconstructie_(#813317),,,D661BBAA-62F0-46BD-AF08-F5D7DB336018,,Storey-1,True
3wSOdnl4f3svaQozB42Rje,IfcSlab,plafond_(#836065),,,4C1BE03B-9F8C-4099-A492-470D04FDDA39,,Storey-1,True
1o7x_Z9cL3WRprnzWf68$G,IfcSlab,sporenkap_(#814276),,,26797DA6-2CF6-4AF7-9EE4-CB8202C0765E,,Storey-1,True
0i1uvtXc13cBqB1qGONdSP,IfcSlab,sporenkap_(#828068),,,49F30D1F-726F-4E72-8642-50DFE8D73908,,Storey-1,True
2OO$knNqn9MOhj2spyV4zN,IfcSlab,vloerveld_(#783200),,,DF5001A9-B95D-435A-9CEA-8EBB828FB6D2,,Storey-1,True
3mV5XKE0n5Heeu$$bLo96q,IfcSlab,gootconstructie_(#819536),,,3FB6B57A-8BC3-4005-8F09-8D0A8C18C308,,Storey-1,True
23kKMBhsH2O9cv7k75Gdat,IfcSlab,plafond_(#851831),,,85EB0349-26E6-4427-95ED-BACC97DA9EDF,,Storey-1,True
3cYNhTd2L9iA_vBEFWjPUB,IfcSlab,sporenkap_(#814643),,,E12085CC-A317-4820-B338-D469DE8115C1,,Storey-1,True
19sEGNuxzCyhlHGdkPQQLs,IfcSlab,sporenkap_(#820180),,,F6D78806-7AD9-4A9B-8E2A-71EA51FE6E11,,Storey-1,True
17fa3ysjn4AR9k0o387aVc,IfcSlab,dekvloer_(#887741),,,41944BC8-D7F5-427D-80CC-911C0D097DC0,,Storey-1,True
2hI0ldtkv9dA1HH6UF1NJ$,IfcSlab,vloerveld_(#783014),,,CC0A9E4E-51ED-4000-BBFA-E10072D4016F,,Storey-1,True
0hzHwhpZX3_wBZUtwNLESV,IfcSlab,sporenkap_(#795902),,,9138B93E-5F3D-41B5-A236-27296564F0BC,,Storey-1,True
2y2Fefv9H6gvHTJ84_X039,IfcSlab,vloerveld_(#782156),,,1676DAB2-E28B-4407-9985-B9B1B18E1690,,Storey-1,True
12ZjsATRDFReOezU0yxRuU,IfcSlab,vloerveld_(#782446),,,F34066AA-C09F-432C-BF28-6816143B0938,,Storey-1,True
3JhONpgf1AZh_bavz4qnqk,IfcSlab,dekvloer_(#886114),,,CF07BE61-FC97-4F61-AF36-CF118EB82336,,Storey-1,True
0sFOpA2Ib48uVK0LKZr5tC,IfcSlab,sporenkap_(#810190),,,BA9EE63B-8CD3-44D1-A428-4C06C93B8FBC,,Storey-1,True
37KaAGvgv4N9_58PnlDS_B,IfcSlab,dekvloer_(#903530),,,87E52E42-BFEF-4503-AAE9-ABE0BA6FE4EB,,Storey-1,True
2fDZddcePBz9WQ5zhJ4Gfu,IfcSlab,sporenkap_(#808496),,,BC1C7832-082C-4A54-9788-95ABFFF954D3,,Storey-1,True
1CXN1N6xrEI87tn$ECu__r,IfcSlab,sporenkap_(#800358),,,DB05B2EE-3743-47B0-B3F4-730D94AB1F3B,,Storey-1,True
1TdfPGOL54LQe7rw9XqwUC,IfcSlab,vloerveld_(#475087),,,A456335B-815E-43B8-BAE1-57A335C7B711,,Storey-1,True
3eOg3_oWH2rxOdkHI72JW$,IfcSlab,dekvloer_(#545929),,,164BE091-8C92-422F-BFF1-4B301DD80457,,Storey-1,True
0neheKds9F4ugB0ADjHqyP,IfcSlab,sporenkap_(#420633),,,82C60D07-1226-4FDE-830B-B5E9864ED8C0,,Storey-1,True
0qZPdq8bbC5RjNclnNVfyC,IfcSlab,gootconstructie_(#440134),,,382A39D9-5F8D-4579-A5B7-E4F950DA9E22,,Storey-1,True
31BE9W8$LB2wqtaM6E9J_t,IfcSlab,sporenkap_(#467051),,,54FB5CEF-E613-40D5-80E4-0A75CE8A6CB4,,Storey-1,True
1KJzqP8ND7C8hHCTPu3J85,IfcSlab,dekvloer_(#526586),,,4E6CFBE8-2C4A-4B2E-92D8-DBAEEEFE19F3,,Storey-1,True
38N5mTyOnEVeM6yQoncQmg,IfcSlab,vloerveld_(#471729),,,676BB0D9-2674-47E6-BE8A-4FA7DE8A240E,,Storey-1,True
32BEGS3LrAzhwBfKhh8jrg,IfcSlab,vloerveld_(#319799),,,74E4B745-C44D-45B9-873A-3CD255214032,,Storey-1,True
3xajNY_XX8PudCt99cR7Gd,IfcSlab,sporenkap_(#418310),,,0D3D3338-5C8D-4681-B7E0-F90EE72F96DD,,Storey-1,True
1MhwOzf9fEUBhGxttF5gkm,IfcSlab,dekvloer_(#545306),,,FC991E5C-8EED-449D-AC88-1AAE1F168494,,Storey-1,True
1VVbHrqPb57vx9uoV2hilE,IfcSlab,vloerveld_(#471913),,,7CFBD214-0CD5-4D21-91E2-4DD2D14B0760,,Storey-1,True
3GgOlJcR12LwwbCaq7d1oG,IfcSlab,dekvloer_(#546206),,,FDFEDAE7-752F-4351-A49F-2800E699CBE1,,Storey-1,True
38KDMqRAz1D9PJHI1FbRwX,IfcSlab,dekvloer_(#557241),,,A0858AA0-72DF-4CA5-B112-6D3FA306AB54,,Storey-1,True
1cDUcNSfD4WP4McL_WaxKb,IfcSlab,sporenkap_(#467255),,,1E4036AC-5B3F-4DBE-A18D-54AD0EECE99C,,Storey-1,True
3CSW95pvf1ixAfWAqJB5iT,IfcSlab,vloerveld_(#319505),,,B6F854AE-8008-4A92-8121-0D217D507D04,,Storey-1,True
0a1b72Jb1749N$P4B_b_xb,IfcSlab,vloerveld_(#320506),,,1B106083-BC27-4DF6-8C60-3EC4ACDBA581,,Storey-1,True
2k093gpFTBAfLv19$Uod1S,IfcSlab,dakelement_(#467412),,,98AB3362-F795-426A-BAA8-4897F034E797,,Storey-1,True
2VjiQ5s0L3OBnLrPWoB8Gw,IfcSlab,vloerveld_(#321503),,,F21A8588-22C3-4B54-B806-06ADC9F43178,,Storey-1,True
0K0jZX5sr5X902ymOtBcjh,IfcSlab,sporenkap_(#440542),,,9A4C225D-AC2B-43B4-9B42-F9E549CF7983,,Storey-1,True
2pPRRm1WD4bunTefjgFXe3,IfcSlab,dekvloer_(#546067),,,82C7F2A2-86F7-4637-8FE0-428508FC94B4,,Storey-1,True
3zIqfRtO9BmheHy5$ThcRA,IfcSlab,vloerveld_(#327806),,,B42C49DF-867C-4617-851F-0BC83683E1AF,,Storey-1,True
1z$oK3vhTAx833bEMYZSDm,IfcSlab,vloerveld_(#319938),,,088E148C-2684-4D81-B7CF-62F66BB4708E,,Storey-1,True
3KOu3bZMjE7PXrjK8O1kz5,IfcSlab,dekvloer_(#521881),,,041EB6EC-D95C-4700-BC7E-41559B05005C,,Storey-1,True
3fanX9djzFOPInK6tTaZ9c,IfcSlab,dekvloer_(#545636),,,DDF1BB8C-2B2F-4E2A-BA30-31596ACE603C,,Storey-1,True
3FTdXoVy17_PmiHoY1I6g6,IfcSlab,dak dakkapel_(#466803),,,D98A5ACE-561D-4908-B504-8163F0CD07ED,,Storey-1,True
0m8aRc2AXAwwBPUT$2GAtr,IfcSlab,dekvloer_(#522369),,,499B1644-2F02-407C-953C-328B8A3E1EF8,,Storey-1,True
1kqK1LobLB0REIBni$08kg,IfcSlab,sporenkap_(#367844),,,9119A4FD-F878-4B28-9D68-9830C84BD6D6,,Storey-1,True
0KcwMNdojE9BTTatRkUPKy,IfcSlab,dekvloer_(#556346),,,5D5995C6-61BF-437C-91DF-B55D3EF2277F,,Storey-1,True
2T58Q1pAP3CAiCZN0WJmfY,IfcSlab,dekvloer_(#557102),,,5E80764E-06A3-4E6C-B553-D7FC55AB2A26,,Storey-1,True
3HtaBz3bLBMe$a5C6JzJ$q,IfcSlab,vloerveld_(#320788),,,ABAC97AD-8125-42E8-983A-E16B7DD36DFD,,Storey-1,True
0KoZBUtSrCSAjuDXhgunPk,IfcSlab,dakisolatie_(#453185),,,B7C1B3AE-79F6-4052-BB8D-652DDB7FA928,,Storey-1,True
09hmLteZnAvPsUdwjOGAhV,IfcSlab,dekvloer_(#529910),,,14B1A468-2EA0-4E07-9313-4546B07DC3CE,,Storey-1,True
0N162Cd0L9ze8epQ9p85PN,IfcSlab,sporenkap_(#335985),,,25ED64BA-C505-4C96-AB76-6AE103DDD53F,,Storey-1,True
1_Fbx6yOHAneq5GCJxADqC,IfcSlab,vloerveld_(#319656),,,D5AF753D-E8FF-467D-951C-BC66B940831A,,Storey-1,True
3gBzrckDH7B9A4CqX9qFrN,IfcSlab,sporenkap_(#420131),,,661D073D-F78B-4181-8F90-DBE083324134,,Storey-1,True
2YKfa7ZEn0vh1MHp1vCPlP,IfcSlab,dekvloer_(#522690),,,F4A3A492-25F0-4E3B-895C-CAA7BD6122E2,,Storey-1,True
2OPu3E7AT7bvGLxE_pO4wy,IfcSlab,sporenkap_(#440746),,,C85AA090-B427-4887-A6DF-092E1EA31DF3,,Storey-1,True
3fLrbe1Or8Xh1B0EwGqhA1,IfcSlab,vloerveld_(#321221),,,493826B0-7FF5-4698-8358-4A2F2A7CF057,,Storey-1,True
1dLyNMLJ154QP8T7H38voz,IfcSlab,sporenkap_(#422348),,,A100E153-C2A6-41BF-83CC-900BB1883310,,Storey-1,True
0RlQWXlav2wA81eI3oYaSM,IfcSlab,dekvloer_(#522019),,,C55C2473-48E5-4EDD-9343-EF6D9642AA3A,,Storey-1,True
2dljI_2vL6u95oyWMcI5ss,IfcSlab,vloerveld_(#320077),,,CB93375F-B01E-4F58-BC7A-7E2AA6426F73,,Storey-1,True
3ZYRjqp_LDNhpqPEdyrkza,IfcSlab,dekvloer_(#555911),,,6B57C04E-9E5B-45D6-A5CE-BC32772468F8,,Storey-1,True
3dzerjmND3hhftBhAUGaaJ,IfcSlab,sporenkap_(#419864),,,32823761-13EF-4512-BCC7-142E7E6A4102,,Storey-1,True
04btEiP0P41uVksA7vGqFx,IfcSlab,dekvloer_(#544838),,,1B651A5A-8194-4B9C-B841-9A631F3B37CD,,Storey-1,True
0vzZoDssr9jQgBdIf9gAkB,IfcSlab,sporenkap_(#421838),,,386E423E-FDF0-42A7-A64A-F410984652DD,,Storey-1,True
3xMztx6KX5mhDf3iyFJzZC,IfcSlab,prefab balkon_(#433916),,,184E0C40-4E8A-4CE4-9AFD-CE7B2C092C30,,Storey-1,True
220RvfccH7ihFuR8vCgUrK,IfcSlab,dak dakkapel_(#469449),,,D0AEB5FF-E398-45B2-AE08-233F6BB13E48,,Storey-1,True
0dq5E7j9zFV8gkjDgPaVJn,IfcSlab,vloerveld_(#320645),,,6EB1C087-61E4-4A88-8E97-DFDFB484896D,,Storey-1,True
1tih4fekL1YO3l4DX7d6IX,IfcSlab,gootconstructie_(#440343),,,9AE988D8-6F14-4178-8FD8-9649691B76E7,,Storey-1,True
3bD2D1P4zBKwbG_Vv_7u7N,IfcSlab,dak dakkapel_(#460524),,,2808AC17-AAE9-4142-9BF4-CC209908C667,,Storey-1,True
3hxM8VEr17TOeX1vM3NFmW,IfcSlab,dak dakkapel_(#466489),,,30F87B15-1407-41CE-A503-787F74763689,,Storey-1,True
3nvzKL5Bv78hrLFG_KWGv5,IfcSlab,dekvloer_(#517018),,,964374DE-C09C-4DFD-BA01-F96352E40A82,,Storey-1,True
2BcFj5j118GfdkqX0gigOl,IfcSlab,dekvloer_(#556204),,,DE15F3C9-0248-4439-9880-C40DBC177A71,,Storey-1,True
2ErZlgTjH44QKn4oJvtm1F,IfcSlab,dekvloer_(#556964),,,808268CD-648F-4BE0-9E51-53E0EBCD4F24,,Storey-1,True
1xgGiCdKH1hO3JtJDOhSNI,IfcSlab,vloerveld_(#320939),,,67335CDE-8F0E-4C13-8C1D-959A079E762E,,Storey-1,True
363rGfuvnC9uECPY0SM5fF,IfcSlab,vloerveld_(#318648),,,1A59B971-8222-432B-91A7-CF957A5A1767,,Storey-1,True
2ggGlzvgLCjRoaXWvCPLPW,IfcSlab,dekvloer_(#546680),,,EFAECDB5-2FB5-48EE-A54C-6E7ED743F0B9,,Storey-1,True
1FcQub$Nv6ZgAjECrDs2mc,IfcSlab,vloerveld_(#321078),,,A4AC3BF7-5C7C-4C68-97CF-19507D394070,,Storey-1,True
3QRtjQrR9A5fZA6ehH3D8z,IfcSlab,dekvloer_(#557652),,,43BAFCE3-46F3-4B23-A404-27624D7927C8,,Storey-1,True
2s1aVwNu5BTBI4gjJKtTe8,IfcSlab,vloerveld_(#318799),,,584B62C5-B619-4405-9B18-0AE2D7C24584,,Storey-1,True
1FvwoXWtj1JBBcupCe_RKr,IfcSlab,vloerveld_(#319358),,,E2A6BFB7-A425-439D-8A77-B9B1F06B7573,,Storey-1,True
0B0i407en55u5wK3vcogkv,IfcSlab,dekvloer_(#564110),,,1419AC18-D182-4A76-8260-416EAB2D1C8C,,Storey-1,True
1cBd9MqWP11vIiMTdtlmdt,IfcSlab,vloerveld_(#320363),,,E57576CD-0DF6-478C-87C5-6B59034FA633,,Storey-1,True
0tfHOFz8rDOgs9b2zOoEcK,IfcSlab,vloerveld_(#320216),,,9DB27DCD-960F-4246-9734-DB6AFF422EA3,,Storey-1,True
2HUYt04MX2uficFkE7lBys,IfcSlab,vloerveld_(#327994),,,83FA1EA5-2DBB-4A2C-8EFF-BDD066939C33,,Storey-1,True
34p77acpL1uAnk9BKSfGjq,IfcSlab,vloerveld_(#321360),,,881EFF94-9A16-4C02-A139-D06C1CAEC6F9,,Storey-1,True
0acBaRI85B4hnhrBIaaP2h,IfcSlab,vloer_V0_(#33399),,,450B08CB-3B40-4A2C-B3EE-D6C9A929D8B1,,Storey-1,True
0NtafGmzL82x3uEoqD1sGj,IfcSlab,dekvloer_(#251755),,,5E966265-1C53-4E77-A65C-351504227ADF,,Storey-1,True
2q1hNROZ90y9r0s2DKle7K,IfcSlab,vloer_V0_(#42867),,,DEAB4A64-6A6C-47BB-ACC5-233D31B608A1,,Storey-1,True
2GWRHvB9HDJP45jLAA60l1,IfcSlab,vloer_V0_(#35451),,,A8C460C3-434D-4D4B-AC37-289A62F7B81C,,Storey-1,True
3Bzv1yVKr98P0zaHpcCX3R,IfcSlab,dekvloer_(#90819),,,C0849922-5A5A-4A0F-928B-431713723558,,Storey-1,True
2BIiOpBbX6r82zNVqC_hHf,IfcSlab,dekvloer_(#221505),,,15E44D8E-827C-4982-9883-98C57FDD5275,,Storey-1,True
1mbjnpt0P4EwksF__iiijr,IfcSlab,vloer_V0_(#38349),,,713CD1A4-501E-4E59-9C9B-39D437766910,,Storey-1,True
0ZIlPt9Vv7uhzBI8nl4J_D,IfcSlab,vloer_V0_(#35865),,,A4CA521A-32F0-4668-85C5-8E2F4E12526E,,Storey-1,True
2JxkOvhoH3KhADGZVTstt6,IfcSlab,vloer_V0_(#33223),,,F1FC091A-D39C-4C7E-A556-42237BEA625E,,Storey-1,True
34HAwEQ2H7bw2aYHzDRd$G,IfcSlab,dekvloer_(#221652),,,C778C0A8-B5F4-40C1-AD9A-3B6DEC06866D,,Storey-1,True
18AXZPY416iPDc4sTxp$gV,IfcSlab,dekvloer_(#240945),,,11739199-CE53-422E-9753-B2AB858026F2,,Storey-1,True
2suAfAznz6Ivjo25ZP3UBB,IfcSlab,vloerstort V0_(#43828),,,2DEF78AE-F8D6-4FC2-9DB5-14F56913CA72,,Storey-1,True
1tlRVPawH3$wkBWpre762q,IfcSlab,vloer_V0_(#34622),,,0DE07DA1-BD4A-4968-9CB6-B1B95DCC034B,,Storey-1,True
1GPVTuvHr9tgp9fITUrAiX,IfcSlab,dekvloer_(#269782),,,A5FA8341-1707-4827-BFFC-2AE32249CAE6,,Storey-1,True
0fzORJLYrENAgMB8OLjsOO,IfcSlab,vloer_V0_(#36555),,,76F9252D-E31F-485E-A384-6FA862C348B0,,Storey-1,True
1aRr_gAVH6awo1vV5RNWmH,IfcSlab,vloer_V0_(#43098),,,E6DF37C8-41CF-434D-96A9-D280B2FF238D,,Storey-1,True
35oWQYCm92oegd_0DMgz35,IfcSlab,dekvloer_(#250506),,,5DC74280-41FE-431E-B48A-B819C8715EDC,,Storey-1,True
2H9rDR7tT9VgdaRvZdqXc8,IfcSlab,vloer_V0_(#40102),,,79CF6AD7-9A19-407A-82D7-ACC16E525A8C,,Storey-1,True
1TqK$4QF52cx7vR0PaY7pK,IfcSlab,vloer_V0_(#36141),,,A34FAEBC-596E-4B15-8288-C24674065595,,Storey-1,True
1lpmpYlbPE_QJB4isYBtbF,IfcSlab,dekvloer_(#250708),,,3F1506D5-56AC-4748-88D9-9921F5636950,,Storey-1,True
0wdJ5Slfb0e88Z9le5n79t,IfcSlab,vloer_V0_(#39417),,,4E780189-090E-4C21-BD68-03B891E22593,,Storey-1,True
38LmlQQRH0qQXWi4jy1laF,IfcSlab,vloer_V0_(#39279),,,FFAB67E8-E498-413C-851D-6FB6AC1F03A7,,Storey-1,True
2d0FlCvW14QBtK2U8zcwsd,IfcSlab,vloer_V0_(#33537),,,4B44D781-A952-477A-9DAF-D5C9696F0A7C,,Storey-1,True
18n2CK$TfAkgECLOWah6C$,IfcSlab,dekvloer_(#251617),,,E92F0EAD-A654-4CBE-B8CF-C55C0F0F9B25,,Storey-1,True
3ruTV5vprF5RrvtPBVK5rt,IfcSlab,vloer_V0_(#36417),,,62CF170B-12B4-4706-A0FD-528CE83B545C,,Storey-1,True
0Spt7ezXP0C92h3tqsSzZO,IfcSlab,vloer_V0_(#39140),,,ACCC6BD6-4AF9-402B-AC73-084B835293E2,,Storey-1,True
0kSl8zzkbBewxxwDOeCZR6,IfcSlab,vloer_V0_(#37659),,,0873803D-91B1-4E85-A5D8-1B1A9EFD7B2B,,Storey-1,True
2FbKQGA1LD9gZ1z1HbX$xs,IfcSlab,vloer_V0_(#38625),,,4643D459-6740-4B53-90B5-0DA4BB2C1FC6,,Storey-1,True
10RKrxCkv5rQvd7ngtcodH,IfcSlab,dekvloer_(#240079),,,09C7EF4C-4EC2-4B08-8DD9-DDAE862FB7B5,,Storey-1,True
1uO5mJ02D4fvWAKKhkEIK3,IfcSlab,vloer_V0_(#36693),,,76DCC599-EA62-41D4-801F-1690D872B7F0,,Storey-1,True
2bXx1qErX3BQOxVuvQp9mQ,IfcSlab,dekvloer_(#239720),,,8D9A3704-BA8E-4317-9E7E-A2DE1465466F,,Storey-1,True
2XT0UEPbz7ZebdMDb8miEM,IfcSlab,vloer_V0_(#34227),,,BBAF2225-1557-4097-99E6-97EFC4E5D04A,,Storey-1,True
3ltE84VHfFEBUGWxjveNUz,IfcSlab,dekvloer_(#221367),,,1A40C33F-96EC-4916-AA53-B6B31B50173F,,Storey-1,True
2MqU3yDHPFd8QjuADTtSVZ,IfcSlab,dekvloer_(#240724),,,D958BDE8-007D-4F07-8120-6646B31061FB,,Storey-1,True
0wQZVrGKHFAO5v6CbxLpC$,IfcSlab,vloer_V0_(#39574),,,8E507926-8500-44E6-AEFE-69E058A231D3,,Storey-1,True
3G3BFDm557QB5q3dxElp3E,IfcSlab,vloer_V0_(#35175),,,9C066A87-39DD-4607-94C4-224459507155,,Storey-1,True
11hngCopn5hfimgovxmoKF,IfcSlab,dekvloer_(#239236),,,4FD59781-038B-45E5-B2D6-FD6386BADE9F,,Storey-1,True
3t4$7XwXr3aPRpu0dWRVnA,IfcSlab,vloer_V0_(#42729),,,95C8D3A9-0AD6-4094-9316-9F782BE97618,,Storey-1,True
0z0KHW4RTBRgDFKufJohtz,IfcSlab,vloer_V0_(#36279),,,63404365-CD3A-40BE-920A-B82FA5693460,,Storey-1,True
0eDt_F7Df8VANFmhAQmZQp,IfcSlab,vloer_V0_(#34761),,,B40C06A5-07E5-4BEE-A3DC-E1BE6ABFE3FA,,Storey-1,True
3qCKpI3KP9HPWAr6Y2CsuH,IfcSlab,vloer_V0_(#35037),,,21D69901-8B2E-4203-9264-72409AF0151E,,Storey-1,True
1XlmV2BWn24QpsvysH6cel,IfcSlab,vloer_V0_(#35313),,,E8D4446C-1581-49BE-B4B7-A0096C1207BB,,Storey-1,True
1pcw2qWEP9LPCS$XyKJckd,IfcSlab,dekvloer_(#252066),,,8B938182-0658-4861-B237-87472FA12B0B,,Storey-1,True
3KIEixg$H85guSp81cFwRy,IfcSlab,vloer_V0_(#40394),,,6BB197DF-A9E0-41B9-8ED1-E8370C183D50,,Storey-1,True
1sOo8V1290ER5_FhzQZISS,IfcSlab,vloer_V0_(#38487),,,ADA6A2EF-84C1-4DD0-ADF7-252C38FA3364,,Storey-1,True
2Y8SeV34D1ZQVEVKPyRYR8,IfcSlab,vloer_V0_(#37521),,,73712C6C-D8E2-46DC-8CC5-0A9EDC422B50,,Storey-1,True
2u8JaHmHXBxgK4Prdx7347,IfcSlab,vloertegels_(#294346),,,DB0084A3-9DBD-4503-8A4F-33319BF3FCE8,,Storey-1,True
2OUbnN7r5AZ8f0dBVpUfAs,IfcSlab,vloer_V0_(#33951),,,53563BAE-CC4E-4DF9-9AFF-5E7D9AC584FA,,Storey-1,True
0L5fGhlhv3VPpemPiOVQwl,IfcSlab,dekvloer_(#270104),,,CDCBC50C-AADC-4717-84DC-E802165DB9E1,,Storey-1,True
16m3R6VlX8Jf_U5EOhneGC,IfcSlab,dekvloer_(#251238),,,B525B9C7-EA99-4713-8011-202589D6E5D3,,Storey-1,True
1iWo73Me57HvuwVxC6QKY9,IfcSlab,dekvloer_(#251378),,,C76F2144-A8DA-4154-B070-771EA114AE33,,Storey-1,True
1qgrdeLwP6WB8ZQXpvS6nv,IfcSlab,vloer_V0_(#35727),,,AE559284-A8D3-4753-B5DE-337F8357FC73,,Storey-1,True
2u21sJRdT0Me24l6eBI1mv,IfcSlab,vloer_V0_(#37383),,,306F6666-F5F3-4DA0-BF95-2CF62A33B9F4,,Storey-1,True
2dZlkSpErE_QgPFdvoW15P,IfcSlab,vloer_V0_(#38763),,,52BD7379-099E-4FFA-BD23-2491CB2BE980,,Storey-1,True
2fZciyqH5CtxCyv75URUfU,IfcSlab,vloer_V0_(#184059),,,C972D2F8-0E40-4EFC-A678-50E93A405201,,Storey-1,True
0y_1JK34L0S9UbeV6I5FfW,IfcSlab,dekvloer_(#239582),,,70FB4AEB-FD2C-489B-9276-4CA147392EC9,,Storey-1,True
0GFFCwDMT2av0aaFp7zv3V,IfcSlab,dekvloer_(#268179),,,0305A803-4A36-4514-AF9D-21A513889C52,,Storey-1,True
3c_5zKZLj8hOsbf7eeZxCQ,IfcSlab,vloer_V0_(#36969),,,BB568CB7-4EBC-4B12-80AD-59941E374E8D,,Storey-1,True
1303_Vcxj61RfLw0YZeEtY,IfcSlab,vloer_V0_(#33813),,,D43FD74A-3669-4B8A-A0B1-B383C47DEA1E,,Storey-1,True
0mH6E_Hd10jQooCrpSIM72,IfcSlab,dekvloer_(#61507),,,075B725F-A5C8-4B66-B5D2-48EAEA085A9D,,Storey-1,True
1hXcPUbp55SBgnVhI7wOGU,IfcSlab,dekvloer_(#240372),,,A74697F1-E430-4949-A488-1EBFD8D552DC,,Storey-1,True
3HYlG_VlbDuxKXxMpRWZ6_,IfcSlab,vloer_V0_(#35589),,,789619B2-4F42-4FB4-93D2-B5F120174E8B,,Storey-1,True
1$zPZrWrf1HAm_FXqpSajo,IfcSlab,vloer_V0_(#37935),,,0FB05DB3-BFA4-41C1-92BB-8905B8E1D681,,Storey-1,True
0$f$cZfxfEU93zwGnsyEm2,IfcSlab,vloer_V0_(#36831),,,091F0FD2-A709-417E-8469-F2B70CB46015,,Storey-1,True
2LcFDUf1PBJPasceenEGF9,IfcSlab,vloer_V0_(#36003),,,8DCA25EA-321F-41B7-A935-AE89A7DA207A,,Storey-1,True
1hUJrkgMz9zRgxs8ZQZTtH,IfcSlab,dekvloer_(#239941),,,A330C6B1-1A91-4CC4-A08E-E516A344908C,,Storey-1,True
1ahDDH0TbCyBbhhknDlSS3,IfcSlab,vloer_V0_(#37797),,,63A8B97B-70D8-4030-99C8-6D15B1D492E7,,Storey-1,True
2uuGMM2uD3KfSOiP5EOgU0,IfcSlab,vloer_V0_(#38901),,,A7828D26-8E1B-4911-AE97-6655CE4A6354,,Storey-1,True
0drktYqJD0ogOWskNKHyF$,IfcSlab,vloer_V0_(#34899),,,C479F8F6-CAC5-4773-BB60-1B32A4F91949,,Storey-1,True
1UXcTqQ4fEL9TNKOFHs6cw,IfcSlab,vloer_V0_(#34089),,,E61B8257-8DF7-4BC3-81FC-7250E7114F3B,,Storey-1,True
1jGPE_m8HFvuDyQMHt6r8P,IfcSlab,vloer_V0_(#38211),,,FE46D69D-0393-4165-8CF1-4050C0E8ECC7,,Storey-1,True
20j5cti6HFEARfyiibGa0h,IfcSlab,vloer_V0_(#38073),,,99C6A85C-442B-46E0-9271-480D92C42C85,,Storey-1,True
3Pi9DNYXD05O5MKhokJLYT,IfcSlab,vloer_V0_(#33675),,,108C19AD-B2AE-4C96-B288-DB0A1208E62F,,Storey-1,True
0tSwYd9yD6WR0dAINz$akG,IfcSlab,dekvloer_(#250910),,,F3337B9F-2354-459A-955C-CFAC621F3BF7,,Storey-1,True
24ajIczRDEpwyyLmsbT65C,IfcSlab,vloer_V0_(#34365),,,68F4F0AF-B899-4A75-9425-37D974B03BDF,,Storey-1,True
2t0BPMQkfEqR_b_MF6PudW,IfcSlab,schoonloopmat_(#294505),,,95D8FD89-9F0A-466E-BE48-50974FDA847D,,Storey-1,True
0dC84HL7L9jQjaJrXGOlGr,IfcSlab,dekvloer_(#240574),,,EE9F80DF-EDEF-4F05-B1A3-4E9C4A5F6DE0,,Storey-1,True
0vTawmiu5BABIgCN8TJOZt,IfcSlab,dekvloer_(#221165),,,7D0C63D1-0C45-4034-AF30-44251C47A302,,Storey-1,True
1cr7h5DUT96RNuEzoMFK6k,IfcSlab,vloer_V0_(#37107),,,03DFE161-341E-48AA-844D-97D511EFF64A,,Storey-1,True
3HRtnO_5j5DBSPdJ7DpOmn,IfcSlab,vloer_V0_(#37245),,,67016B15-5765-4C9C-B738-751CC6F316C7,,Storey-1,True
2hVHjaqHHBgPxsRIefk2q8,IfcStair,trappen_(#755216),,,1D830758-2D94-4092-9C65-38C3D3753789,,Storey-1,True
3euSxapYP8GQ_jVnCtx8Un,IfcStair,trappen_(#755313),,,8AEF09DD-DB61-4DA9-B1D5-E97C42890297,,Storey-1,True
10uz_Nz_HAaeQX_63L$$re,IfcStair,trapbordes_(#755404),,,0786ABCC-E69D-425C-BA35-129E8B4F91A8,,Storey-1,True
1OrHcXzkjEdRCi5pDZSUy4,IfcStair,trapbordes_(#563970),,,BD58176E-2554-4691-A276-3854C959014E,,Storey-1,True
2_Ft1QqNH3lOVamOzG$3I$,IfcStair,trappen_(#563879),,,52C137BD-DB6F-423A-92B1-C8E7C3A6FBCB,,Storey-1,True
2juCfxNdrEBxCqlaEFFIcX,IfcStair,trappen_(#563782),,,2D8C0529-8FBF-482D-A548-8CD29D418A4F,,Storey-1,True
1NrhFaURL5NQ0eQJVUpyaC,IfcStair,trappen_(#27461),,,773943E5-C22A-41EB-AFD0-A333A0407935,,Storey-1,True
22IVVR3XPFgQ5kAusyzYzG,IfcStair,trappen_(#27351),,,5FE7D7C9-97A4-469C-B1C5-D3507FDB5621,,Storey-1,True
3GRbdKNuH7sAnMLxK44h1F,IfcStair,trapbordes_(#288765),,,25FD3F4C-8624-45A3-B67D-82B99522EAAD,,Storey-1,True
07$Xa6lifDbPVfEzYMVW1c,IfcWall,buitenblad_(#676814),,,829EEF68-7190-4C0B-978C-C8D6034C03CD,,Storey-1,True
2pyH8xd0X0$PI9L7$Mba5Q,IfcWall,buitenblad_(#678255),,,17C2F078-7CC3-4DBD-BD06-EB819E5BC68A,,Storey-1,True
2S3aRkWJH1hBZYiuGiegy9,IfcWall,buitenblad_(#631986),,,59F268CD-7B26-4813-A148-C8D4A5796526,,Storey-1,True
2Z_O5EyOvEZx7it22WH8bw,IfcWall,binnenblad_(#682613),,,36A71A45-01FF-46D3-BAA4-7DC70CF895EA,,Storey-1,True
1dLVLZIJP5YBAh_eqUFF79,IfcWall,buitenblad_(#633476),,,1235494A-D972-4045-84A4-738EEB1FF37E,,Storey-1,True
04Q0fmnG9Df8HggeAZ9tbV,IfcWall,buitenblad_(#633693),,,DD4CA56B-0974-4522-9C5D-F5EC0AFFBA10,,Storey-1,True
07M$ThLCP43hf8Zt2gb$fn,IfcWall,buitenblad_(#678467),,,A01B5CE5-EF01-486C-A94C-F774D92769E7,,Storey-1,True
16tQHA4RHCGPfrK8pB4zOi,IfcWall,balkonopstand_(#617387),,,D695BD66-4820-4C38-9236-6B61B70E06E5,,Storey-1,True
1YoDLVnx10VeKSiKFxF84M,IfcWall,buitenblad_(#622162),,,945E1856-EF97-4953-AC29-9529D84F93E3,,Storey-1,True
3vH7rOh491IA5x0G8XpLDm,IfcWall,liftwand_(#607280),,,0DC96307-6E20-4C13-8068-1E8AD1F58264,,Storey-1,True
2oI8wfZVj999gj0sN_KMFH,IfcWall,buitenblad_(#694079),,,5B8D7A41-B45C-422F-BAB3-0DC1F3EE85BA,,Storey-1,True
3uEw9HExrDvOT_r_QRFjM$,IfcWall,balkonopstand_(#618238),,,F2D19199-0FFC-4318-B8F3-136A191AD2E8,,Storey-1,True
3bDpFy13r2NfkeIFQ0G_MM,IfcWall,buitenblad_(#631138),,,DC92C468-C855-4CF7-BA26-D1BB98CAEF31,,Storey-1,True
3MtabSy8f4puHZkXog0Z3d,IfcWall,buitenblad_(#622378),,,EACE4DF9-BADD-4427-998F-46CB6FC9C0EC,,Storey-1,True
0KuKV3MtH0Xf7AJ9ZGBMFq,IfcWall,balkonopstand_(#649506),,,61398CE9-615C-4B1F-9B38-0497FA6210E6,,Storey-1,True
1xDjOvENX8CuNRr96uJOdr,IfcWall,buitenblad_(#656259),,,A2339345-821D-4D73-9749-ADE700C167EE,,Storey-1,True
1G$_ZVxgPF2ePaS5Y10vI1,IfcWall,buitenblad_(#630708),,,FCEB2EFC-DD55-468E-8070-566CE9F8C896,,Storey-1,True
3aDNQ8THHFderksY8ayZfX,IfcWall,binnenblad_(#682276),,,1F9E77B7-3D2A-4089-8764-17923C47F561,,Storey-1,True
1l0HAWjmr8qfAufnFdmLdZ,IfcWall,buitenblad_(#628806),,,8A5C33B3-9A1E-4FB8-9CD9-9B34511D6ACD,,Storey-1,True
1oV1IaAx17z8tBkTjfXF60,IfcWall,binnenblad_(#771319),,,A4F8AFDA-8C69-4022-9F74-F59197A94710,,Storey-1,True
2yMBfIi9b5ghC$6bRGras4,IfcWall,separatiewand_(#743402),,,2619D839-40A4-4B61-B8DB-E7238DA9A3D8,,Storey-1,True
0bxSGRIwf6ce_WD8QYcthH,IfcWall,buitenblad_(#695336),,,51776C77-2364-4E27-9DD3-B180A135F73C,,Storey-1,True
3FwUH$fCn718uP9zN0kIIS,IfcWall,buitenblad_(#710365),,,605856BF-D4AC-48D7-99F9-C2099BFF9E75,,Storey-1,True
14b$VL57bDzwWdGySqWb9n,IfcWall,buitenblad_(#655832),,,84FEDEAF-024A-4AEC-8ED4-48887DFE5D74,,Storey-1,True
12Ir6WJNL3lBuUu81v4OAd,IfcWall,buitenblad_(#663018),,,69031B0A-1613-4118-BA2B-C38A17E26533,,Storey-1,True
3oESOiTpb4Zgc2wKuxOO2c,IfcWall,buitenblad_(#711170),,,510EDFFE-F54A-4F0E-91D7-C386F19FE516,,Storey-1,True
3DDClYMsL2AASvvYqZ_JM1,IfcWall,binnenblad_(#606702),,,90A0901A-003C-4058-A5E5-4F361EDCA13E,,Storey-1,True
02l5BIlT593fcbPD$yLga7,IfcWall,buitenblad_(#677838),,,72408507-656C-4315-B7EA-EFC8A9BE5395,,Storey-1,True
1yymXQTJf6UAnCoEh6N2G8,IfcWall,buitenblad_(#681018),,,F0DCB494-E8CC-4B7E-951C-BEA93AD6FFBA,,Storey-1,True
1Y6tFnqY9EMhTA7jP29Mti,IfcWall,buitenblad_(#663454),,,3DB2DE64-D229-4293-9405-31325FD15D58,,Storey-1,True
1ojaKtktn2JR939OXn12cI,IfcWall,binnenblad_(#605907),,,3AF058B1-E754-428D-8442-B3D7EBE58A1F,,Storey-1,True
0CdxE0ABz5EgdxP6nOFCrc,IfcWall,buitenblad_(#663669),,,0A0F9E80-AC3D-4703-9BC1-2D66E5D824DB,,Storey-1,True
0Wsr0TFin2KweZYCpJpqu0,IfcWall,buitenblad_(#629654),,,F4EB48D9-A1D3-4B5F-ACB4-B68FC566A1BA,,Storey-1,True
0RhhmGXM97gQB63Q6wE1Ml,IfcWall,balkonopstand_(#616940),,,42AB5C64-9D27-4FB6-94D4-226465A77643,,Storey-1,True
0nwg885n19OwZBThKAKneT,IfcWall,buitenblad_(#672659),,,E03106D2-8D77-445C-A9A5-9773EFCFB945,,Storey-1,True
1X8tFy41b4mPL703mJGEpR,IfcWall,buitenblad_(#653591),,,C49EA7AF-43E4-4F90-9788-26C635BBEA6E,,Storey-1,True
2WmmNa7LX6O9ovg1PGvc7S,IfcWall,buitenblad_(#628388),,,EC577D41-E2C1-43CA-9358-84E4E112AB5D,,Storey-1,True
1ICYuuuyr7YQLO48yHogRo,IfcWall,buitenblad_(#632412),,,D14D6289-CCCC-41B0-8D74-7674A2FCF43B,,Storey-1,True
1V4LGAdV1D9wai7noPWq3a,IfcWall,buitenblad_(#637774),,,CE5CEDD0-7406-4291-8A99-87079AC89545,,Storey-1,True
3qcQij87v3YRZiTiywnwQD,IfcWall,separatiewand_(#747753),,,302E0D68-633D-4CA6-BECE-A2807E54608E,,Storey-1,True
1wYx$zg0X0owZJrcm6pqZf,IfcWall,buitenblad_(#650553),,,8B94CFF1-03CD-4C9E-88D9-C84C90F5378F,,Storey-1,True
1LWtdLUnT4PviAa$k2TSaS,IfcWall,balkonopstand_(#659797),,,7B41B542-800A-49C9-8562-D5CCBFCA5224,,Storey-1,True
083sSiLcDDjQuLPF7VNdaP,IfcWall,buitenblad_(#660229),,,72CAEF28-3075-4EFC-A919-CDA9939C5CF8,,Storey-1,True
242fm2EOH2fAIscQ1QB9u1,IfcWall,buitenblad_(#629438),,,626BCD59-3A14-4B57-BB4A-316EAA1933FB,,Storey-1,True
3irj2GUHT0HQY1upcUqHh7,IfcWall,buitenblad_(#682028),,,C416657A-EBFF-43AE-99F1-0CC47A514047,,Storey-1,True
34sLTcMl16YeLy46r40LfR,IfcWall,buitenblad_(#710768),,,2A65FB20-C662-47FA-8C09-5D5CF7F956FE,,Storey-1,True
1wmui85rn3YBeyZytiHXa6,IfcWall,buitenblad_(#673500),,,66B9D01B-C36C-4A29-BBCF-CE083811DC6A,,Storey-1,True
21J$w3vc5ERBHpACCkklfd,IfcWall,balkonopstand_(#671201),,,DA9EEFDD-5BBD-4AE3-B6A3-B13E7E5082E2,,Storey-1,True
3N9KfSoub0pAj5$b2bgePd,IfcWall,buitenblad_(#636354),,,5DB2C65F-7943-4291-98AF-733F5F6DED88,,Storey-1,True
3MtXEklonAfeO4KDU9KrtH,IfcWall,buitenblad_(#660846),,,25AB79A8-5259-41D0-8310-627959901656,,Storey-1,True
1xHykd1OX6EgKTOIIHNqS1,IfcWall,buitenblad_(#739208),,,C93F63ED-3B85-439D-A76D-BC27B07D1D9B,,Storey-1,True
3Lm3mYQlbF$uOLLYkj8Mm7,IfcWall,buitenblad_(#630919),,,0DA64CC1-1246-4289-9233-8F74060F26D8,,Storey-1,True
0yaAVS1Q13OBZEWrPKyD8P,IfcWall,balkonopstand_(#617626),,,AA42674E-BC0E-4072-B481-87C63EDBA202,,Storey-1,True
3YoKr_dqL1ie7FYvjw15Mm,IfcWall,buitenblad_(#693862),,,18D543EF-9B75-432F-ACBD-F1A37D084529,,Storey-1,True
0svEgl2SPC4Aa$cdLZ86bH,IfcWall,buitenblad_(#631349),,,355E57B6-3943-4484-B97C-B2C7559021F1,,Storey-1,True
3lRH6RoO19GuPtrDJRmqXh,IfcWall,buitenblad_(#692175),,,A0E7BA3F-7B1D-4714-A8AF-C722419A9F98,,Storey-1,True
0ie65Ax7XBOPSqsSxPVRXk,IfcWall,binnenblad_(#770584),,,77C15ACF-1CCC-4605-BE27-A0BE75380139,,Storey-1,True
3p1u9HPpP6gflaoGKooh5l,IfcWall,buitenblad_(#635725),,,984A0F10-2F7D-4CE4-86C3-BD26BD000302,,Storey-1,True
3hiPsZuu9389GtwNxdc7Dh,IfcWall,buitenblad_(#674140),,,FA8BBAC0-77D9-44B6-A2FE-BD7DEF2A4DB7,,Storey-1,True
30urJWDHrFaRJjpQUZwzVn,IfcWall,buitenblad_(#674569),,,44505EE7-BA5B-4F3F-B896-7745B2C278E6,,Storey-1,True
2oTpRewGXCwhVfdMf_qF3m,IfcWall,buitenblad_(#633264),,,45153419-C00E-4195-BE31-191E92DF5648,,Storey-1,True
0h4bPFBRL2w9neQ3IgSD9I,IfcWall,buitenblad_(#633905),,,13D88BE6-4B1B-48F4-AEA0-11BDFC955818,,Storey-1,True
2Hz4R1LgD5JfhOhVv2GAWG,IfcWall,buitenblad_(#663885),,,4D710846-64F0-4CB0-9EC9-163DF7BE2462,,Storey-1,True
1HMA2tfjr6aRwDxhDbbmWe,IfcWall,buitenblad_(#648697),,,D7721982-C8E5-4E63-A1C2-2F33AB540472,,Storey-1,True
2a_NvX7hDAmxWweg0hFdem,IfcWall,buitenblad_(#635513),,,F0251F01-5871-4B44-97CB-36145CDD214B,,Storey-1,True
2_R3np1pLEDgQ05WlSUD2C,IfcWall,binnenblad_(#708407),,,33A97441-3514-4AF8-A58C-879B489E3640,,Storey-1,True
1USOISjXrBuOW_HozfBLrO,IfcWall,buitenblad_(#660018),,,574A52DC-42AA-4923-9489-94B65501C815,,Storey-1,True
1dbaNnuAT3EBWElV6xZQZZ,IfcWall,balkonopstand_(#659429),,,6DECFFFE-03C7-4C24-8F95-04B7990E91FC,,Storey-1,True
3$iLCyTLb5JwiMuaFCmJA5,IfcWall,buitenblad_(#651146),,,66AF42DF-169F-4134-A687-B1D8AF27B4E0,,Storey-1,True
0A3X74_S1DcxNzVPQGwptL,IfcWall,buitenblad_(#622814),,,AAB85557-B903-4AB2-8F67-590E2049CA32,,Storey-1,True
0ozXv5Fzj23Q0AwfuxDbyH,IfcWall,buitenblad_(#705309),,,8218692B-C9E8-45DF-AB7A-ECCCF55D23BF,,Storey-1,True
06TZIMFjv36Bf$_rLS5van,IfcWall,buitenblad_(#646862),,,A11D4029-80BF-4E2F-AD1B-CD87C6898F2C,,Storey-1,True
3ZgcQKDfTEBeMyWEf2uKX2,IfcWall,balkonopstand_(#668414),,,45748A05-FFA5-4067-86C3-B828F98C6481,,Storey-1,True
0AIVef4vfFSfjHr4cnH95r,IfcWall,balkonopstand_(#617972),,,71A1B8D6-0D3F-4489-B3CB-95CF7C7E1CE5,,Storey-1,True
2Cl1V58l10OQF$ySgwEoXz,IfcWall,separatiewand_(#748882),,,8B74B155-6884-4D5D-9232-B73C5A3D6420,,Storey-1,True
3FkUCZDZX309bRcSqt_DRs,IfcWall,buitenblad_(#674352),,,6278F2FF-C9CF-4766-B256-CB89B1CE9B3F,,Storey-1,True
01RB6Q__v0Fg$eBVnK5H8p,IfcWall,buitenblad_(#656043),,,D26FD971-6FBD-47DD-BC96-AB4AE65B3453,,Storey-1,True
24mqy2DxH9shTalJgSQQ8D,IfcWall,buitenblad_(#673076),,,2A34F88F-7129-4881-B13D-4424DD881F5E,,Storey-1,True
1D1obslj52We4OK_e5G8ml,IfcWall,binnenblad_(#770338),,,3DCA2248-6011-47B0-858A-4DDDD6E82DF5,,Storey-1,True
0a9e8g4Tr31vC7QsaAEAbt,IfcWall,buitenblad_(#673712),,,15D752B1-DBB3-4C14-9EBC-C1133680DC19,,Storey-1,True
3wEOZa7WX0Kgfc4wZlFgQa,IfcWall,buitenblad_(#621951),,,9A231389-12EB-4B8D-A27A-5554CE4AC1E4,,Storey-1,True
2cqxFrHJXEcuPvMGKW4D7$,IfcWall,buitenblad_(#632838),,,12FEB888-5F5C-4D27-84F6-D9DD4CAE3DEB,,Storey-1,True
3Su7TnlEbDshgzpvGHSFqA,IfcWall,liftwand_(#608125),,,CD41A392-256C-42C5-9375-12125BF0E18B,,Storey-1,True
2HIlLKLfTBcREoZAZ184fN,IfcWall,buitenblad_(#672253),,,9EC5FE18-7E19-4395-8403-D984DC063DC2,,Storey-1,True
1$LYTzYNPFY8Q0iBEUrlov,IfcWall,separatiewand_(#745664),,,40CAAA3B-5602-4015-B527-8412421DF71E,,Storey-1,True
19GAHbi8z3n9_Yw78TLakn,IfcWall,buitenblad_(#636750),,,9848A03E-F91B-4C8D-AED9-2C5DD6CE24A3,,Storey-1,True
1wnkl1qIH8JOvItktWh7KG,IfcWall,buitenblad_(#646651),,,F1EF0FDF-CBE8-4DCE-9CC4-AA44BCCC280C,,Storey-1,True
3nbQ5roOj8Sh4vZ8jqPRYw,IfcWall,buitenblad_(#632197),,,C4972989-17A1-4304-B46D-6ACF283DC993,,Storey-1,True
3y9xgyYVjCxQfJ_fEo7oMJ,IfcWall,separatiewand_(#750704),,,C6437BD1-C62A-4616-B51F-7DB0AE744EC0,,Storey-1,True
1vDRalV25DVQIVCZticVOm,IfcWall,separatiewand_(#748460),,,8793936B-A159-4549-B78F-0F809A9129C2,,Storey-1,True
04iScL2Kn3cv3CSwJZjP8B,IfcWall,buitenblad_(#693650),,,F2F371DF-6861-4F16-B10D-93FB5EBA79BA,,Storey-1,True
1Etsp5RxHADAIMcmDPE2PE,IfcWall,buitenblad_(#609761),,,FEB18042-CAB5-41FA-BC84-734AF29942E2,,Storey-1,True
2p8zoY07P56gPq3dxrTu_7,IfcWall,liftwand_(#609468),,,8BEEAE08-B825-49CE-9D9C-B4336CFAC4D2,,Storey-1,True
2NJMxOkDjAbPq2mPCmb$Tz,IfcWall,binnenblad_(#602974),,,88EA502D-7899-45D2-836C-B14D0565FB9B,,Storey-1,True
2mzgPNd5v0fB92hyv_o1qz,IfcWall,buitenblad_(#629866),,,2AB6E8DC-93BF-42BD-AD25-2D0217F59C1A,,Storey-1,True
0sx_niOSn8PwGIqUCQhIZR,IfcWall,buitenblad_(#628169),,,A49D734B-CED6-4C3F-B00F-B7967DEEE113,,Storey-1,True
1NjiazoKnF5OI8BJwvpx0V,IfcWall,separatiewand_(#742687),,,4D80A412-8EFB-466C-A2C4-2B100A56B8BF,,Storey-1,True
3s05o8PbL4ueXWQ21Y8mks,IfcWall,buitenblad_(#695739),,,2A95B08D-C8C4-4F3A-962F-B31427F1D865,,Storey-1,True
3if_wcL31DKQqoZVoDBXrf,IfcWall,separatiewand_(#750215),,,5A52DAEB-F9C1-4839-88CF-18F239D5318E,,Storey-1,True
1hKGxAEIj189p06hsuoUuN,IfcWall,buitenblad_(#674780),,,61650224-8024-4EC5-9BA3-DBFFB15CEAB2,,Storey-1,True
3uYQusysnA99CFaWo72lSe,IfcWall,buitenblad_(#624284),,,9D00D62C-2776-4A8C-B63C-0BCB7D1C82CB,,Storey-1,True
0gBYfbZlr50gKdQ633epUE,IfcWall,separatiewand_(#770861),,,B891A959-5D58-4736-8965-B8E7368B9370,,Storey-1,True
39ZipXcnHCZRaXOV5ybdVC,IfcWall,buitenblad_(#634717),,,FE186ED1-DE73-4002-A351-EA30C53A625C,,Storey-1,True
17EFWx1vD1Hum5L7gdoSJE,IfcWall,buitenblad_(#663235),,,F01BB176-F886-4A2A-B8A4-243F73DB9A67,,Storey-1,True
2s7MsMrrX1YfWVCC3MzwE1,IfcWall,buitenblad_(#630078),,,3C212C5B-3006-4AF9-A29B-0DC6B8040B6D,,Storey-1,True
04EF5LiTfA4RZLf0tCb8WH,IfcWall,buitenblad_(#622599),,,3EA11D73-35C5-402E-8C50-E435A6E48A5C,,Storey-1,True
1tfv3CLEz7vePhoqUnnuwC,IfcWall,buitenblad_(#621740),,,B8BA68E3-61A8-43AF-9EE2-19A82AEF3BFE,,Storey-1,True
1zU524sib8cBkPbr6jdlpL,IfcWall,binnenwand_(#694294),,,B92ACA69-3A21-42BE-B035-66FEE1BA2526,,Storey-1,True
2JXGWja3L9Jec_IO_e9ODP,IfcWall,buitenblad_(#673928),,,42B46B77-C245-48F7-8D02-450D67AAFAB8,,Storey-1,True
20RX05dOfBvh7Q6Gx2oAdA,IfcWall,buitenblad_(#630290),,,9242ABA2-257F-4FD9-8195-251E84CB3720,,Storey-1,True
2wV$e8JevCawzZO2iE88RA,IfcWall,separatiewand_(#746904),,,BE61E971-1F04-4D40-B247-C5B9FBF9CEA6,,Storey-1,True
0h98ipWcn8ew0COtiAinBV,IfcWall,separatiewand_(#740840),,,17DA2116-D6D6-441E-8433-5600C7D155EB,,Storey-1,True
1B4$Tq4vL9hwfDZMRaIRTS,IfcWall,buitenblad_(#649909),,,CE485A2A-415E-46C5-B2D3-73A7E51A8880,,Storey-1,True
3Ia3UwQH50r9EgM7E8i64p,IfcWall,buitenblad_(#673288),,,098B39CC-46DF-4588-B88C-794A58593F1C,,Storey-1,True
30Udr7lOT8KQStL3F8xdvs,IfcWall,buitenblad_(#1004073),,,BBE8BBD7-D62A-4A9A-B7C3-B42BC765AC18,,Storey-1,True
3QxjfEscPDhPkdVJWVsxmu,IfcWall,buitenblad_(#1006187),,,D84E1B46-14AA-4844-9525-0D09DC183848,,Storey-1,True
2xhzt9_Rz9BvhrrngnoMSr,IfcWall,buitenblad_(#1004699),,,62788924-3D83-4861-9E8D-630A8E694AF0,,Storey-1,True
0tZ$$qSr17fOu7f4dpqVE8,IfcWall,buitenblad_(#1004915),,,3A90DE51-FFD0-4B2B-8F06-6CD89FD76CF8,,Storey-1,True
0OplIO5xf55wxn4jtxNEoc,IfcWall,spouwisolatie_(#1005341),,,DE2E1D22-B88C-422F-9C56-96E51B87DF2F,,Storey-1,True
0myMIWCKTEtPWTOXUV0uVv,IfcWall,buitenblad_(#1005974),,,4DC38425-6532-419F-A154-9BCC871ED9FB,,Storey-1,True
2XYDPgjxjEcuARwDFI1t80,IfcWall,buitenblad_(#1005125),,,EE2658CE-9D35-4CEB-8869-F60B27353F7C,,Storey-1,True
2aA2xivpT4ne7VFZBS3T$5,IfcWall,spouwisolatie_(#1005760),,,787998F3-D43B-4456-BC7C-19BD6E7B8B98,,Storey-1,True
1ERvL07fTDBPORXRNz4f53,IfcWall,buitenblad_(#1005550),,,2F2683F0-BCA3-4095-9EFE-0BF1D63670FD,,Storey-1,True
1s6nMWn6zBQ9b$OAtjP2xL,IfcWall,zinkwerk_(#1014139),,,4FAA53BF-49F9-4DF3-87F6-9229076BC15A,,Storey-1,True
0PicWqayL1yh7c3S_lCXHa,IfcWall,spouwisolatie_(#988860),,,2D22CD1A-0664-4DFB-A81B-932EFF63A361,,Storey-1,True
0Cwv3S2wr1YQqV_n3sIl16,IfcWall,buitenblad_(#1004488),,,F4A8783A-96B1-4AAB-8BCD-3E12E448F8CA,,Storey-1,True
1TlXMfFmz5yALi0We441u4,IfcWall,zinkwerk_(#1014037),,,94433C09-F65C-4E6C-B916-F7720D225280,,Storey-1,True
0tkvwN6uT64P6nH$xFTPY7,IfcWall,spouwisolatie_(#1004278),,,685E1A31-1983-444D-8C2B-1D79D1649B73,,Storey-1,True
3VlnC7dc97dO6MEL6ot9DA,IfcWall,opgaand werk_(#17704),,,30E6DB38-42F6-4759-9A28-CEABDAF1A5D8,,Storey-1,True
2m$4lxx_nA_uJrYZl2FAoL,IfcWall,opgaand werk_(#15245),,,199782B1-358E-4959-B637-C467E1E6F709,,Storey-1,True
0ov1ZuLuLFhBZgJEfbhres,IfcWall,opgaand werk_(#21628),,,694356A2-4A26-444B-B80B-3610117CD7C6,,Storey-1,True
1Tuny4Ign34eqIi5HGYE4z,IfcWall,opgaand werk_(#16504),,,18EAC880-3BE4-46C4-A7D8-8C557EAB621B,,Storey-1,True
0pnfzvFyT3ZRWgkysu2fqY,IfcWall,opgaand werk_(#14172),,,5CC3C25E-4A3F-4067-8F61-3ED6D7F88DC9,,Storey-1,True
2EFLO_78v1SOQdqaL4XU67,IfcWall,opgaand werk_(#14815),,,E3742ED3-D18A-4914-A429-89170E279DB9,,Storey-1,True
08Jam2RmP4vAeb$XRAvxSP,IfcWall,opgaand werk_(#15461),,,9A0D11D9-500B-457B-BFC7-FF3A0FC0B15B,,Storey-1,True
3D7_AAAd16h9YPbCXyhXNJ,IfcWall,opgaand werk_(#22706),,,AD933F12-F055-4CAC-93DF-627B55176575,,Storey-1,True
2QF9F9$Vv6SgRBKotcWzTb,IfcWall,opgaand werk_(#19379),,,114A5FC9-2FCA-428C-BBCC-B6663809AB78,,Storey-1,True
0YGb$6oz5BkQ_KhiMK7$i6,IfcWall,opgaand werk_(#13740),,,718FD247-188B-44CC-A3DC-1F59AFB5D78A,,Storey-1,True
1LX0xTezz1jglYOl0AYX7X,IfcWall,opgaand werk_(#19595),,,01C60F73-CB80-4711-8EA8-6D3E397C0C97,,Storey-1,True
0ycm5c8Ev7dhDrO8oRDmnB,IfcWall,opgaand werk_(#13529),,,E62B70EE-A18D-4548-AD20-998A65E172BB,,Storey-1,True
0Vbtq2j6X82RExaAwEU_iY,IfcWall,opgaand werk_(#22491),,,1439837D-64AE-4A8A-934E-C60A79ED9729,,Storey-1,True
1aqAJbn2P899FboRJr7t0V,IfcWall,opgaand werk_(#21839),,,2D098F43-2EDF-48A8-9155-1376D53B94DB,,Storey-1,True
1pyhWwJM5FTxyI9YEh5zgZ,IfcWall,opgaand werk_(#20833),,,96606409-C761-4899-A1FB-9669559FD006,,Storey-1,True
371cdh0rH00xaGwzwWbiwN,IfcWall,opgaand werk_(#20030),,,24AFA864-7831-43ED-849D-B55C18F5EDC4,,Storey-1,True
18SY9vDyX7jQ9oW8fKj6eM,IfcWall,opgaand werk_(#16104),,,9491DBCA-8F02-4054-8F2F-31709D913541,,Storey-1,True
2NdywtnRH3EvSJlKwcP_5p,IfcWall,opgaand werk_(#22275),,,0731370A-580A-4D30-9DFB-6611AC2F37D5,,Storey-1,True
2tEhHLtCvCjRLJ6uEWmtZ8,IfcWall,opgaand werk_(#17915),,,B396C559-E707-468A-BDD1-566CC521C249,,Storey-1,True
2IzKm$bXX0H9gUIZj9O0Rk,IfcWall,opgaand werk_(#19811),,,6DFC4D5B-455F-4145-A978-2D016FBA73E3,,Storey-1,True
3mYwsEeg5CBv3RfaMaEs17,IfcWall,opgaand werk_(#14599),,,877A21D3-E66A-49BF-A3D6-B5C77B5DAC6B,,Storey-1,True
2cgcdbxx5F2gsFRZa09Mok,IfcWall,opgaand werk_(#19164),,,F170A4B6-384C-48D8-B825-EF265A167F09,,Storey-1,True
3kG6Bbq3v2RgEQ_PjVqdOE,IfcWall,opgaand werk_(#20250),,,46D1E625-A768-4F72-B351-983DC7A904A3,,Storey-1,True
1eoDwTzFv75xeGY7pZkd$1,IfcWall,opgaand werk_(#15893),,,D0B9F4EE-97BC-4C94-B9EE-3AF9B34B2951,,Storey-1,True
1df_$aS99658kxRi$_pMBY,IfcWall,opgaand werk_(#16720),,,EF1153A0-63FF-4665-B080-F5D33200D3E9,,Storey-1,True
0ypFaLaqP5IQQ0orqlpa5G,IfcWall,opgaand werk_(#16936),,,09756431-CA1E-4A01-AB3A-769D3032B680,,Storey-1,True
3KqVpbIX5DLRGvQfP6Dzv6,IfcWall,opgaand werk_(#15677),,,2F7C3F86-4E11-4DC4-8816-89A832CDE544,,Storey-1,True
3am9hv8bzC0uDu2JwjCxEH,IfcWall,opgaand werk_(#18742),,,7D428D58-40C3-456F-9A27-F25076BCE92C,,Storey-1,True
3QfmBSizvAEhDn0BPeWL$a,IfcWall,opgaand werk_(#14383),,,D4557388-CCAB-4318-8497-5A4BFAEE09D5,,Storey-1,True
1N8UdYuOrAExGoPbE5uMa0,IfcWall,opgaand werk_(#18131),,,8D1373BD-F712-4653-BAEC-DD6A9D330DA2,,Storey-1,True
3q6ecBMKbDDgwYOZe0HfJ7,IfcWall,opgaand werk_(#18342),,,120C849B-1098-4CB6-863A-FCCE197438D2,,Storey-1,True
3_I7SfUS1CCPsZeXOzGAho,IfcWall,opgaand werk_(#18953),,,95884CFC-70A4-4C59-BB18-806AA34CB0AE,,Storey-1,True
0_ZLdMJDn81O6gaWcsA8xA,IfcWall,opgaand werk_(#21044),,,22ABF0E8-327B-4576-9C93-BCEE42D972D7,,Storey-1,True
2$1BEN7TzFsfUNrS9Qqmop,IfcWall,opgaand werk_(#22059),,,A7E01CF8-7CD2-4B37-AFAB-CEC10B017F41,,Storey-1,True
1hCleXzxD6jRE_KrEGrlKi,IfcWall,opgaand werk_(#13956),,,EE125514-C3FE-435E-BC57-3AE90C91D230,,Storey-1,True
0oCS_A4BrCIua9gel4uBLk,IfcWall,opgaand werk_(#15030),,,85056CD9-B05C-4DA6-A806-D97C4B9EA3B0,,Storey-1,True
1V3hVJioTBi9UrXQM9C8F3,IfcWall,knieschot_(#875014),,,468190A9-2546-4234-B389-DA98BFA69894,,Storey-1,True
2bZUIKwQHF5PDY9bZ_2mh7,IfcWall,HSB-element_(#835684),,,198B1E54-05A7-42A8-9023-F3FA8C3BB341,,Storey-1,True
2LhAWEfPzBfh9keY9ZwrrE,IfcWall,separatiewand_(#979572),,,D456F73C-4853-4C98-B19A-DA6482FB2488,,Storey-1,True
1UZR28p6z1mumGYdO_LpE$,IfcWall,HSB-element_(#833578),,,5EBF96AF-08FD-46EC-9128-E9A69F11A88D,,Storey-1,True
29WKzhrFnChxXFYv_svavh,IfcWall,knieschot_(#876664),,,032919D2-B0A1-45D4-8674-F217DB6E4F4D,,Storey-1,True
15nryqndvEwvYqiq9N6znB,IfcWall,knieschot_(#875287),,,78DBFA1C-0A14-46AC-9373-71FDF3FF9896,,Storey-1,True
3bWZl$5Ff7s8Rge2vu6vmb,IfcWall,knieschot_(#832669),,,A25BD2BD-35F5-4E6A-AB46-33FE130B7C6A,,Storey-1,True
2TX4unKXLD48z3Iyr2JtgE,IfcWall,knieschot_(#873805),,,45B698B8-428D-412A-B05A-8E2757373753,,Storey-1,True
2FUUH9YxT8bPsGpTKZ8ZuE,IfcWall,knieschot_(#833239),,,BBE72CD9-8672-4E66-AB25-91C491488692,,Storey-1,True
0Pir0Qulz4dQnBDS2Ax4Tu,IfcWall,knieschot_(#832126),,,8E1B0C82-46EA-4DE7-84EC-6DB43FEA6068,,Storey-1,True
0iD32WBZ5Esx09Sx6UHgnc,IfcWall,knieschot_(#852067),,,E26F43A9-D4C6-482E-B669-D7A22CA3F007,,Storey-1,True
3la_8lAer5DRQlO2A6x295,IfcWall,knieschot_(#876391),,,E24CAEC0-2509-48DF-B29D-4878481FB216,,Storey-1,True
2fBdFIkpn3xw10gQsP9tuC,IfcWall,separatiewand_(#897848),,,C4942131-9676-447F-A34B-DC79A93C83E8,,Storey-1,True
2Sn6DXP25CiuZf0ZShDTAu,IfcWall,HSB-element_(#863768),,,512C26EE-3D63-4979-AD05-CF0C1C0EE492,,Storey-1,True
0JDgMgnCLA9g1JYmau0G2d,IfcWall,knieschot_(#874118),,,CAE0BBF2-F08D-4B0A-8680-46575F194C30,,Storey-1,True
0ItV9_jNjBAfmukQ9onJ6Y,IfcWall,knieschot_(#844214),,,4A7FEAF6-194A-4558-B402-8DBD0063C6C0,,Storey-1,True
24uLe590P1KAl71cKKKZfc,IfcWall,knieschot_(#972446),,,1FABBC13-43BE-42E9-9152-7D2201D13D6F,,Storey-1,True
3y6Jt1uw14uPR_Wk$YE7wV,IfcWall,separatiewand_(#882347),,,1D457A9A-00C3-4F24-BBED-8DA93D26A233,,Storey-1,True
0QmEepKtzCKRpE0Jb9V4_t,IfcWall,knieschot_(#874709),,,31D5AB20-79CA-4B1A-A1C2-0B95D1BAA9BE,,Storey-1,True
1Ba53LCN94BuXJeikK9Zxv,IfcWall,separatiewand_(#902001),,,0F373619-B4DE-42B3-89C3-DCA5196058EB,,Storey-1,True
31$Sshly16cwmKoX44gmz2,IfcWall,zijwang dakk_(#787027),,,5702754D-1FE9-49A8-8DCF-3972F4D5335F,,Storey-1,True
1EfBzBjynACuaEssbaF7tK,IfcWall,separatiewand_(#898483),,,827C6B0C-D2FF-463C-B557-77660B6D76BF,,Storey-1,True
1kh8rgvuvEVwnH4WjW$QZd,IfcWall,HSB-element_(#839455),,,EE04390C-B13E-473F-8245-A4679E87B9EE,,Storey-1,True
3ZdEL57EnCaQBtn28RndK5,IfcWall,knieschot_(#844488),,,7789806E-EBC0-476D-B7B5-E170A4C8A62F,,Storey-1,True
2GGPGT9ZDCXg_RWEOS1Z7c,IfcWall,separatiewand_(#886735),,,07F26D43-D6E8-49C8-B075-2C6462CD84C0,,Storey-1,True
2UVi2DPrbBTQmXN$BtDLZT,IfcWall,separatiewand_(#884391),,,967C1F7A-5AFE-48A0-BE4A-0A060E2A43AF,,Storey-1,True
0XtV5c5B12uQ_tsrF8eAw1,IfcWall,knieschot_(#876108),,,C5D8B16B-60E6-4F21-B1B6-12B90D76F15A,,Storey-1,True
1M_DeRWbX9UQivER7Fm$vh,IfcWall,separatiewand_(#892073),,,EA430865-F6EB-4ADB-8768-72F06631054B,,Storey-1,True
0vU8iQM3zCIhr5l6nk8l8y,IfcWall,knieschot_(#875825),,,6751D2DB-67F1-4082-ABF9-54BE30EB3494,,Storey-1,True
2omZSlNFrDFPjUy1fb5BSl,IfcWall,knieschot_(#845472),,,A057BA1E-9026-4650-93DB-468E496A4E16,,Storey-1,True
1sc6T7h399wwny7wp01A6D,IfcWall,knieschot_(#852587),,,900DE769-3563-41A2-AB01-97C9F9DD1F5A,,Storey-1,True
0SVB35BQ13nhBkIASMfEc4,IfcWall,knieschot_(#832391),,,60E8D44D-AE85-44E9-9D56-01ACF0417D61,,Storey-1,True
1hVRU6ACT3IwR614nRlvbY,IfcWall,zijwang dakk_(#829079),,,9DF7B1FA-1F63-40BD-8084-11D050C58E7F,,Storey-1,True
3VpjJaTqX46x_RLyU2kFr$,IfcWall,knieschot_(#874412),,,BBB48CAA-17CC-4A36-856D-D55598264BF1,,Storey-1,True
0Pw4azGw9Aqxtox9Y3qY4H,IfcWall,knieschot_(#867501),,,CD3F094D-7311-4B2A-A351-E6F5BB950E2C,,Storey-1,True
0YWTFnh4f2UOkVHlJSLJAy,IfcWall,knieschot_(#868625),,,2B01323F-B543-4B1F-9D10-22736C34A53D,,Storey-1,True
31ZUJAuaDAmRrp3KMUv9nf,IfcWall,separatiewand_(#882569),,,BC6847C1-5F7C-48CE-8F58-7834D0F8CC1C,,Storey-1,True
0YyxK0145BpRhJoP06q5y$,IfcWall,HSB-element_(#835340),,,FB78CD0C-99D1-4C4A-A9F5-902AA37429E5,,Storey-1,True
1CGNvPuFf9aBZ4FqVd7WEv,IfcWall,zijwang dakk_(#829357),,,A6CABA1F-C310-40EE-8CD0-215021119B51,,Storey-1,True
1M2dKqEwD2bhzz3dp5rdLQ,IfcWall,zijwang dakk_(#982623),,,CBF8E66B-4CC2-4E84-920F-D0149D49E802,,Storey-1,True
3neJKpFCDEahRU8sqlCAJl,IfcWall,separatiewand_(#898696),,,722527D1-883F-46B5-997F-21E3C0E80CE6,,Storey-1,True
2L$npnOYrDSuBHJpPXne7u,IfcWall,knieschot_(#867766),,,E6C46EB9-4864-4BE0-8A59-1170905FF66D,,Storey-1,True
2akHq8OeTET8JpsEILF1jT,IfcWall,liftwand_(#784255),,,4EFA01CC-8C89-4FAB-8E13-E18BD0B1CD09,,Storey-1,True
0WBgRbe95DsfKO_b9GY_M3,IfcWall,separatiewand_(#881739),,,581D06C1-798A-46D4-880C-CF8D725F0023,,Storey-1,True
1_2Y8nej99pBLxM7nVXO70,IfcWall,HSB-element_(#843920),,,0B9632EF-9F12-445A-9E7C-A1F2633BB59D,,Storey-1,True
16UdHAg5H03u7h0XT_7m_A,IfcWall,HSB-element_(#838929),,,084C58DA-975B-455B-BFF5-D660F572FB27,,Storey-1,True
23TTW6cOXFG8iTd$PVxAFI,IfcWall,binnenwand_(#784865),,,E257055C-8B4D-40BB-BE4C-3082C8052293,,Storey-1,True
3EMb4Uw_TBBBW5i_v7CHpr,IfcWall,separatiewand_(#978348),,,B8EDA8A8-0DF0-4DE9-A8CE-55B9BBBABE87,,Storey-1,True
3RjneTQyHE$uLYI_CMEZXG,IfcWall,knieschot_(#868096),,,4C9546DB-0242-425B-8DC2-0AA61E70839F,,Storey-1,True
3Cyd7KMP5FDP0S1B4dioqP,IfcWall,zijwang dakk_(#826160),,,665B0BD9-BC42-40DD-9618-09BF62D679A8,,Storey-1,True
3lTag$R719SvyzLY3jQIfn,IfcWall,separatiewand_(#883405),,,18E5C1E1-75CD-4E3A-9AA2-27D55C142967,,Storey-1,True
1MHXWWTAr1pf9OcVh$9jO8,IfcWall,separatiewand_(#902490),,,1C2B0ED9-FFF9-4B2A-A8D8-96A6904EBD74,,Storey-1,True
1T1M$4WM5AkfnIqN1dZlPy,IfcWall,knieschot_(#831817),,,81B1F450-E0E1-4A92-8180-5ECCE14C6932,,Storey-1,True
1BFreACEf3YAwpGoZtcy9j,IfcWall,knieschot_(#875561),,,C1B531D1-9062-48A4-B44C-2C0682A01F34,,Storey-1,True
3FOkZnh7XCVeD8wx8spI9y,IfcWall,zijwang dakk_(#786785),,,E4E1EE9E-A601-4E99-9932-2F35E6DEF7BF,,Storey-1,True
0Ldu5uxWzDBBNWNYcAlo_p,IfcWall,separatiewand_(#883676),,,60518B02-A39D-4696-B336-7F66AEF65524,,Storey-1,True
3TMUg$Rrn1ohTnzA3tvINC,IfcWall,knieschot_(#845174),,,720D35FA-BD57-42CD-B17B-F6D1E74919F3,,Storey-1,True
0H1MCEKm17yOfvoqf0Ggro,IfcWall,knieschot_(#852861),,,49E9BE3A-8003-4B67-A282-5E7E18682D7B,,Storey-1,True
3886c3FhD89umMed05RH0n,IfcWall,separatiewand_(#899130),,,BFF94BA4-BC4B-4C20-B3CB-B2F4D72120D4,,Storey-1,True
3SRwCFjO12V9_chkablR1X,IfcWall,liftwand_(#783838),,,4EF141E8-83B6-4274-912D-A3B9EDE87F58,,Storey-1,True
1xx7imdr9BRgU7_Gg0dJKA,IfcWall,zijwang dakk_(#982198),,,8D876EAD-2D80-4788-BA77-D53DE551BF0D,,Storey-1,True
1BcyFo5iD1EPsyujQ0ZL93,IfcWall,knieschot_(#868365),,,83E6575A-0619-4648-96DB-2136AD6D1AD6,,Storey-1,True
0xXBzRIpv1B8KhXqw0kzQL,IfcWall,separatiewand_(#902921),,,65F620F7-4BAB-4E38-A7A3-E860BE7ACE18,,Storey-1,True
1mGBtSlSLArO3DGJZ4$oQJ,IfcWall,separatiewand_(#887975),,,9EF7D7D1-C901-473B-B242-8EA92ABE5A87,,Storey-1,True
0eVH670hH65Qip6r1kopAm,IfcWall,knieschot_(#832970),,,62DA234A-0752-4148-A77B-9139CC883509,,Storey-1,True
1YC4fx0RL0$QKFm01Do8Ic,IfcWall,HSB-element_(#839799),,,0BFC7740-A886-406B-BAC5-538C58FDFE2B,,Storey-1,True
2s_TVx93LCNhQG2WPyS$KE,IfcWall,knieschot_(#846800),,,71E1B1DB-D852-4075-A158-513263078392,,Storey-1,True
1mzaKMrTT7gQv6Krg_W6mA,IfcWall,zijwang dakk_(#825898),,,D2338213-D953-4607-AD37-42E004D21BDC,,Storey-1,True
1vtyYlUzr5Hu7P8PAUN7Yy,IfcWall,binnenwand_(#784646),,,A4BB0136-3BC0-4852-BD1E-0AB533A0BB50,,Storey-1,True
1NkTtW$pz0hev1oQHyBTAw,IfcWall,separatiewand_(#898270),,,51DC3D91-8620-498D-802A-F3E820556A7C,,Storey-1,True
1Jhs6ES9j8Axhy1XWriB3c,IfcWall,knieschot_(#852327),,,3DD17FC1-733E-4278-AD07-9218D40E1539,,Storey-1,True
0KmuK853f2WOrUV_GwRnMt,IfcWall,HSB-element_(#358264),,,386AF818-5925-45DA-A64C-9A5AE7962B8A,,Storey-1,True
0VkC9ZEHP6UONfAcv3caQY,IfcWall,separatiewand_(#530229),,,0426F29D-D015-4D31-96E4-3A45EE35D1CE,,Storey-1,True
3gfqcrza1DfBBZrEzldAP5,IfcWall,HSB-element_(#386570),,,B6C25773-07C2-415B-A400-31DDD865D2BA,,Storey-1,True
1wa9S4OOn4dQHlQyJZR0do,IfcWall,buitenblad_(#382140),,,D23489A8-53C9-431C-9C5A-8AC0F94A8CCA,,Storey-1,True
2ekni_FEHAKR4tcV4CSguD,IfcWall,separatiewand_(#513208),,,AE7D04F9-6A35-40C0-A3BB-B9E24308433A,,Storey-1,True
2zhOMDrU9EN8NwQ7Oa5cXY,IfcWall,zijwang dakk_(#461411),,,8EE6AA75-7CCE-4B35-B516-7B525F99BC6C,,Storey-1,True
2pIuDJtPDFYePvbd5us9Zi,IfcWall,HSB-element_(#384953),,,786E6F95-47A5-4CC1-8CCE-DBF339452EA6,,Storey-1,True
1z6TD193rE7v7ytRXLHb$s,IfcWall,buitenblad_(#355146),,,B49A05AB-E478-447D-AEBF-9E1D7040B28F,,Storey-1,True
3I6o0g8NP88eHPndAy9gn4,IfcWall,buitenblad_(#352814),,,114DB7C4-2DC7-4AB8-ADDE-CC9DB9C74B8F,,Storey-1,True
11ZB6hVIz4yeF6qGGTqsTK,IfcWall,buitenblad_(#354268),,,9CC13EE0-EA57-4E88-A183-D40A9AC60B45,,Storey-1,True
08GmLIIbD9Gv4Lh5iMS0aH,IfcWall,HSB-element_(#408443),,,B47D570A-051B-4A1E-A3AA-2E694F3BD6BF,,Storey-1,True
2NuJrwwEj6ghFLrYlXX4FR,IfcWall,separatiewand_(#522992),,,C6A0FB0C-85D2-44FE-8CD8-A3D387D830DA,,Storey-1,True
1o64nvFor3vwWFp$EblRZG,IfcWall,knieschot_(#460822),,,17207D5C-0331-495A-8A6D-B2CC5C759958,,Storey-1,True
0ZcrzLUALApwXBXSTgkf$5,IfcWall,buitenblad_(#364930),,,5A61B66A-CDDB-4489-9BC0-46D3F682299A,,Storey-1,True
2vOuifpOf0Bf9RKCCJ8oh3,IfcWall,buitenblad_(#431249),,,03976B1D-823C-4DED-8E13-F6A41AB1B897,,Storey-1,True
3lIwNee1X4IP63DyM1rJ34,IfcWall,buitenblad_(#391595),,,FB6EC1A0-58C1-4708-BF06-3605BE483568,,Storey-1,True
0e$OqtqJL9KResUxnDIPU4,IfcWall,buitenblad_(#398232),,,0BFDD316-4ED6-4BF5-B29B-22363041FE0F,,Storey-1,True
2_lPXzjqf7OOUv8tIcaEhQ,IfcWall,HSB-element_(#386915),,,4AF8E570-6E97-4637-8E0C-3344E2B3085A,,Storey-1,True
1X4Yji3tH9xxLWl4ILvn$2,IfcWall,knieschot_(#461140),,,227860C9-2C09-421B-94F2-7433BA32305C,,Storey-1,True
3moPDBSqT9tQAX9t$XC0Mf,IfcWall,binnenblad_(#337098),,,915BCEA7-8C4E-49A2-B296-E40795D221EA,,Storey-1,True
1vrVk4JPD3GuriNJv3_fsU,IfcWall,buitenblad_(#372473),,,E9D3DE26-94C1-43C3-BEF8-C5C37C83AA6E,,Storey-1,True
2xaAuZy$j1MPDmvqwW02cS,IfcWall,binnenblad_(#418032),,,68EBF122-E04E-497F-9114-D583D86718D1,,Storey-1,True
0e8WMeryvERuCp52l$OpMX,IfcWall,buitenblad_(#414210),,,10BABCF1-9CB2-46D4-9234-263CE9A80BB6,,Storey-1,True
1agU0iZrf1rPYNTp6mTIF4,IfcWall,knieschot_(#420920),,,F75FE668-24BC-42DB-8FFC-14C42295E62A,,Storey-1,True
3qtA4vx5fA2fOZ_ZR8hgUR,IfcWall,liftwand_(#335667),,,6F1184FB-9064-4EF6-940D-F3A54DF6D304,,Storey-1,True
3ajgOb4ETBG8396i0kNCsK,IfcWall,zijwang dakk_(#464149),,,1FDF2D7D-4AA7-4489-A0D2-811F17BDC0C9,,Storey-1,True
15EjPocPjBOfjKwlixZDyv,IfcWall,buitenblad_(#354927),,,ADB2D4B8-F79F-4C59-82D2-AEA632A11C53,,Storey-1,True
0Wi9mscSb8Kwm2UEIcVZPE,IfcWall,knieschot_(#336488),,,F7CE222C-4DE8-4011-9E0B-E205452204E2,,Storey-1,True
04tRsiCGj1ygrf4yhoVJ97,IfcWall,buitenblad_(#435119),,,6C100A1E-9257-40B4-B479-55D3499AC5DD,,Storey-1,True
2bwbX1D1XARBfofMf2OOEb,IfcWall,buitenblad_(#351863),,,0B91D9CF-B2A2-46A4-A6AB-DD672704BF68,,Storey-1,True
0g2kzxn4X2Nv2bryk8DrCs,IfcWall,buitenblad_(#371390),,,83F9F611-C596-4AD5-BDA6-FF6E4E1F1B9B,,Storey-1,True
2UsuW1PNf64er7jm4Dr5OS,IfcWall,HSB-element_(#386231),,,9593FFC5-FCC2-4966-B556-2EA2494F1768,,Storey-1,True
28yUvb2sr1C86YpLm1I9Rh,IfcWall,buitenblad_(#366057),,,1BD59681-CDDF-4148-B8F9-88995AEF74D1,,Storey-1,True
3DFpyyngv1WBQdB9BEI0nU,IfcWall,buitenblad_(#395350),,,F7F70965-99B6-4E50-84E9-2211CAC208D2,,Storey-1,True
1JsZEGO116pABACRYwLaXG,IfcWall,buitenblad_(#352560),,,FAC268CB-B484-42A4-BB1D-7FBB77987194,,Storey-1,True
3cXPbzMyL9_gFggj0DyAUj,IfcWall,HSB-element_(#357918),,,0250CC57-2343-47F3-8C59-450BCDBCBB8F,,Storey-1,True
05n126i49269b5MIBTFosu,IfcWall,buitenblad_(#353097),,,7E176A09-2EDC-41D6-A47A-3A5FDE06199D,,Storey-1,True
3SoIwrrZ13_hUHe3yX2ag_,IfcWall,zijwang dakk_(#466147),,,6C7F7464-F87A-441A-81B5-851F80E28896,,Storey-1,True
2OlOGa2dLBCQPfTNehEdNZ,IfcWall,buitenblad_(#403467),,,02629A62-B4A7-41D8-85B6-C2C100CFC28F,,Storey-1,True
0HyMROW8H8Ew9jbzVzav62,IfcWall,buitenblad_(#367399),,,68999948-56DE-459F-8269-F8B7592D00BE,,Storey-1,True
2JMMiVFGj3tQKHV6RHbtxb,IfcWall,buitenblad_(#365800),,,A3945B55-BE53-4776-85A9-97B1B071DB93,,Storey-1,True
3gIBNFtlX2Chy09eKeVAsa,IfcWall,separatiewand_(#540976),,,AA1A9F09-2731-479A-8323-E6248323A2C6,,Storey-1,True
1QmyG0Eeb9u9r8c_fockdO,IfcWall,separatiewand_(#551100),,,F9B383C7-933B-4303-874A-FCBC65C2293A,,Storey-1,True
3p$cvH7L55Rwg$bkoxwztc,IfcWall,buitenblad_(#366305),,,D413636F-2C88-4411-B2AC-6D12ED4943DB,,Storey-1,True
3Kx29A9Ov7BxyaB2ut7Ijw,IfcWall,separatiewand_(#557828),,,F4C4B2A6-32B5-447F-B157-3824EA70935C,,Storey-1,True
3Zt0FLcYL4RgSIzGozCQ4j,IfcWall,binnenblad_(#428855),,,DB706BAB-8E64-46EE-8228-5977D016E86F,,Storey-1,True
14SyrheZz51ubXGZgVreJs,IfcWall,buitenblad_(#380533),,,957964E4-5F56-42A4-A371-CD55B0CA936A,,Storey-1,True
0Vdioymb53rwDlMFXfB5Kt,IfcWall,buitenblad_(#353352),,,0211939D-777D-4555-9BEC-2A7AAA35635B,,Storey-1,True
1cwY85R_z82OWjG9BraKNk,IfcWall,zijwang dakk_(#458524),,,D205C959-52E5-44F4-ABF4-CD77809ED711,,Storey-1,True
0hO0qF5M1DvAZ0w8mLQoGE,IfcWall,separatiewand_(#526820),,,E70416F0-E771-4C1B-A520-142CA2AF80DF,,Storey-1,True
2s_vDlv1X3iwizWuRnmjqN,IfcWall,buitenblad_(#364269),,,28444D84-3CAD-4DCB-A9C5-2BD0C05216CB,,Storey-1,True
0GO1TtT4vCm9LdZ0V5HODl,IfcWall,buitenblad_(#351608),,,8B010213-1A73-49FA-856E-DA8DCB518210,,Storey-1,True
0SNt27Z5P4B941KWx44kGj,IfcWall,zijwang dakk_(#461673),,,4D41EF50-D226-4A10-8EB4-D54F80F79F28,,Storey-1,True
1TTdcewYHCLOuZn9Sq2Tlr,IfcWall,liftwand_(#335221),,,612B7345-71D0-4B1A-B4CB-3C81E0814FB3,,Storey-1,True
3C1s5mk6DDwf8LyVijNmKa,IfcWall,knieschot_(#325036),,,4E820D28-35D2-4B5A-A493-521624CFC1EA,,Storey-1,True
2sU_NbQSr5qhJNM1CU05UH,IfcWall,zijwang dakk_(#587488),,,D2E1423F-FA34-4A4F-A0C6-67A0AA8B6BEE,,Storey-1,True
0JwKQt9d53DPWNvPH3WQf2,IfcWall,buitenblad_(#352123),,,2D1B203C-2C1A-4FAF-85FE-6B2D810CBF45,,Storey-1,True
2GewgmOv5BDuHyyugLQFq3,IfcWall,buitenblad_(#393170),,,3BBE3E92-0B1C-4DE2-9F82-EAED66F1A9A6,,Storey-1,True
1jFetWOOr1TheGATM0kcLr,IfcWall,HSB-element_(#385480),,,00FFDFEA-55CE-422D-B105-62ADCA1CF617,,Storey-1,True
1b33UyDQP86RJSEXZ2pmzt,IfcWall,HSB-element_(#382736),,,E32AA96A-B6E3-40CE-8F65-73352B2269EE,,Storey-1,True
2cRHAnuOPF0R2b9szL17ra,IfcWall,buitenblad_(#393849),,,421653E4-9755-4CD1-A680-927D44CFDB55,,Storey-1,True
2yHF1PUZj1A8WD1VAeNiiu,IfcWall,buitenblad_(#394666),,,0FA33D97-9097-447A-B4FC-C2EB457FB8A3,,Storey-1,True
01IStZOr14ROgMXPYMVX$s,IfcWall,zijwang dakk_(#465887),,,CC8D2AE4-7028-4193-B95D-3C8B787075BD,,Storey-1,True
1$hI2rGrLA_OVT0eI6CpHq,IfcWall,buitenblad_(#432165),,,F3E6D52B-83C0-4328-9BBB-8898933E07EB,,Storey-1,True
2cpYjRrtv7ggWGJ1eKIfqh,IfcWall,buitenblad_(#399061),,,BC1DCFCC-87C7-4135-B291-6759AEEF81CF,,Storey-1,True
3ijx2kT49BVvFZhWoW37WY,IfcWall,buitenblad_(#353829),,,18AB3D8A-E578-4AB9-B974-AB5E40655E85,,Storey-1,True
2Ip16r4tzALxXGi1BtDPJA,IfcWall,knieschot_(#455663),,,3CA4A856-4BC7-4D11-8A30-B563ADDAB617,,Storey-1,True
395IZrUWHFvBe_ub3Vugcy,IfcWall,buitenblad_(#324716),,,A8D51F20-2642-43A7-BB1D-46A2781322EC,,Storey-1,True
0esKzrSij0lhwYi0xL9t4m,IfcWall,buitenblad_(#372905),,,255C1864-DB74-4738-85F8-850C14D3580D,,Storey-1,True
04BIPn4Vj07PbeokJ$I0NE,IfcWall,buitenblad_(#336169),,,BA10EA97-E668-4AED-8B10-AD7629E3A167,,Storey-1,True
1nYK_SKrPFleOepo0zUd1t,IfcWall,liftwand_(#335426),,,63B5C765-C6D3-4E0E-8A89-ADEF9F0DB8F8,,Storey-1,True
2TI$TPBd9EbeGJPf84MW7e,IfcWall,separatiewand_(#552499),,,263A37C1-C45B-4F21-B797-336AA6F74C7A,,Storey-1,True
1N9eZ1oW9DI80pDJ$Ya6CR,IfcWall,binnenblad_(#344617),,,A9FADA5B-94F0-4693-A54B-4A104330D859,,Storey-1,True
31_nln1kX8tBXoRFmX3WTy,IfcWall,separatiewand_(#551866),,,849FB99C-A88A-41F0-BD33-D1D0DDDEDF48,,Storey-1,True
0$AcAYUPP2$QPnfHcRBtcj,IfcWall,HSB-element_(#383736),,,0DB0F890-7957-4768-8312-33E31CAEBCEA,,Storey-1,True
1vot43PmLCP8CY_O5YVkFs,IfcWall,separatiewand_(#551661),,,8FE6B0A5-B4BA-477F-92A1-DCB1086D7EFA,,Storey-1,True
1UOsFdIxbCfeKietopFMsd,IfcWall,buitenblad_(#431033),,,5482DBBC-4BFC-4104-8D19-F57BE55FFDEE,,Storey-1,True
2wzB9QtGr2Eu6odwcvuSii,IfcWall,buitenblad_(#394405),,,C8BFE114-443C-4D9A-A333-AD756204100B,,Storey-1,True
30R6eyDfbFa8M4yUxI8nGe,IfcWall,separatiewand_(#533625),,,FE5155BE-E954-4A52-A12D-18B36A1C1351,,Storey-1,True
2SI_bzQ1f2FgMu53XW780p,IfcWall,HSB-element_(#359614),,,479DD16E-C2AC-4123-A17A-156EA8F9D602,,Storey-1,True
0UIVzi8kf8MhtMP4oPULPc,IfcWall,buitenblad_(#381928),,,87AD8D65-EDC2-4AAD-8243-AFE6CDB7466A,,Storey-1,True
1Bz3I7okXAHw8puP$lJT0A,IfcWall,binnenblad_(#485458),,,C080EB69-590F-43F3-8331-044FAC12EB33,,Storey-1,True
0diEFMaHf7SwXf4XlCfAXQ,IfcWall,buitenblad_(#393594),,,41DA2230-8CA3-4DBB-94EA-259E515D45C5,,Storey-1,True
2XrX0P4Hf9D9l_3dwkLQEY,IfcWall,buitenblad_(#430395),,,396FE101-53A5-4875-85DE-EBF6CC105773,,Storey-1,True
1ECyv_LgL3fPs4JEOCrBoh,IfcWall,binnenblad_(#413772),,,DF669572-4192-4350-B0A3-2933DBBD32E9,,Storey-1,True
2Y6ETnHMT3BAPh3B2KE7uk,IfcWall,buitenblad_(#351325),,,4BF66238-7233-4485-A7F7-FB2AF78234A7,,Storey-1,True
1T_pevD$HFSPkT7Cw5nDet,IfcWall,knieschot_(#421542),,,AD4CFB7E-490D-4014-95C3-4C3457F0AE8C,,Storey-1,True
3$wJ1ptbv94glApzsnkoDQ,IfcWall,separatiewand_(#547627),,,FECBB72D-9E5D-4A0B-9B74-983960ECC0AA,,Storey-1,True
1xF_6ipYH1l80frykVQhgA,IfcWall,HSB-element_(#358870),,,CAABA8C0-FBC6-4D83-BDDB-6C7724410793,,Storey-1,True
1C67bmEkH3Dxo5WFZaVV$A,IfcWall,binnenblad_(#342564),,,2310DE28-B603-4503-BA84-30F9ADB27BD8,,Storey-1,True
0oGnWwyoHEbgKXCNsMAqpE,IfcWall,zijwang dakk_(#463887),,,CB6CC760-46B2-47E7-91A4-168BE862EA49,,Storey-1,True
3yTN0URKf82Baf1aBhr$Le,IfcWall,buitenblad_(#380030),,,C85810E4-EF06-4756-8AC6-580956568765,,Storey-1,True
1x7gt0i25E6RNFvK$em9sq,IfcWall,buitenblad_(#411804),,,4061E189-EA47-4E37-9567-2B55BC10CC4C,,Storey-1,True
3PvLJ0ODb5nv71rSP2QVl6,IfcWall,buitenblad_(#390878),,,0F998456-FDDF-4063-88F5-A9367B406E0E,,Storey-1,True
0yzQUXhUj8FA9tVZ4YFuNy,IfcWall,buitenblad_(#353612),,,32D03887-40E3-4E83-A2C4-C03BAE971302,,Storey-1,True
3l3cpgOQn1yAKnPPzWu3Dt,IfcWall,HSB-element_(#359875),,,960824A6-335C-400E-997C-2F2BC66F8C34,,Storey-1,True
1e8qLwvmb4Mg1lYRCb5xi4,IfcWall,knieschot_(#370612),,,922D41BE-141F-4566-92F5-8D01ED8D7922,,Storey-1,True
3st7cKBzTCWgljW4IsFWpM,IfcWall,buitenblad_(#401060),,,29E5DDE1-E319-413F-AE7E-A04BEF25E671,,Storey-1,True
07pJqL0VX6bvf_jwM3Uanq,IfcWall,buitenblad_(#439672),,,395A0226-2FC6-4F84-82D2-FE0246725C03,,Storey-1,True
1sb73izbr5JeV71gKX7IKd,IfcWall,separatiewand_(#517641),,,56B07BAA-56A1-4A7D-9BC4-C24D03C4242A,,Storey-1,True
22Sl1Ys15Ak9izFQHt3Xjb,IfcWall,buitenblad_(#408692),,,A946EE0D-46DD-4323-94CA-52D3CD90E0DD,,Storey-1,True
1wvM6dGsLFa9wMo0HG48jA,IfcWall,buitenblad_(#394117),,,DBF32CD1-DB10-4E02-B570-2ACF2F42AF8C,,Storey-1,True
3MaKNca5D9NxozJcHxwAu_,IfcWall,HSB-element_(#381631),,,19449CAE-D213-49C9-B681-987799B172E8,,Storey-1,True
2QRYg3PC10TBxVMbFNE276,IfcWall,buitenblad_(#476277),,,601A2C97-C53D-4826-8797-2AA1FC9354BD,,Storey-1,True
2pvzg_qiLDQxPZNnL$VpwL,IfcWall,buitenblad_(#366521),,,3CFBD108-8650-490B-A0E2-05A6C036E854,,Storey-1,True
1pZaADAbLDyA52TG3wBVJw,IfcWall,buitenblad_(#395095),,,82C0A966-E588-40FC-B6B5-D19251DC5838,,Storey-1,True
1iNmaGUQb5XxAL2MkOY_CS,IfcWall,buitenblad_(#391338),,,053D82AE-77DD-4C78-BAB6-4ED1A72920FD,,Storey-1,True
2YBvbqrbr20h5_M1j2Ngem,IfcWall,buitenblad_(#439456),,,1ED22CD1-5BEA-4627-840D-6DB95E9BF3D1,,Storey-1,True
13z0lujtTASOiWBBvoob6M,IfcWall,buitenblad_(#439012),,,7573D61D-43A6-45D8-AF48-DBE68FF76977,,Storey-1,True
1EY6VmZt19Luaa9bwzTajP,IfcWall,buitenblad_(#367146),,,BAB85EB3-0FCC-4E0B-A965-052DC148E606,,Storey-1,True
0StTONVtj4MuWepP3qrf5k,IfcWall,buitenblad_(#421162),,,D184F47E-214A-43B3-B8D3-AA51FCE322B4,,Storey-1,True
3v70tug0vEOAnFvTfPIezE,IfcWall,binnenblad_(#372053),,,5227731C-7FC3-4B38-B5A3-2E8FF35725AB,,Storey-1,True
2uu7JMK0L2Me5JVcRe3Mxw,IfcWall,liftwand_(#454128),,,3B206183-7A5A-46DC-9419-5E9E65464DC5,,Storey-1,True
3nh7CIcuD4lPilEdIneNOg,IfcWall,buitenblad_(#430822),,,6DA46EEB-63C6-4322-B93D-BB76DB374CD6,,Storey-1,True
3A49M9XoT41xT2ZQVzBDWL,IfcWall,buitenblad_(#352340),,,AD2F2F44-C4A2-4C07-95DB-8326B28CCE85,,Storey-1,True
0QaX_NP3f9OfmnhyRuT_Ks,IfcWall,separatiewand_(#547137),,,F918F22F-DEEC-4AE1-8053-4E4BAC97BC52,,Storey-1,True
2BGt2OAvnFGh9Z6NoPBMDI,IfcWall,HSB-element_(#385214),,,D5C091C4-EC2A-4E66-AA58-D1FE63AF9AE0,,Storey-1,True
0OBGU3H9r9MeeqXzjcg_e9,IfcWall,buitenblad_(#440926),,,C13CC502-6DC0-4EE0-A1C7-AA351F0A14CD,,Storey-1,True
0uIVmTBL577vAW9YErJsAt,IfcWall,HSB-element_(#361239),,,7EF11D6D-B35D-4409-90B2-C0CE5BE46071,,Storey-1,True
1YgM47zif6CuMHnlX3dn9X,IfcWall,separatiewand_(#533830),,,7AB20417-6E86-4610-84CA-9117BD4B3447,,Storey-1,True
2R8R9nG0H5Eg4lCPHavU8z,IfcWall,binnenblad_(#429201),,,FB9A715F-D10C-45A7-8FD9-78BAABB1413F,,Storey-1,True
36GNl7AozF0eXpWvWVAHq2,IfcWall,separatiewand_(#518309),,,6FEA2F9D-9D3D-4299-9892-926EDDE57E92,,Storey-1,True
0w_ZzqJmnFMf_q_OCzrRwH,IfcWall,buitenblad_(#400546),,,9DD56C98-1032-4DED-8BCE-30B652F5811C,,Storey-1,True
15eGh3wdXF29bOL6WA_2wn,IfcWall,buitenblad_(#403211),,,EDCDF585-8230-4676-88A9-6063D60AAD52,,Storey-1,True
1LU$keuuL1dfUlVLOcaeKV,IfcWall,knieschot_(#447386),,,8365C235-6B91-4E04-BE2F-3B977E255C04,,Storey-1,True
1D2LMFeBTD1O8HGDxrb4uu,IfcWall,buitenblad_(#407788),,,24706BB0-9D77-4A1C-8906-D51671038DCA,,Storey-1,True
2w5MZnqM92XuNMytix6kLu,IfcWall,buitenblad_(#363809),,,C659D4AA-8971-4852-BB44-5A4AF22326F6,,Storey-1,True
3$zERKNDD0rA_VlE_NOhFb,IfcWall,buitenblad_(#430606),,,BBD01795-E523-408E-B8DA-F227F043EEC8,,Storey-1,True
1MXa9ip812qfw3nIUgyg_y,IfcWall,binnenblad_(#332429),,,6B5DE720-24FF-42BB-A759-62FD687EB4DE,,Storey-1,True
3fROHsDaD7HfUhvvQOQ7vU,IfcWall,buitenblad_(#433040),,,F610F929-99EA-457E-A245-52B03AC8D0D8,,Storey-1,True
3ywRQ6ixr3hvgtDjaHCRj4,IfcWall,buitenblad_(#345024),,,AAB5D650-37CB-4D77-8399-98BC295BA976,,Storey-1,True
3gaK_nAdLFSBoj7jgT3$_h,IfcWall,buitenblad_(#354708),,,6ED2088C-45D3-4760-965B-678308B1F96D,,Storey-1,True
0_Kdz$80jBWeLR$argk68k,IfcWall,binnenblad_(#337664),,,25BA356F-DE84-4443-9F9A-E11B91F5A359,,Storey-1,True
2YlUgkZYT2ohCPXAa2JYZ8,IfcWall,separatiewand_(#579279),,,BC167B47-354F-4947-93C8-6E26B2A4D9CA,,Storey-1,True
39T2PMczHEShUCZFMQCKI0,IfcWall,buitenblad_(#414782),,,021C8F8D-93A0-43C2-8387-94864699FC18,,Storey-1,True
3vfq_dNPz2PhF_xyOt50tU,IfcWall,buitenblad_(#408953),,,0B191FC8-73DD-43DC-9EBF-1DCFE02BE91D,,Storey-1,True
1jJj0w4zD7_gSEScB3ghVA,IfcWall,zijwang dakk_(#463447),,,7304F3FE-F7EA-4481-A96C-AEF3515187DE,,Storey-1,True
3ExMtTdDzFDgE9eIPl$xYv,IfcWall,buitenblad_(#431682),,,B4038170-3ED3-4398-9FCB-5CF57E81FB16,,Storey-1,True
21tNqV4E12ie6TlaOe0z26,IfcWall,buitenblad_(#384681),,,3EB2C9CB-FF3D-46F2-8D66-58C70114ABF7,,Storey-1,True
0MrT8FdBnANveYjR_f$Z_v,IfcWall,HSB-element_(#385824),,,FA1FD817-96C7-4301-9BCE-7BABB9579195,,Storey-1,True
1tsE$LFTH0ARkv7_Lpj9hr,IfcWall,separatiewand_(#546865),,,3786E05F-AAA6-4D2B-8219-C05949329368,,Storey-1,True
1rkR56eY13FPTTYa4_tBHj,IfcWall,buitenblad_(#364490),,,0C820B24-0741-412A-A7CC-491E15A55701,,Storey-1,True
3mgVJLEanCfgmjO$pluCjd,IfcWall,buitenblad_(#439232),,,026D5A3A-DB40-44D6-95E9-7A9DB58BC9E5,,Storey-1,True
0HHY7v$a52bgyojLjVV_jF,IfcWall,separatiewand_(#582514),,,BE64D016-7388-40D2-86DA-58B03A123900,,Storey-1,True
2je0Pq0hv8zv4f7rHg6dYb,IfcWall,buitenblad_(#397445),,,98D376B5-6128-4572-A6AC-729F8891358C,,Storey-1,True
2QaXazz291og35Rlkykw$t,IfcWall,buitenblad_(#366742),,,BC4349AE-D761-4D4C-B061-177730AB8427,,Storey-1,True
1BHzCMtjjBC8asZ9T0VrsS,IfcWall,buitenblad_(#364057),,,A8C5EC23-8B1B-4709-89BA-5CA32F01695F,,Storey-1,True
3zs1rF7wj5A9QSEQUJWdk3,IfcWall,buitenblad_(#391090),,,08BCCF3D-29C0-4BF0-8442-CEEB20DFB3A5,,Storey-1,True
0FFGCLfbPBP9XKoLUfh8E9,IfcWall,knieschot_(#455976),,,6AEC086F-124D-40F9-A7E2-3C7819BAC83A,,Storey-1,True
09ryfO4QvCLRE9pcIkAqtW,IfcWall,buitenblad_(#433404),,,A6F8A3C5-E9E7-4F05-AA64-6232929329BE,,Storey-1,True
1CY8elv99B2QbCVOMWRZ8N,IfcWall,separatiewand_(#582304),,,278A1771-D017-4677-979B-198539442155,,Storey-1,True
0G6jFDTXj1wOBP0F9H9SED,IfcWall,buitenblad_(#393382),,,4EFAFBBB-B569-443F-ABCC-29891B329D39,,Storey-1,True
04Z2ugpOL0gwQY5QNaQRiO,IfcWall,HSB-element_(#360896),,,2639AC77-DE15-49B0-A426-5C5EB816C4AC,,Storey-1,True
1jOVIj7rT1oArg8YF30mMx,IfcWall,dakisolatie_(#453565),,,DCC8084C-7613-4955-8626-988ED458DEF8,,Storey-1,True
1f9ryZDbLAQhztXywuJjTY,IfcWall,HSB-element_(#360145),,,B50FC7F0-D16F-49F4-BEA2-C499D1F459AA,,Storey-1,True
3VPWj0tZv1CwA4FaapRHk8,IfcWall,buitenblad_(#418490),,,C3A0A7C7-78C4-43B3-9421-1E59DEDDC34E,,Storey-1,True
0PjwLczO98n8jd9oU7MTWC,IfcWall,binnenblad_(#333044),,,A7A3D222-B59E-4611-A4D9-824F9EDC4742,,Storey-1,True
3el8tDToH5svKQZisGkf92,IfcWall,buitenblad_(#414999),,,C2388949-B016-477A-B547-609491A5A31E,,Storey-1,True
3WvJnzFC56UBeQRxNaDkd_,IfcWall,separatiewand_(#582791),,,20CA3555-32BF-4D4B-9CA3-DB072398B36A,,Storey-1,True
3RPys0HZX3o9z6OQ_cB7V2,IfcWall,knieschot_(#419259),,,97506545-23DC-4E0F-B02D-BF89E969301A,,Storey-1,True
1lMrzi1vbFyRmg6D1j8307,IfcWall,binnenblad_(#337884),,,6FF32B30-3F05-45F4-A15D-3D9DEF932B8D,,Storey-1,True
2FTA5Q1uv1oukU2ghA7MZ6,IfcWall,separatiewand_(#577370),,,440DFC11-286F-46F8-94F8-FC8C5572E1C5,,Storey-1,True
3rqIt9iFj5JRQ7G0NCVg_m,IfcWall,buitenblad_(#365146),,,650997E1-34B3-4CE5-BE0D-E4EC60FF9A32,,Storey-1,True
1$w3MIah1C$AOoap8FZzZv,IfcWall,buitenblad_(#365363),,,92EA4369-1EDE-49B5-AFF4-44191A85CFE5,,Storey-1,True
08NZbjMiv5Cvdp1jxMGvEM,IfcWall,buitenblad_(#384274),,,A649A9EC-E7A4-40A3-8683-2D435D3EA60A,,Storey-1,True
1lwimHBy5Akg4TAfP8GO7s,IfcWall,zijwang dakk_(#455332),,,C297A7F9-85D3-4C40-950B-7F14702FAB76,,Storey-1,True
052dUpMfPD09pzHEkKEfal,IfcWall,buitenblad_(#394883),,,73B6923E-6B13-4CB8-B067-5EDCD46FEBF9,,Storey-1,True
01SeNahTz68PhRseYTy_SX,IfcWall,buitenblad_(#438801),,,F9D317F6-D9FD-4321-9C24-ED58DBBEEB1A,,Storey-1,True
1p4gvUL959Yv3fXRRzXoxO,IfcWall,binnenblad_(#342317),,,06648585-A1B8-4768-8356-D3B4439BEEAF,,Storey-1,True
1n2Zaq$mr8eRtRsO2P_09$,IfcWall,buitenblad_(#417775),,,2BEEDC09-28AA-4117-8CDE-2EDABA2806F1,,Storey-1,True
2sM0L0tOr14BlQdZu1IWeD,IfcWall,buitenblad_(#476493),,,E8CCBBCD-10F5-467A-9970-A7A2418786B9,,Storey-1,True
2qy6bnjn5FLRNXlTqRgJVC,IfcWall,buitenblad_(#354489),,,F492315C-E982-41B8-862B-D558A88999AF,,Storey-1,True
0mKueP5avF28edagwpRAA_,IfcWall,separatiewand_(#533420),,,171BBBCC-A272-49C1-9DDE-E171DA9C614B,,Storey-1,True
1Djrw09F13cQKRU8ISI2kC,IfcWall,buitenblad_(#401279),,,485E61C4-C04F-4B37-9CBA-2263FEEB05E1,,Storey-1,True
1RgQmb7jvAARVMAAOA_kBa,IfcWall,buitenblad_(#400834),,,C8817CAC-44DD-48FD-99AC-1DABF7930804,,Storey-1,True
3M1J2_Htb9tgKTb$ge49Mq,IfcWall,HSB-element_(#360489),,,C1BDF60E-659A-4362-9494-A80E1465B2EA,,Storey-1,True
22$b3fAM51UhuHQqf76lxy,IfcWall,separatiewand_(#522202),,,F18BDD13-AF1A-4BB9-86C9-12DBECE3DA0B,,Storey-1,True
03yEjYRQTD9xbuMEJQLOAc,IfcWall,buitenblad_(#325533),,,E2823397-4BAE-4299-BB66-784D98571D33,,Storey-1,True
1JrRwbsIr3QfE81yLFV4sQ,IfcWall,zijwang dakk_(#458262),,,640AFA9B-BDD8-45FF-9F37-3857C2A1F58D,,Storey-1,True
1jIDtfXv5AzhLNo4RRXfnm,IfcWall,HSB-element_(#358525),,,AA8FE104-7E1B-4AF5-BE23-BE2F6AE77A8B,,Storey-1,True
3FzeO9yGf8A9FLBPDcYq3_,IfcWall,buitenblad_(#390470),,,A083E08E-1A0D-4185-9663-021074522424,,Storey-1,True
0R7OifwJHB0PDoY08868H6,IfcWall,separatiewand_(#589953),,,DE132D8C-0731-4ED3-A98B-8083C2353194,,Storey-1,True
30uYnUWw96UgaLTFZhVO9d,IfcWall,buitenblad_(#476061),,,61067F3B-1782-45B8-B9EC-C0F2EF5E7347,,Storey-1,True
0dhENjX2zCGh9SRNMZatoI,IfcWall,HSB-element_(#359269),,,5EE9666F-F8FA-4576-8770-16FA9F7F089F,,Storey-1,True
1JMhCfhCH6tAp5AycdPv90,IfcWall,binnenblad_(#454374),,,D911B4AF-7BC0-4622-B37D-FD6BF999679B,,Storey-1,True
0kYSHGeDT2Qx7vvOrSnNqC,IfcWall,buitenblad_(#368200),,,E4B2CEE1-C11A-449F-AD48-D7E1305FA256,,Storey-1,True
3Abfu4cxb8me5idsmMiuQW,IfcWall,buitenblad_(#354049),,,02B6C2BC-AE05-4928-AE8F-4060390C1DDF,,Storey-1,True
3iUHJHQ9zF8gILnAjHa3c9,IfcWall,buitenblad_(#110310),,,6D224869-8C60-4F31-ABF3-71D04A107394,,Storey-1,True
1SaukUG7b2JfOoMpg0fQVf,IfcWall,buitenblad_(#58114),,,7E2D189B-A3FA-4D84-BAE9-476B53C9EDA3,,Storey-1,True
0RqSaiGRb23h6XBScX8$Kk,IfcWall,separatiewand_(#220380),,,3A2A465B-A293-4FB5-A52D-E4020C2B55C4,,Storey-1,True
0sF1FH13n3LQlSifZTj$AH,IfcWall,buitenblad_(#147548),,,CCC07DA6-2EA8-4431-AA5D-7D606B34F08B,,Storey-1,True
1vbuGXLSP4wBUk1eHvqgnB,IfcWall,metalstudwand_(#79982),,,51BA0E15-774B-4331-B0EB-7D873DF852AE,,Storey-1,True
28hE_GME90gOeiOpncYgBl,IfcWall,buitenblad_(#101093),,,D0BC027D-03BD-4D5A-BB2E-79E8CF8E7E76,,Storey-1,True
3B_JtEaIP61vhDS6S61at7,IfcWall,HSB-element_(#89436),,,136E94F1-9694-4FA9-A343-3380620DDB09,,Storey-1,True
1AS5IWZnP6q8vLG4XSO3k9,IfcWall,buitenblad_(#151504),,,C3B1B797-78F2-429E-9FCC-E37BDF2A75E3,,Storey-1,True
0Q11ZpILnD1Aa9jRVMcuKg,IfcWall,buitenblad_(#166773),,,272BB429-2991-41D8-822F-FF2D6A767C44,,Storey-1,True
0nrGDtpSjErR5HQWktOidD,IfcWall,buitenblad_(#60266),,,575ECEB4-5AA2-45B6-A652-36154CE24D8C,,Storey-1,True
3Uwb5BtsX29B5MdnRXMSbb,IfcWall,separatiewand_(#241366),,,4FD2290E-7198-4FE2-B79F-E798B31A6F7E,,Storey-1,True
0838XCL_58NBTo3HgLCu4x,IfcWall,buitenblad_(#100834),,,9E0C55F5-E3CA-419A-9985-D8A80D718841,,Storey-1,True
3iuRGlREP4qf3nDswKsWw_,IfcWall,separatiewand_(#249483),,,E9E1F6E5-121B-4EBE-B379-AF5624C9DDF7,,Storey-1,True
2UGbrtE819$RpVxRBStSXy,IfcWall,buitenblad_(#70149),,,743A6FBB-4C5A-43F2-87E6-D8C700D631DF,,Storey-1,True
3mxmp$OGL5oBnRrAF_J3Sy,IfcWall,buitenblad_(#84224),,,77C8A652-6533-47C9-9D0B-50C7065FDFE7,,Storey-1,True
1VLeDOXir17fefwM3tkbrl,IfcWall,separatiewand_(#299403),,,042982DB-23A5-4DF4-83B2-C5E9D1FFC867,,Storey-1,True
3U9OcXRwP2AQ7Ad7iCJ3tN,IfcWall,buitenblad_(#176907),,,A0E93772-3B0C-46C2-AE86-4128B1905565,,Storey-1,True
3VH5ewJd99YfGV2kN70uQC,IfcWall,buitenblad_(#101499),,,3CD311C8-0F0C-4594-8BDC-2FA6DA29089F,,Storey-1,True
0eA$$I6uvA18h6OuHeQjac,IfcWall,liftwand_(#29660),,,9C7BEFC7-0125-499D-906C-7F3A72F24A7C,,Storey-1,True
1AoJ3T7OTBER2JzYuTjuP_,IfcWall,buitenblad_(#68122),,,A66884B6-703A-41BA-A868-5534650B7745,,Storey-1,True
2kYHgvyszBMfe1Xhb7WnWC,IfcWall,HSB-element_(#130364),,,3EBC2395-C32B-4F0F-98A5-B17E56856047,,Storey-1,True
3sDUiUZg54Yh$cnk3AYEx8,IfcWall,HSB-element_(#89870),,,EC1A2F55-6518-4A8D-8843-CCE5495CE2A2,,Storey-1,True
1t0aT3UZv68ht_dspGMAcB,IfcWall,binnenblad_(#31474),,,986507ED-57A3-4F03-A7F1-5FCE9179EBDD,,Storey-1,True
0adT30PHv4i8taKC6as7nH,IfcWall,buitenblad_(#97183),,,E73FF2A1-34D3-424E-95D6-12337841C1E8,,Storey-1,True
08XtAm3$vDWgi_7y6ulIPC,IfcWall,buitenblad_(#57894),,,BE733983-60FF-430A-9252-C30EB713E1DE,,Storey-1,True
3I6WFLMoH4BQnVbrxp8YFH,IfcWall,buitenblad_(#119665),,,F2D25CDA-C1DF-43A7-8AC9-703DD8BDF8C8,,Storey-1,True
0$Z8oc2Rz1GxvVS7VYyyqq,IfcWall,separatiewand_(#222110),,,A2047CC3-8405-4CE8-A68B-2E4CFE669E16,,Storey-1,True
1hNaKtcxj9wxmiikXXSM_e,IfcWall,buitenblad_(#57417),,,37F14BBC-6518-4FBB-9ADB-CE3CFB01B169,,Storey-1,True
3yGZbfdoP2quCYqGG9S0JZ,IfcWall,separatiewand_(#248057),,,0153702A-B5ED-40E9-AB03-C295FED9328F,,Storey-1,True
2SBJuBgCn4AQqFCEQV71Uc,IfcWall,buitenblad_(#60485),,,A26E000F-6E64-4518-82F9-300C41E26FD3,,Storey-1,True
3V7wCvGQb5Hv_dWX9Cx9I9,IfcWall,buitenblad_(#91043),,,2097B4F0-107F-4C73-B667-21210E4CBF5F,,Storey-1,True
2qAJRLSDH1mRzHry$41TLy,IfcWall,buitenblad_(#107584),,,F7CF9829-6A62-4366-815B-4AFF8A230CB1,,Storey-1,True
1dnNXQmA1AUfnohL10MnTR,IfcWall,buitenblad_(#60708),,,BCC1E764-F2F1-4227-AB73-24785CD2FBA5,,Storey-1,True
1FKZU$I3z6mgK33edG0XgU,IfcWall,buitenblad_(#59391),,,6B2EDF53-6BED-4459-AB05-FE766CCC14F8,,Storey-1,True
31W5MRhZ17dPM0aQiieHiF,IfcWall,HSB-element_(#107335),,,C29E684A-DC75-41A2-89B5-9385737C4F24,,Storey-1,True
1GCTie0n53gxkfA0nycqLg,IfcWall,buitenblad_(#292079),,,F1F78065-301B-4960-A711-9306AA50025E,,Storey-1,True
03hw6sI0T5WAAyPeFWiKeJ,IfcWall,buitenblad_(#166344),,,0A151190-B472-453D-A8F9-F59A26F54927,,Storey-1,True
2vGz$FwdvA5wqaZTt8o43Y,IfcWall,buitenblad_(#176250),,,D9C8A4F8-7616-4FFF-80C6-B854FA123164,,Storey-1,True
3acIgTTGT709YBbxCqZCHf,IfcWall,buitenblad_(#107801),,,92523899-CB02-405C-B2E0-675356DA4955,,Storey-1,True
0N1xD5a2XEHR$r6vNKL4JX,IfcWall,buitenblad_(#150221),,,2D07ED7D-CE15-495D-B40F-AB9F575D1B47,,Storey-1,True
0ugHUDn7PAvujie7rFvm2z,IfcWall,buitenblad_(#92933),,,8BC5D5AA-EF0C-4C33-9F7B-5DA3317A15C0,,Storey-1,True
0ji6u6o8f27AeatVQYnTEJ,IfcWall,buitenblad_(#175379),,,42C43D68-F7C1-4A2E-9EBA-985F296A7E7A,,Storey-1,True
3iiX_lGDf3bgdMyj8QyhkI,IfcWall,buitenblad_(#111258),,,66EA776E-21C2-463C-859F-D55FC7659965,,Storey-1,True
0uT0bd8cLD2xCQ17w8tRgN,IfcWall,buitenblad_(#56879),,,95A7B0F0-0A00-4D00-B319-570F49EB9B4A,,Storey-1,True
1Vd7lIQuD0IvTtiESc5HnX,IfcWall,buitenblad_(#122307),,,3C4394CB-A3F2-4AD5-87C8-B68036580C9F,,Storey-1,True
0tjgsgjnj1$gtyZETVKyQ$,IfcWall,buitenblad_(#75110),,,1A4017A3-1664-4267-9259-B6BBFE715DC1,,Storey-1,True
2wStaLW$X0ggOxWmx1BXDs,IfcWall,binnenblad_(#31950),,,B0D534FA-F774-41BD-B81F-71390E1031A7,,Storey-1,True
3rauAPp7j8Nw6oa94yi1gA,IfcWall,separatiewand_(#259111),,,8F4DB83B-2D33-4964-A8AE-F99F8DCC7E0D,,Storey-1,True
32fESqOsPDwQr2cWHWmaGH,IfcWall,buitenblad_(#115230),,,5445BE44-8322-4280-82A5-0C07995E6288,,Storey-1,True
0fnlBS4WT5YObpwRlc47kt,IfcWall,buitenblad_(#67874),,,FE3D7890-FD8D-4117-9F50-FA0DE104DD64,,Storey-1,True
3QYLuI0_D4ghCSXdkMZO_a,IfcWall,buitenblad_(#71824),,,962B4B37-5310-46DA-8273-155AAECA293E,,Storey-1,True
1SWI$ktEn3vemlN$Vwv$pm,IfcWall,buitenblad_(#96501),,,5FFF501C-FE62-48CD-9541-D72464B20E56,,Storey-1,True
021xjbImv84AygesbUu2eu,IfcWall,buitenblad_(#68378),,,EB1FFD07-1D15-47F0-9B25-1AD9F439091E,,Storey-1,True
1ZOJLfb2PDrB3IeR5M_8hV,IfcWall,separatiewand_(#252487),,,87E39C04-C1FB-493E-B090-11083FC652F5,,Storey-1,True
3QRSFTS7r9xxL90rDUu7c0,IfcWall,buitenblad_(#82941),,,043BDD45-C824-445E-A8F5-FCCD6154B4BE,,Storey-1,True
10Jrzi_Zj4dQj$i8Fnsa8O,IfcWall,buitenblad_(#79606),,,ABFE1C05-FABB-422D-9ABE-C26C25A8C761,,Storey-1,True
0Vro5DfuD1uub36PL13XHw,IfcWall,buitenblad_(#191035),,,107BF1A1-0896-4C1A-A5E5-83D156830B04,,Storey-1,True
2vgBJIXs91bfrWS8iYLoGq,IfcWall,buitenblad_(#110530),,,C3CF2CD3-1571-4257-A90C-DEA3C88BF29D,,Storey-1,True
3qF8_gYkPEHO9EFami0n5A,IfcWall,buitenblad_(#167429),,,031E8127-B89A-42C0-A15C-282216E3E8A4,,Storey-1,True
2vlwZ4xpT6VgQFk3ZQ2Hs3,IfcWall,buitenblad_(#84921),,,65C30BEA-D896-4E4D-863E-C656CCB1F7E9,,Storey-1,True
11xL$wE6jFYhflLbEGr4p5,IfcWall,buitenblad_(#114353),,,A2EEBF45-D2B4-41B0-9BBC-96547F7978E8,,Storey-1,True
1iVV3zLNT1lutCRZZNGVVr,IfcWall,buitenblad_(#161985),,,BFB732F6-A743-49C3-A42C-6815925BC314,,Storey-1,True
0Of_tLnnDDDBztwYUiQu5W,IfcWall,binnenblad_(#115486),,,EE169A02-4141-472B-9F1C-3ACC21CD6EF9,,Storey-1,True
0$iNwbByT5Ku3CV0b4a0eM,IfcWall,buitenblad_(#109935),,,1B8E267F-27DC-4C46-A041-7B1B7DC82A96,,Storey-1,True
1b4hHvNSv0zxwVYk1kt96t,IfcWall,buitenblad_(#192712),,,3EFDF944-7AA8-41EC-B2C1-E883029AD095,,Storey-1,True
0pvJHe_1TF3uamv39zsAi4,IfcWall,buitenblad_(#181103),,,65A9EA4D-989C-40A8-9463-645915953031,,Storey-1,True
1EV9zTsaL0yxlb3DEB$hy_,IfcWall,buitenblad_(#118465),,,42AE2DFE-04D2-462F-9B3F-3F7D94D07776,,Storey-1,True
2tugTGOAL0wf$FJMu9gThe,IfcWall,HSB-element_(#90643),,,9C1BF6E5-2408-46DF-9F08-1B923A5BD242,,Storey-1,True
3BumRr7MzCXwoh_v9NTKQr,IfcWall,HSB-element_(#55074),,,91A38000-DD5E-4FBD-96BB-8B1650EC82A1,,Storey-1,True
29Q6H0KdP8uf6ThO9NTUjx,IfcWall,buitenblad_(#191251),,,E902475C-E8A8-45C4-8C99-188C6671EC17,,Storey-1,True
0RzDkqdV1AgR4L2pPBsjry,IfcWall,binnenblad_(#145584),,,71D77992-3A08-4C4C-BBC2-FABA3FC18363,,Storey-1,True
090AJIP5v5lfwCtTvD43M7,IfcWall,buitenblad_(#69932),,,27FB23CB-6414-4FE5-A945-3E4A2EB00F3A,,Storey-1,True
3Mjyz7y4bF_QgyiKwuh_P4,IfcWall,buitenblad_(#111731),,,7B1D6986-C707-4797-AE6A-9B442132EE7D,,Storey-1,True
25463Pd5508PNhGLFOORUC,IfcWall,buitenblad_(#61918),,,908FB60D-B976-4689-9C7C-F84757B5697A,,Storey-1,True
1_ya2nowT3vOnK17WW90s$,IfcWall,HSB-element_(#55386),,,03F8C7CB-4871-4AB4-8185-2419F2F8E2FE,,Storey-1,True
1eS5t2nsD9JOt343g1WDC1,IfcWall,buitenblad_(#61132),,,E178E681-4397-43B4-AF97-96D161FC6162,,Storey-1,True
3izThBAdvEGQvL$H6tXp$t,IfcWall,buitenblad_(#176025),,,729B98DE-9D7F-4BD1-9B13-DA7D753F1066,,Storey-1,True
1xxcOP5FX4AwLNM_G$IU9y,IfcWall,separatiewand_(#293852),,,2EBD090A-2560-419B-A25F-E93246CE04A8,,Storey-1,True
2ieBbuN017VA87BI5wrs06,IfcWall,separatiewand_(#228854),,,8CA38EED-088A-41B6-8936-5E5A9A9D8EE5,,Storey-1,True
0mD_EVF2jDRgVe5$GfJFVf,IfcWall,buitenblad_(#84448),,,CF052724-CEAE-4F3D-BB9E-B3DA6F95EA6D,,Storey-1,True
276uAwNc1Bgx397zPc9BmN,IfcWall,buitenblad_(#184794),,,CF2355AE-6D18-4478-AB12-414E8BB44672,,Storey-1,True
0oyrKL_jDA_8iX_TxeeCnF,IfcWall,buitenblad_(#85739),,,83837A26-4538-4498-BFE0-24D0EF20943D,,Storey-1,True
32l4cTkjD4_v4C70M0cRme,IfcWall,HSB-element_(#56010),,,CA6AFCD0-5EDF-458F-B734-452E49DEDA27,,Storey-1,True
3loeE7QNXFlfq5K0hK2y8b,IfcWall,buitenblad_(#192496),,,021B5004-570B-4717-B18E-5DD4C781D48B,,Storey-1,True
2AxUfGkSTE2R2C0UHV$eAY,IfcWall,buitenblad_(#181949),,,6CD9505C-6E47-4988-B362-B1DA1C09DF08,,Storey-1,True
1Nelmnc7f7KRKQrhSlE5_h,IfcWall,metalstudwand_(#122748),,,FE6BE0F7-A496-4B02-A408-88645A825C5E,,Storey-1,True
04fhfSt4T1qRfl8q3iTuNI,IfcWall,buitenblad_(#58585),,,6B64B0C5-D4ED-4B06-855D-C575DB25DEF1,,Storey-1,True
1Roz_vSfz9uupNSSNZNAdc,IfcWall,HSB-element_(#94801),,,9935241F-8019-445E-BEC5-799900A6AF47,,Storey-1,True
11nqBmMDX9nv7wKUZKJ$KD,IfcWall,separatiewand_(#235495),,,A9C00C23-BBFE-41B7-9223-EC42CDAFE00A,,Storey-1,True
046Orv8Pz6$RfrlErYQV4a,IfcWall,separatiewand_(#220162),,,72D64475-44F0-4DF3-811C-E1CC5820A6DA,,Storey-1,True
2zhjAvHdLDuANGLssa84MG,IfcWall,separatiewand_(#306300),,,FB27C98A-8F78-4531-AE4D-022B305FE60D,,Storey-1,True
3e5TClO0PBvx7PccmbCOiS,IfcWall,buitenblad_(#192279),,,7FE57CBB-FAA0-4FB2-98B7-C25885061EDF,,Storey-1,True
1Gj7Ks1c5BgABcHURwsPGS,IfcWall,separatiewand_(#244406),,,D7332C3F-451B-40D8-830F-3A4A691EB02C,,Storey-1,True
0wFd4rGCz1gPUyibBo$SoK,IfcWall,separatiewand_(#302621),,,C19A792B-5A25-4956-8AF2-0B5D9A8700A5,,Storey-1,True
3QZISXoHr9$hvsg2xLOEUM,IfcWall,buitenblad_(#92440),,,329ED58C-B9E5-4F89-99BB-6EB5F6CDFE8F,,Storey-1,True
0ma4kDnDzAWua1U0OKMVnO,IfcWall,buitenblad_(#151066),,,4A342B7F-7177-4AAC-BC57-FD75E2D21404,,Storey-1,True
1UDfO$bCn5sg2tKU1yLDyO,IfcWall,buitenblad_(#112204),,,5BE664A1-E45D-45D0-ACF2-28B7AF400CF1,,Storey-1,True
2ktHPTS5PFkQ$dRDMhc6n8,IfcWall,separatiewand_(#220772),,,929E7DD2-000C-40D7-B076-7FDA1260FA9D,,Storey-1,True
31uawuebbF1R4QdHOxz1lK,IfcWall,buitenblad_(#153826),,,56AF94F1-22C9-469C-A77F-570D45DCFE47,,Storey-1,True
0n3uFweoDDvekPpYzTttt4,IfcWall,binnenwand_(#44016),,,7C48E746-13B2-4966-9684-D6C1FC949504,,Storey-1,True
2fSYawgL58TBjq77DdgW2z,IfcWall,buitenblad_(#59123),,,96DE589C-A7BA-4885-9E35-66CEEDDF99DF,,Storey-1,True
0IjoC$YGr1owBTbEC6Dd02,IfcWall,buitenblad_(#147760),,,92AA8EC6-CB17-4AC2-9AF2-E1161C7AA21F,,Storey-1,True
3ljU7IVhT5mAbVh6e8_dn1,IfcWall,HSB-element_(#55698),,,A6C186A0-1E36-4732-9694-0000567FB9F4,,Storey-1,True
2_737O1cjAuOjeEexuNQ9v,IfcWall,buitenblad_(#147972),,,78C1DD27-0F4B-4B17-BC44-EEF65C5B2C2F,,Storey-1,True
1_ZsbXqpL7KvThcKETnS0E,IfcWall,buitenblad_(#105755),,,31CEAF5A-B3D9-4979-8EF0-882DC22775DB,,Storey-1,True
3SYyft5FP4aQqaa2OTeQ8s,IfcWall,HSB-element_(#104198),,,8E57B2AD-CC9E-43A3-84D3-33981F7D6DEA,,Storey-1,True
1FlIsn2Nv5Yum77LTm8DHd,IfcWall,buitenblad_(#167210),,,E8D9C1F6-F8B1-4C0A-BE12-8308AE753674,,Storey-1,True
08xSNTVEH29fpKd3DE2RFb,IfcWall,buitenblad_(#93145),,,68EF57B7-FEED-4CBC-89FE-9B45B2255681,,Storey-1,True
1cq0MTrRf5VPp9MFpxkv4h,IfcWall,buitenblad_(#193114),,,76FB53FE-078C-43E9-89EE-C10EF3329B17,,Storey-1,True
0pd6Cfl2nAZRZ2ploevLOa,IfcWall,buitenblad_(#117964),,,04552BEE-AF99-412F-9C3E-BF659EBB4A80,,Storey-1,True
0iE1Eqgmn9E8stK3zRCp01,IfcWall,buitenblad_(#98885),,,A19E76E5-8BEB-43EC-8A22-C08C958D785B,,Storey-1,True
07fOtSaj11QPFmisggihNq,IfcWall,buitenblad_(#150438),,,01119E8D-7945-4579-AC15-AB9F8037FDC9,,Storey-1,True
22z$XNREX7bQ1ULjUXW42c,IfcWall,buitenblad_(#109675),,,7AB0F59B-E8A0-44A1-871A-18224DD80397,,Storey-1,True
2TVnWtUYDAwf9RnfQo$DCJ,IfcWall,buitenblad_(#91795),,,8D9C75C8-0317-46EF-98D5-BF9EAF0C2F6D,,Storey-1,True
31psyY2YT12PZAzQa$w3EK,IfcWall,separatiewand_(#221829),,,5227AF25-9EEA-4BA5-AA7C-066BCCE03042,,Storey-1,True
0vlqD5_HT1EAAlAlWZ4gHw,IfcWall,buitenblad_(#176687),,,62338FE8-3FAA-4F1C-B548-0440146619A4,,Storey-1,True
2vv5tTSN1DSwooVhwaarl8,IfcWall,binnenblad_(#28080),,,7092A968-9D95-4409-B2AB-A43869354886,,Storey-1,True
39kBqwt4v2zvea7oGp2oEZ,IfcWall,separatiewand_(#263337),,,D22F239E-3D7F-42FE-8C37-7198A2D32A7C,,Storey-1,True
1NRU6D55P2sAaswW0dc$RN,IfcWall,buitenblad_(#63963),,,822CC423-7910-4083-853D-6B26A573AAFA,,Storey-1,True
26Nn2i4Uz1ou9Cm2_O6idc,IfcWall,buitenblad_(#190778),,,256E3F6A-97D3-444B-8304-ABB5E21FB6AB,,Storey-1,True
2odBn8x_50KBVd5gLDYab8,IfcWall,separatiewand_(#216980),,,558D9786-EC05-49E9-88CB-5F58C59E90BD,,Storey-1,True
3aJ2w1jHL6_QqBYg6Tn9f1,IfcWall,buitenblad_(#106608),,,DD184B29-2ED3-4562-8B9E-94018AB1F086,,Storey-1,True
1FLrjIoVr7CPVfHWcI10j$,IfcWall,buitenblad_(#57677),,,EB437623-AC18-4516-B08E-84027E2CA8C8,,Storey-1,True
2c_YmX2a5Aq91B6H13rWOS,IfcWall,buitenblad_(#60047),,,DE223A52-9903-4B58-8583-180D750ADAD5,,Storey-1,True
0sQmzo7enCLfXHIypfh$1a,IfcWall,buitenblad_(#67469),,,CD8B7373-D0D8-49D6-B7F1-39FDB3F866DA,,Storey-1,True
2g0mfB_yfACAJ3ELkcyOeP,IfcWall,buitenblad_(#67072),,,D3A0DEF8-7E38-421C-8EA3-0CEFF4DE2451,,Storey-1,True
2yp$KWHkj6hhHf$RYAg_ly,IfcWall,binnenblad_(#288951),,,679AFF94-3AAE-4BF6-A09F-03CE8D744126,,Storey-1,True
3odIHAP2f2UOiuFMkf$itN,IfcWall,liftwand_(#29455),,,0EB184E0-6BA6-486D-906C-11FCB2DF7701,,Storey-1,True
0GUNGMgEP6ueMi4r2GDaq$,IfcWall,buitenblad_(#161773),,,9890E399-F6C2-4561-93F3-2590686615A5,,Storey-1,True
1b4ADoh3z58xNjkyvkCob2,IfcWall,buitenblad_(#175596),,,C1439A1B-31CC-46AD-BF49-96074B60273B,,Storey-1,True
25alHEpV9Fy9FgIS3aNU3B,IfcWall,buitenblad_(#82657),,,9151C8FE-5D77-411E-9BE8-035AB21B9D21,,Storey-1,True
2O4x6FBVTBfvu4o3DSSwhd,IfcWall,buitenblad_(#114574),,,86137D6A-EC62-418D-A067-F09B37B337E8,,Storey-1,True
3YWRD74YrD1vLAqzcHD7cn,IfcWall,buitenblad_(#152373),,,A2AC7A92-8A48-4483-8BD2-F878C39E466C,,Storey-1,True
36ftD7V2n6Y8eJP$lgdMSP,IfcWall,HSB-element_(#78870),,,AB77C8B3-421A-48F7-A5A7-2EA8E59FCBB2,,Storey-1,True
0xXnGVWPb3yf7_kBd9o44e,IfcWall,binnenblad_(#32565),,,D1B78677-F0C6-4EC3-8247-E0E6E9C4D3E3,,Storey-1,True
0ahGt2HSjEIewzk7ZwwmgQ,IfcWall,HSB-element_(#125316),,,81973F72-8B2C-4976-8AAB-95802BC88085,,Storey-1,True
2l0iiHz$PAOv2nW0ZHJ92l,IfcWall,buitenblad_(#69311),,,EBC754F2-FBE4-41DE-B016-19397B5006B5,,Storey-1,True
0Wl4SXrZ16Zh1CMzZL5qR0,IfcWall,binnenblad_(#158241),,,3FC7097E-4FBF-4C90-A5A2-F9D0318CC9D1,,Storey-1,True
2543dQ0Tz9YPJVNxuATx3K,IfcWall,HSB-element_(#106395),,,02855500-18D7-45E8-896C-8508E4A36720,,Storey-1,True
1FVFCYeIn3WwD4TI6kEyRA,IfcWall,buitenblad_(#181515),,,732CD140-A5EA-4445-86A0-8BE3EECA24DD,,Storey-1,True
1Zi2Qw2ov0mAVaTuxbQ8NG,IfcWall,buitenblad_(#87022),,,FD8BB211-E436-4BF0-A639-B529E7E7E8DB,,Storey-1,True
25bdnNS$n97ApPYYyQPIQa,IfcWall,buitenblad_(#152157),,,8DA2A155-7FCD-4BB4-8BF0-D284CE98C26A,,Storey-1,True
2w2n$CHvPEY8uDGrJqRfX9,IfcWall,buitenblad_(#68594),,,CAF6B7C6-0A79-415A-9853-D01D7F0B1BC4,,Storey-1,True
11Bn9tBWnEnuOYjlKlznrL,IfcWall,buitenblad_(#84701),,,93DDEF7B-84CB-4FB4-9B72-0F2B2F5E7A47,,Storey-1,True
1L10RT0mz5QOE29c9VX2hN,IfcWall,buitenblad_(#58331),,,809ADDEF-745B-42F1-BAEA-0D43356576C1,,Storey-1,True
22NvZzuPD0GO_P7_inGSGU,IfcWall,separatiewand_(#303071),,,210BD5D4-110D-4914-9AD1-240CE3671AFE,,Storey-1,True
2_$WncjfP2wR5$_AjQ72MS,IfcWall,metalstudwand_(#273995),,,EB677E8B-2676-4CD5-AA45-9C5318F4F475,,Storey-1,True
28TYrc5Uf7UPYYM1xu6vpP,IfcWall,buitenblad_(#176466),,,2B36AAF7-3559-4821-837B-14EDF967DA96,,Storey-1,True
1cPvrklGT54ByMl1ZYOk20,IfcWall,buitenblad_(#175813),,,E4F75042-768E-42D6-8274-A702D35D2AFA,,Storey-1,True
15_tPfJ3L93gIqWkveCaPg,IfcWall,buitenblad_(#111948),,,0BE99DA6-3FB6-4F33-8596-052C1B9814AB,,Storey-1,True
1cqRsS82rDHRAw1T3EKPj9,IfcWall,buitenblad_(#86593),,,827A5604-975D-4FE5-A4CC-82D9318F8E5F,,Storey-1,True
0cNAXv_mT0Uf5lCEIxz05_,IfcWall,buitenblad_(#166994),,,9A704A4A-CED0-4260-91A6-3D42FCA491CB,,Storey-1,True
07MveRYifDtvDtGByz3RSU,IfcWall,buitenblad_(#33028),,,D2A74F88-5721-43D8-8A4C-194089AFC178,,Storey-1,True
3HwnMf0ur9XwemrH13bV74,IfcWall,buitenblad_(#61706),,,5CCA46EA-5383-400A-B640-E5DF20BEA35E,,Storey-1,True
0QNpcXCi9A0RUHQLKZvbmG,IfcWall,buitenblad_(#151938),,,260016F9-1356-4915-9C8A-AF66E19AAE9E,,Storey-1,True
1KWIJUln99evCp1C$lloVv,IfcWall,HSB-element_(#130688),,,06A65743-EA08-40C7-992F-72D0157D83BA,,Storey-1,True
1XEk8EGhr1Oe_0G$5xq44e,IfcWall,buitenblad_(#83754),,,16D46E62-02D6-4D75-BDF3-116852F3C69E,,Storey-1,True
0gm_ZglM1FDgN6dFRr5CkC,IfcWall,buitenblad_(#104444),,,A1336B72-0FD4-4330-AED1-4B70066B07AF,,Storey-1,True
2A1oTXhTL2DhJTqBb5V6gf,IfcWall,buitenblad_(#168675),,,59F4595D-9A24-4DFD-800C-CA0709AF8E2B,,Storey-1,True
13kaAgvlDCJ9o25$Di8Xh1,IfcWall,HSB-element_(#94290),,,5420D833-A2BC-4D00-B3B1-9A6D313BD2D6,,Storey-1,True
36Gb8ytS18QfPDfsefSMBA,IfcWall,buitenblad_(#166561),,,32ACC9B7-537A-43EC-A39B-899C6646E3CE,,Storey-1,True
3q83jWutb7qRCrCzqnsoAf,IfcWall,HSB-element_(#106074),,,9B832826-A982-4EDC-B7B8-499678347637,,Storey-1,True
35wAcUBGn6P9T$1$sniLeZ,IfcWall,buitenblad_(#59608),,,96EC9FF7-F366-4D2C-9579-70C1DEAA4FEB,,Storey-1,True
1ElKUEhuf7fuEfm5K9A5AG,IfcWall,buitenblad_(#57162),,,70D1C320-6059-4B6C-8127-AE315C38D5B8,,Storey-1,True
0lWjShJtb7bOj9vvQJ9Hzq,IfcWall,buitenblad_(#92043),,,E4519F89-9957-434A-8CAA-9C51AAAA2C91,,Storey-1,True
2yX8HtBU50og_TK61tr6hP,IfcWall,HSB-element_(#129925),,,5DF22A9C-7362-42A6-8686-3E5CAC7EF311,,Storey-1,True
2j8afBJ858CfPX1yRaqz6M,IfcWall,buitenblad_(#68846),,,80D2C794-9783-4CC8-9B5E-31253E2B424A,,Storey-1,True
0Ldy0tzOD9ivZhA8OckzK$,IfcWall,buitenblad_(#114791),,,21171B6D-4F13-4015-BBDF-A4F7A46E69BE,,Storey-1,True
3WeNBnm_1ElwCJEa4TmhIB,IfcWall,separatiewand_(#248467),,,1672BF73-DF73-4C3E-895B-B0887B8452E8,,Storey-1,True
1DQiRAmRz2ou8JO9In73sG,IfcWall,HSB-element_(#89119),,,D25D2C0E-EDDD-4E32-9B58-99DE359A76C3,,Storey-1,True
3GfsVCyR5DjRUKWs$3uu0R,IfcWall,HSB-element_(#88364),,,82E9F926-59BD-406E-939B-20E098FF9568,,Storey-1,True
0uy7z2IUf33AZ8IbNtgOt8,IfcWall,binnenblad_(#27645),,,1E3A665A-6A3A-42D7-8F42-06C5C455AE72,,Storey-1,True
32HShEuQfD09HjFMMMsPqE,IfcWall,HSB-element_(#56634),,,BD13E995-83F0-45FC-BD77-5715471B1481,,Storey-1,True
2fMcdfIZv8RwJg1v$IzR0Q,IfcWall,HSB-element_(#88681),,,884639FF-83D7-4ED5-8119-FBB9A083509B,,Storey-1,True
2GsCNhv3b0cRh3O7Dl6PYO,IfcWall,binnenwand_(#31043),,,28EDA5F7-8E6F-4D29-8F3D-462FE256E602,,Storey-1,True
0bLvANLd51XeWtCdn2Qa6y,IfcWall,HSB-element_(#110854),,,E6622104-EA0C-4FB9-9961-7EEB7DC5CB90,,Storey-1,True
0Y8ypf5LnBwhB4_9FZeASn,IfcWall,buitenblad_(#103752),,,FE54A536-1C47-4ED3-A629-AF9CE82BEB08,,Storey-1,True
1k2VyDGm5A0gYb88Fr1FUK,IfcWall,buitenblad_(#71078),,,6F99E1D9-7AA6-4966-AB20-6353FB0BA7C4,,Storey-1,True
23qpZk_x94U8zB8dDHDWaW,IfcWall,HSB-element_(#131323),,,22786CBC-04EA-4CA0-B801-C113DCEA8842,,Storey-1,True
1KLlDtZGzBhhJ0x7OyXZHj,IfcWall,buitenblad_(#69712),,,AA018306-C9BA-4ECD-B111-9CB961ACEA8E,,Storey-1,True
3iU8UnUFP8zg6yU2N2oBOo,IfcWall,HSB-element_(#54603),,,E509E109-1991-4E96-BF45-3DB62B77A3D1,,Storey-1,True
1R2NFWYRH7bACrOafQw8$M,IfcWall,buitenblad_(#147336),,,9B18FFE0-A5EB-4730-ACD1-1AE92CAE3DB7,,Storey-1,True
2eYP33F6T7m8b76mRXxQFO,IfcWall,buitenblad_(#96289),,,2562196A-4672-4B0C-8A6A-D67404E406EA,,Storey-1,True
2$OU5UaMjFjR3zAH51dVly,IfcWall,buitenblad_(#149991),,,3C51C909-2889-4BE1-B4A1-EBCBF8A0039C,,Storey-1,True
30azxhl7f2vgRl35eXnebg,IfcWall,separatiewand_(#232011),,,6A5EE95C-7E39-4F2F-B3E1-914CBC0ACF34,,Storey-1,True
3u5jvNUKHC68SCzoztZx1d,IfcWall,buitenblad_(#185011),,,0C491703-7B45-4C3E-9C1F-0EB2B3490686,,Storey-1,True
3HPExUpxD0GuDr30Yz0mEz,IfcWall,buitenblad_(#151721),,,E1B9CA7E-81A3-482C-915A-F4776CC6BD51,,Storey-1,True
39b2PMOxf0iv5CZWsUnDgP,IfcWall,HSB-element_(#127660),,,7593F5A7-8E94-4B65-8735-FD6602029DA3,,Storey-1,True
25bhdbGpn0OO33BpSQj7PS,IfcWall,separatiewand_(#248850),,,03FE699B-6F6F-4F2C-BE67-4626CBAE02CB,,Storey-1,True
3BHapMTKzCg9L9QdK71yqp,IfcWall,buitenblad_(#59828),,,64346DB1-A73C-4041-AFDD-C8C1059C1C5C,,Storey-1,True
3_kmy$0_1Eq9yPAlL7tuv7,IfcWall,buitenblad_(#60920),,,751662EC-8261-4C54-9280-517425F75F56,,Storey-1,True
1rnRdHzWXFfhe7uX1D8EY8,IfcWall,binnenblad_(#121579),,,71FCECCD-913B-471D-AEC4-A144FC3D7F62,,Storey-1,True
0$iC8vpLP1iBwf3DjUKkhs,IfcWall,separatiewand_(#293362),,,6F3ADCEB-1FAF-41A4-B100-58AA326C5ECD,,Storey-1,True
3EcN$TRLn65QyTMds3_6sa,IfcWall,buitenblad_(#62135),,,406621F7-762A-4388-ACAC-514696A0982C,,Storey-1,True
3JiNiluJ15rPnjiwPFFPBN,IfcWall,binnenblad_(#51386),,,5F9A6082-34EF-4625-A6C7-C423291FE1FF,,Storey-1,True
0p00ONuzr3j8yOzf7xG6RA,IfcWall,separatiewand_(#225098),,,1674C050-CB19-4D46-BED2-466032F91EB2,,Storey-1,True
3k2KZUKO5FJ95TBybThCAO,IfcWall,buitenblad_(#118717),,,EA42451E-57BB-47E5-8257-A3975E5EF488,,Storey-1,True
0IE5_R1VD1SR7bLjGY_tVb,IfcWall,buitenblad_(#95685),,,995ED0A7-5977-49E9-8C58-8A75E02936AB,,Storey-1,True
1bON6A6u9CDwRLC6Q49OLI,IfcWall,buitenblad_(#115010),,,8C2ADF22-E05D-4BAA-8D07-D64818FF1316,,Storey-1,True
1y6ZFrU6HDDOn4EJWX4AMx,IfcWall,separatiewand_(#210395),,,4F40AC14-B892-4804-99B1-526796742A95,,Storey-1,True
2GDMjCFcz0Ift$gJUtkQgE,IfcWall,binnenblad_(#31703),,,B27FEDFA-F2A5-440D-B85C-353B948BC6E4,,Storey-1,True
1K6xEYJ6f2h8mtuCOg6NBx,IfcWall,metalstudwand_(#274814),,,8451A5F9-1D23-45B8-874E-891F9A812672,,Storey-1,True
3kx3QmU9L04PVOIn7OaHK7,IfcWall,buitenblad_(#83971),,,7B10A5AB-CA11-4F33-9934-B0366FFB370D,,Storey-1,True
1Wfvdc8vfA9Qk9hSqUGreA,IfcWall,separatiewand_(#213398),,,F6E55A56-790F-466D-9807-F53DA53EA7D2,,Storey-1,True
0F1hDclgz9pfFXXiGsFOej,IfcWall,binnenblad_(#138597),,,4C7507B6-5EE3-42B1-A2D6-CE656F5AD2A2,,Storey-1,True
15azcyoI1Aeho4D8p2aqdT,IfcWall,HSB-element_(#131004),,,B2B4CBC6-154B-4BFE-AA48-2748C5599A56,,Storey-1,True
1g7h13eLH1VxfPFdAHVIvT,IfcWall,buitenblad_(#58868),,,097CDFD5-D2C2-43EC-94CC-8C1DE9D5DD55,,Storey-1,True
3xoEcuK0bFXepqz_4k$n4S,IfcWall,buitenblad_(#114133),,,D2016EE6-13C7-47AA-9176-AB4C4B78CC75,,Storey-1,True
2qcnhgEXvFf8fQa_ijMsPI,IfcWall,separatiewand_(#219957),,,20D21025-F90B-450D-8973-3C3411D2BA9D,,Storey-1,True
1t7qGuhtnFFQXm3VQONy5C,IfcWall,binnenblad_(#49098),,,6A4D2BD0-88F2-4990-A39E-19F95B37649F,,Storey-1,True
3LkFEXG0fAH8PJkanLTzRG,IfcWall,buitenblad_(#91255),,,17D8A69E-F9BF-4BA3-A130-CC1A8DC95516,,Storey-1,True
3_0uH90HPA4R0f3RFUb7a9,IfcWall,buitenblad_(#76282),,,AA2A3DC6-1F0E-4006-BF32-CD35C26F6B7C,,Storey-1,True
1BpaHdqOP6AeSJN4pOhKqO,IfcWall,metalstudwand_(#275217),,,6934C759-EB23-4CE9-AB59-7E3DE6EC20CB,,Storey-1,True
3E1dJQ5$j66g5Tsk3dUPsa,IfcWall,buitenblad_(#71612),,,58F71FBF-2128-4734-AC1E-CE44B9295A49,,Storey-1,True
1dd$3UEIH5avQpc1mCzFzU,IfcWall,buitenblad_(#97395),,,1F03A314-266F-4276-9D58-F604637FCFEE,,Storey-1,True
2s2YO7J3T5dxapGz_HuW2G,IfcWall,buitenblad_(#111510),,,87BE482A-2A18-4329-A828-CDF99DC35025,,Storey-1,True
0tln9z$8X5IOHdH0kjIMqC,IfcWall,buitenblad_(#63751),,,28C2386E-C457-4F09-9450-5E9D35C4D70C,,Storey-1,True
13PTXlwuf4OgJuWyf_fbN9,IfcWall,HSB-element_(#56322),,,BC92F3AB-218D-4E1B-8B2E-4FBC9AB29A6C,,Storey-1,True
282lMKEF155fu34pjnw0km,IfcWall,buitenblad_(#70825),,,FF2E1A27-54BA-4634-9187-31F61FFA8968,,Storey-1,True
0FXqFzb8PF0vkqNU19rdEL,IfcWall,buitenblad_(#69058),,,0AE78539-EB6B-4E33-8D1A-573EB645EB3C,,Storey-1,True
1GxMbAsIj49RQmwFHOt72L,IfcWall,buitenblad_(#151287),,,E8E84056-746D-47C0-AF56-B8F66073CEB7,,Storey-1,True
3$0xRNYjr66ASddHtfiBaB,IfcWall,buitenblad_(#91538),,,F382AC86-42AB-4DC0-BA5B-A82969C211D5,,Storey-1,True
053cGJu3j5cQZFXeS3DSSe,IfcWall,buitenblad_(#74894),,,F6C7B505-6928-4BB5-AF36-B23D4330ABBD,,Storey-1,True
2qFXrz$uXBDuC4PfYLtZqp,IfcWall,separatiewand_(#238483),,,1A2565B4-BB67-4857-A056-7211BAB20BF0,,Storey-1,True
3Bm$omdjT7MgMHmm7t14so,IfcWall,binnenblad_(#178417),,,34B55DC6-DF3B-4DE0-8BF8-B7326A3378A8,,Storey-1,True
2GTwJrGhDAzvI7WZJUCeZE,IfcWall,liftwand_(#29901),,,49935285-AB10-4794-871A-9147E7E69F43,,Storey-1,True
1FKwA4QDv0Gf63YOfYyYcZ,IfcWallStandardCase,separatiewand_(#741234),,,936675D6-F0F8-472E-843B-E89A914C6100,,Storey-1,True
0yZP$GbDz6feNuYZ2CFjmv,IfcWallStandardCase,binnenblad_(#606884),,,649D9F19-FDC1-4F63-8CB2-1ADB2D5AE2C5,,Storey-1,True
2TzM900mD08fuhwTATNm0x,IfcWallStandardCase,separatiewand_(#751098),,,E2FE3EC5-4AFB-4202-B75F-26088CAF1009,,Storey-1,True
0GxN0inun4c8_VnEzhqeZI,IfcWallStandardCase,separatiewand_(#741411),,,1D03EBFA-948E-4C8C-80A5-D11548168297,,Storey-1,True
1kVT8e9xnE6vHDPc24TIww,IfcWallStandardCase,separatiewand_(#742415),,,5C47AEAA-A9C8-455C-8150-073E7B95F4F6,,Storey-1,True
1QTV7xa0L8axt9SPeMtbXF,IfcWallStandardCase,separatiewand_(#743081),,,64931781-D923-4443-8412-137D20B6CF58,,Storey-1,True
3efbZsQjDBnvX1Nel9vLkg,IfcWallStandardCase,binnenwand_(#599384),,,8AFC7E1E-4A56-410C-B1D9-01583EE9791B,,Storey-1,True
1agsXsntzE1ehexT3Zrm4Q,IfcWallStandardCase,separatiewand_(#749235),,,A04ED29F-FC8E-44B5-87BD-8CCAB44CC9B0,,Storey-1,True
3AIlZm7mP9Lwy7UXwHt_R2,IfcWallStandardCase,binnenwand_(#609038),,,599F734F-1F27-4DE4-A039-C880EFE735E3,,Storey-1,True
3yjkygyrHBhPygwA8SG6tY,IfcWallStandardCase,separatiewand_(#749943),,,5A9F27B4-3750-4F5E-BB7F-6DEE80930E64,,Storey-1,True
0QAxgekTb9WfzW9F8Bsvuk,IfcWallStandardCase,binnenwand_(#609221),,,E3D6EBB7-43D7-4A08-A80E-D1E13631C780,,Storey-1,True
3oAfkh6nr9yP1PjHD3V$cP,IfcWallStandardCase,separatiewand_(#766683),,,6395B6BA-B5EF-4935-A248-52B764EC8409,,Storey-1,True
1DEk5Z5AfBMxCcIHFy6f6G,IfcWallStandardCase,separatiewand_(#753404),,,4897ECC0-B1D4-4CA1-89F5-A2676DC31A7C,,Storey-1,True
3eebM1Mhf22RbuMibLWzkI,IfcWallStandardCase,separatiewand_(#749766),,,5C777251-0D2C-45D3-8F1B-07D4E82F0454,,Storey-1,True
346fshoMr51uNskuT2WTYC,IfcWallStandardCase,separatiewand_(#749589),,,C5BFB39A-5C17-4220-B2B2-3C809E773133,,Storey-1,True
3hi2Dp0mf3$ecBvBeFKxnj,IfcWallStandardCase,buitenblad_(#636538),,,D73019E2-DF45-41CD-BBC7-561DF25446A1,,Storey-1,True
2S5Igt8Qf29QRRUJRmIhin,IfcWallStandardCase,binnenblad_(#606272),,,14EC3585-2AE0-4586-809B-7C431B3AB7EF,,Storey-1,True
0j$NmwhIv3_Ayu22JoYAY1,IfcWallStandardCase,binnenwand_(#608489),,,7A7CDEFF-F1ED-474F-988D-7E58460B49A4,,Storey-1,True
3CUt2Tucf46geu2C3PMbsN,IfcWallStandardCase,separatiewand_(#741588),,,05F386AE-4FB9-420A-8BC7-C7B76AA264E6,,Storey-1,True
3KTvEkvwTDKP7PtLveLJcc,IfcWallStandardCase,binnenblad_(#606455),,,70B3BDBC-6AA5-42F1-9721-5D820D87D0C3,,Storey-1,True
2NHY5XfBT3g8oNo2tvo$me,IfcWallStandardCase,separatiewand_(#771950),,,3FD61484-6944-420E-AFEE-02EC2357FE32,,Storey-1,True
3btus4gNXFVADJJ3iWNUCA,IfcWallStandardCase,separatiewand_(#742238),,,1B996BE4-39A7-4161-9917-73AC88E58A1F,,Storey-1,True
2DY$FZRbvDp8APRI6jRuDr,IfcWallStandardCase,separatiewand_(#744875),,,502956C4-BE50-4E86-86DE-8085451C5C47,,Storey-1,True
1eRl2liwHDeRQQSgHLZV3n,IfcWallStandardCase,binnenblad_(#605660),,,6D897B4E-332C-415B-AECC-7FB74A18CD9B,,Storey-1,True
2zzHhSG7LBDhmMfXYkHlJe,IfcWallStandardCase,binnenblad_(#721152),,,05652714-12FE-44DC-A58D-989CA269E698,,Storey-1,True
2RRsAyX6DCC9p6hnzBN$jr,IfcWallStandardCase,binnenblad_(#606089),,,1D6A9DDD-D32D-4EC4-AFDF-0D29A3E2DCCF,,Storey-1,True
3VQRxgydb2EvOc2VIpL55W,IfcWallStandardCase,binnenwand_(#608672),,,D8B3A10E-5770-4B90-BA14-C40C0DEBDF47,,Storey-1,True
1dHUBiVKXCoRRikJ_yKAs6,IfcWallStandardCase,separatiewand_(#749058),,,9E074B29-E527-45AA-8034-3CA5427DEAEC,,Storey-1,True
20txR2Tm1EJ9bIvtUFYmKR,IfcWallStandardCase,separatiewand_(#770097),,,EA34D440-C19D-4AF6-9BC6-9EE652FFEE23,,Storey-1,True
1Ys2c46sr2beJpJG$rwfh2,IfcWallStandardCase,binnenwand_(#608306),,,B7B524EC-E6AC-4493-B3C2-A3AAE79D8267,,Storey-1,True
1jJ9KjHPnFVh0gh434$AFk,IfcWallStandardCase,separatiewand_(#772127),,,77385679-EC29-4194-9076-1500985A23D9,,Storey-1,True
2zmO18lR17RAcVGPkDckDa,IfcWallStandardCase,liftwand_(#707521),,,501A277E-215D-4A30-8FE4-83F93C580D0B,,Storey-1,True
05ucNUpBfF5vo72wu_wwkq,IfcWallStandardCase,separatiewand_(#771773),,,2964859F-0A21-42FF-9CD6-8F644C7D4E4A,,Storey-1,True
2odgrV509EaBRBfz5g8pOe,IfcWallStandardCase,binnenblad_(#607068),,,2DC4E85E-9ADC-4DD0-8BBB-D01B55B80485,,Storey-1,True
38KeN6yRL74vB0oz83Y2lf,IfcWallStandardCase,separatiewand_(#749412),,,F139AD20-5E07-4EFB-925E-96770130A189,,Storey-1,True
14LKX9qmDFFP1niQktAjGc,IfcWallStandardCase,binnenwand_(#607701),,,85EF1C2D-DE13-4B3A-88B1-9A8814E87AE2,,Storey-1,True
2ZGmppMQb0nwfZL9QjVnxw,IfcWallStandardCase,separatiewand_(#772304),,,4D4F7C79-6358-4161-88B8-CE60DD177323,,Storey-1,True
3bicWR9hLBVOMYk9$GUZ45,IfcWallStandardCase,liftwand_(#607884),,,CA085FBD-470C-46F7-9386-6F988B384E55,,Storey-1,True
2nQgMvw3f2gvLiPcNb1c1c,IfcWallStandardCase,separatiewand_(#745191),,,A53FE163-FE56-479A-AE53-3DE2322EEDC4,,Storey-1,True
1Rh0f_fMfFP9XZOrfDJjvD,IfcWallStandardCase,binnenwand_(#608855),,,0812814A-6B07-40E2-9BE6-1D028452CB3F,,Storey-1,True
2Ma3XZ8ULDVxLVm2JVhku7,IfcWallStandardCase,separatiewand_(#744014),,,486938BD-546F-44B0-A611-CC44462BC0E8,,Storey-1,True
2_z3Swtrz5uBjXtpruKp9e,IfcWallStandardCase,separatiewand_(#746276),,,5D9A0608-FFA8-4BBA-9A9D-BA885F8EEDE8,,Storey-1,True
26l4ytgtvElwAEevrRQgyE,IfcWallStandardCase,liftwand_(#707344),,,830AEE7C-5255-4F8A-AB48-8D8247B7E2B6,,Storey-1,True
1OSOGCDr93ZuZbzUWiy9mv,IfcWallStandardCase,binnenblad_(#721336),,,E139403F-F9EB-4ABF-A8D6-EAD38FA491C8,,Storey-1,True
1f9lVTH2DDZ8eV_Q6E$Eqa,IfcWallStandardCase,liftwand_(#991757),,,FD22F503-5362-47C4-89E1-4DD4F8EA2AC1,,Storey-1,True
2O_q1QglH9N93GVE_GksoX,IfcWallStandardCase,liftwand_(#991941),,,B4D797EE-A332-40E9-BC11-3E27BC18ECE5,,Storey-1,True
2OhlyE5f54h9z73okj5rxI,IfcWallStandardCase,liftwand_(#992125),,,00E759C7-1EE6-4348-9BC5-F1120FB39078,,Storey-1,True
1hOt1qz9rCD8InnfJ7P6MI,IfcWallStandardCase,liftwand_(#989041),,,64C0F9BE-75B7-46AD-9F35-0B760D47DA07,,Storey-1,True
01Gx$Lae106ua0gqnyVJrv,IfcWallStandardCase,opgaand werk_(#20437),,,3314D764-AD89-4B12-A8FC-4E9C5786A6DB,,Storey-1,True
2Jka5mO29BgRNBbvd0LgAe,IfcWallStandardCase,opgaand werk_(#224),,,71636191-A80E-49A5-BFF6-55B055B52F21,,Storey-1,True
0R69HoRWz0C9s$TSI4WT3Z,IfcWallStandardCase,opgaand werk_(#16292),,,F13CC184-E196-4A86-8A5C-6FBD064D9D0A,,Storey-1,True
2eUGgnxUXF0RJQZi7ey1aP,IfcWallStandardCase,opgaand werk_(#17124),,,063F828D-44CF-431A-B2F2-2BCEB2A99170,,Storey-1,True
0r9rZEa2HEifN_Vf4vrBuF,IfcWallStandardCase,opgaand werk_(#22894),,,F5C072B7-8222-4B30-BBFD-BBA23F7F3BCC,,Storey-1,True
2gSzfhTzjCkutSogmAtpkP,IfcWallStandardCase,opgaand werk_(#17308),,,9436CB1E-6159-4380-A520-E56E6D86FB23,,Storey-1,True
2mUBHykl91Ue0vPS8ztnuL,IfcWallStandardCase,opgaand werk_(#17492),,,D15C648B-63A0-4B51-A67F-9C70F8F559E2,,Storey-1,True
0a9cZXxw90NeDBZVMZehqL,IfcWallStandardCase,opgaand werk_(#23078),,,3236484C-39E9-44D1-B2B3-E933D23E3425,,Storey-1,True
2jY38900rBxgAUCQMOtLuU,IfcWallStandardCase,opgaand werk_(#21416),,,C06777EB-FCBF-496F-BE8C-ABCDB78E74CF,,Storey-1,True
1EWidDAVz66hylOSXB1Kjk,IfcWallStandardCase,opgaand werk_(#20621),,,56C2388E-50F1-4FB6-A01E-FCAEEBDEA933,,Storey-1,True
3lS26ArA5DmhnFkrAY8JJj,IfcWallStandardCase,opgaand werk_(#18530),,,84F8A321-0B8A-4335-A479-3659C2F49226,,Storey-1,True
3kp8yBgj5BreEI464Vtha8,IfcWallStandardCase,opgaand werk_(#3574),,,65ED7501-E930-4585-B366-B9581AFCB2A5,,Storey-1,True
2D_6Rg4dz6$PEfPb1fvJzF,IfcWallStandardCase,opgaand werk_(#21232),,,C900EE28-6619-4062-BB5B-7C89C6AE1D0E,,Storey-1,True
397vy$qeXCzhtQ8tWx7ugf,IfcWallStandardCase,opgaand werk_(#23262),,,02CD3C7A-C6CC-4F52-8A79-E3EB39BE1F56,,Storey-1,True
18wNjfhsj0LegxjOryWpD9,IfcWallStandardCase,separatiewand_(#898872),,,31D5D825-10DE-4C31-ADF3-A85E174DC9F9,,Storey-1,True
2y3S6D1B5Dw94AXKkmXAiP,IfcWallStandardCase,separatiewand_(#901375),,,AE492678-0A7D-47E0-8960-0D76D2DFFB17,,Storey-1,True
1yG2snuqD7Txyz8uEEg1Mq,IfcWallStandardCase,separatiewand_(#978076),,,A3EF54F2-447B-43D7-A07B-6001CB02388F,,Storey-1,True
1W6UVRqxz0LQu_PGJg5ybK,IfcWallStandardCase,separatiewand_(#887347),,,F6385B61-A598-4F8E-AF71-EF87F16A7318,,Storey-1,True
3zllf2stH5dxYtyv$76i1m,IfcWallStandardCase,binnenwand_(#785230),,,3F733448-702C-42E2-934B-AEEFEFB65336,,Storey-1,True
1nCLKKqrz7G9egE60C0Uoh,IfcWallStandardCase,separatiewand_(#885003),,,5C3AAD1A-C404-4A12-BA25-679674BC308A,,Storey-1,True
0SDElWTMj63wyqBwTYte$b,IfcWallStandardCase,separatiewand_(#977467),,,D3372D13-C7B9-436A-8247-362A5215709C,,Storey-1,True
2CXxkmbP1BaeIXYUHCLq3e,IfcWallStandardCase,separatiewand_(#979925),,,4AAE0845-BAB9-43A1-919F-1A70C90E8DCE,,Storey-1,True
1kHA5QguL4Kxy0t8mTxWli,IfcWallStandardCase,separatiewand_(#979748),,,4AAEF456-4C01-4638-98C8-B653112BC92F,,Storey-1,True
2FNtYehv58bfu3q_Z8mpz0,IfcWallStandardCase,separatiewand_(#882133),,,3E3896C9-F19F-4BED-BFE3-7DEFF3397A7C,,Storey-1,True
0tGFDPrBz1x8GT7B3ggGdz,IfcWallStandardCase,kozijn_(#787207),,,384090C1-36D3-4306-BADB-EAA2EE430B37,,Storey-1,True
1RnZoYMIz0HPNeJTWrDGhJ,IfcWallStandardCase,binnenwand_(#785047),,,622B03D3-219D-4F6D-9C1D-29E2A939BBBE,,Storey-1,True
2dZoQCc5DCZgv8Awdt2fe6,IfcWallStandardCase,liftwand_(#778203),,,672B77B3-54DF-470D-9768-0FA4B3698DD0,,Storey-1,True
3Wz3wE7M11rOQNU413wcav,IfcWallStandardCase,separatiewand_(#901552),,,89FE6E6B-896D-4926-88E3-71D868EC7898,,Storey-1,True
2zRN8QypH3BfLHX4rjKN5M,IfcWallStandardCase,binnenwand_(#776823),,,9E2D019A-1E71-4D34-BB14-E9EE8E76542D,,Storey-1,True
2iPHXKEgfAxwWGEHx4Xlhl,IfcWallStandardCase,binnenwand_(#818687),,,6807D9D9-FCAF-4C10-A95C-C74FFCEEB5EB,,Storey-1,True
2_h9juv2PD1hCVEkmVDTBL,IfcWallStandardCase,binnenwand_(#785834),,,10790892-483B-4523-9459-BD8D558B7E83,,Storey-1,True
3Ib3hlDqD07wwdmR0Gsgk9,IfcWallStandardCase,binnenwand_(#786017),,,BE43356C-879E-4074-9C07-29C01231483B,,Storey-1,True
0uk0dUjsf1zfsVvjFJIDCh,IfcWallStandardCase,separatiewand_(#883182),,,4471A528-7617-4097-BA1D-423967A97FC9,,Storey-1,True
2ykk_9ovb4YxSrj6QHjBNs,IfcWallStandardCase,separatiewand_(#901729),,,2D14C195-C957-4D9E-8E54-87C7DF8D43B5,,Storey-1,True
1EOIzFzg5BbhKZKqGjejer,IfcWallStandardCase,separatiewand_(#886262),,,3C1F48D5-A7C7-4F6F-B4CC-CD4FF5439BF4,,Storey-1,True
09gqpaNFTERwbh6QmQ6NeY,IfcWallStandardCase,liftwand_(#784014),,,FF228B62-27A9-4530-84ED-C7E5E6C0DE88,,Storey-1,True
0p2NIRWMH3AQ$Lzg6Gf8__,IfcWallStandardCase,separatiewand_(#884070),,,6089B0E4-235C-4167-AB56-F640923B8EC8,,Storey-1,True
2Pt9srKKH118FD28U2AfuD,IfcWallStandardCase,liftwand_(#825380),,,549C0D62-7EAB-438D-A541-07F133E47EB4,,Storey-1,True
33EhRvkXD0Aw5_k1lgtF4G,IfcWallStandardCase,liftwand_(#825203),,,6178A6E3-F98B-4850-92BC-3C341FFEE6BD,,Storey-1,True
3VBEOZDHTC5PiJHB6GNRaz,IfcWallStandardCase,liftwand_(#784432),,,24CF8E7F-05ED-4B18-8467-23F41E7AF05E,,Storey-1,True
1EfXEQ5dX4o9XCJW_CnA23,IfcWallStandardCase,separatiewand_(#885864),,,03B4D31B-9608-45B7-8887-745DB867FAC9,,Storey-1,True
0scb2py45E_A5xr$zrNTSI,IfcWallStandardCase,binnenwand_(#584663),,,BC566170-1661-460A-A347-C982FBFE3595,,Storey-1,True
29NW1THdL2A82KMI7PZ0qv,IfcWallStandardCase,separatiewand_(#590348),,,DCB1E5FB-DE6C-40F1-AA5D-BAEE167F794A,,Storey-1,True
3cDBbv0812Cv2b3SZc1iOS,IfcWallStandardCase,separatiewand_(#516337),,,D363CF5C-240F-475E-8516-45DFF780A2A2,,Storey-1,True
2GF0gx2gf4fPOAhZzODPgF,IfcWallStandardCase,separatiewand_(#551455),,,AE5144CC-8799-48FF-8485-CB37D532C68E,,Storey-1,True
0F7Vy$0GD6OgIbJB_f58xT,IfcWallStandardCase,buitenblad_(#439860),,,8E01E4BC-6C13-485B-A461-2FE48736ED77,,Storey-1,True
2CnGfHxyX0owTlCu3MK8bQ,IfcWallStandardCase,binnenwand_(#584295),,,0CD1D502-9A8D-428B-894D-740D9ED0CB54,,Storey-1,True
0843Q59En589p1me17430_,IfcWallStandardCase,buitenblad_(#366933),,,4DD4F6BF-5402-46A3-86DA-8436F353D1A9,,Storey-1,True
1nWwb9SmLDnfM9p8joLNAD,IfcWallStandardCase,separatiewand_(#578737),,,2200DBE7-EBC1-403A-AF8F-67084FFD2392,,Storey-1,True
0Yhat2H9H8feezvzNt3hjN,IfcWallStandardCase,separatiewand_(#534007),,,A3B0BB6E-EAE9-4977-A193-A175EB5FC00C,,Storey-1,True
358wEhlsX0$BDmI7_k3GV6,IfcWallStandardCase,binnenblad_(#337281),,,6914ADCB-1C87-4C72-9559-4C7174ADA7E7,,Storey-1,True
0U$jn7OXX23eAgzMQt_QwM,IfcWallStandardCase,separatiewand_(#540347),,,B1B38FAC-33A9-4D7C-86DD-EAE7B90FBD8E,,Storey-1,True
2FCWYfifTFHAD$wDDAFobO,IfcWallStandardCase,binnenwand_(#584479),,,DE2FD2BD-92DD-45D0-890C-59E394C84496,,Storey-1,True
0stWdKWA91xO4WISjIT44k,IfcWallStandardCase,binnenblad_(#333227),,,C6636769-CA08-44A2-A21B-D4F6F3BE744A,,Storey-1,True
2_0CQY2In60w0KBejfP8ig,IfcWallStandardCase,zijwang dakk_(#463624),,,EAC5B965-988A-46ED-A43C-35AF97402DE1,,Storey-1,True
38ZdMST9P36PPEPXFE9$u0,IfcWallStandardCase,buitenblad_(#370986),,,2E813C4A-BBBD-4D38-B198-F4C89342F363,,Storey-1,True
29tkuox9H1vQQMhUoYH64H,IfcWallStandardCase,binnenwand_(#583375),,,26D4671A-A177-481C-9A4C-D68AE9828587,,Storey-1,True
1DqxebF49ADxaQaAhsSTLL,IfcWallStandardCase,separatiewand_(#551277),,,C4410790-292A-4FDF-BC7E-98916D4EDD7C,,Storey-1,True
3YYq4grfLDuBXpj7q4_iwl,IfcWallStandardCase,separatiewand_(#589502),,,A3C16CF3-E45D-4BF9-85FB-EEF649DC624C,,Storey-1,True
21MsPvw5P8VAF5cToU5KQb,IfcWallStandardCase,binnenwand_(#583559),,,1FA4E791-09FB-4329-B7A3-00FC23141C93,,Storey-1,True
3H$tOFxBr6XA5Wm8KD969R,IfcWallStandardCase,separatiewand_(#552048),,,6DEA0469-E4A1-46C7-A692-9E25D182C081,,Storey-1,True
01_RjRM4v2DAIiEwPBMhgT,IfcWallStandardCase,buitenblad_(#397232),,,A296E57C-F4A8-48DB-8A4E-DAD204BC6E1A,,Storey-1,True
3nz7Yr8ZTBzu54a18_IJui,IfcWallStandardCase,zijwang dakk_(#456159),,,E2372ED9-04A5-42F1-84C5-9576054ECE34,,Storey-1,True
1MLiPOFxfEHekWkl9y7hj0,IfcWallStandardCase,separatiewand_(#517190),,,9EF9CB8E-4305-48ED-8D6A-6CE3E62A37DF,,Storey-1,True
00QvH$o_fEOPDV5q56IXur,IfcWallStandardCase,separatiewand_(#517368),,,F83963FD-E02E-4841-BE7A-22ED1775111C,,Storey-1,True
24GpXxxWHAaRMQzevX52uf,IfcWallStandardCase,binnenblad_(#475427),,,41A30BB6-4417-4FA6-85DD-41DFC04C1C59,,Storey-1,True
3jlXwIZG90dgqWy93TfldD,IfcWallStandardCase,zijwang dakk_(#456343),,,AD183A57-0E21-49F5-B751-DB7B44196511,,Storey-1,True
3K7b0wUa10BeEvaFnKfT65,IfcWallStandardCase,zijwang dakk_(#457999),,,310C2206-5072-4737-9696-F8FB056D2D96,,Storey-1,True
095AGndxn4_vNeqHlCYxQx,IfcWallStandardCase,separatiewand_(#518036),,,EFD85370-1EA4-4702-8444-0EEB339AAB59,,Storey-1,True
2iSyyDHUX5NuFr_pjAOT9I,IfcWallStandardCase,buitenblad_(#411591),,,44876E39-ACED-4D91-AA09-42BB39257452,,Storey-1,True
2DEtMgAhX44wXgFxu6wvqF,IfcWallStandardCase,binnenwand_(#583743),,,09A778E9-D0DD-445C-AD2F-B1C968F9A0BB,,Storey-1,True
2gVZvoKdP7EhCo$LQE72LZ,IfcWallStandardCase,binnenwand_(#584847),,,FCD0EEA3-0591-4D1C-9D13-FE9928E8D837,,Storey-1,True
1xc4a28412Ew$5lK3boHKD,IfcWallStandardCase,separatiewand_(#540525),,,E3F44870-4EFE-4D3F-BA1F-8E44B777D5DC,,Storey-1,True
3_r1Xrmxb3b8cTbjzLqaYZ,IfcWallStandardCase,buitenblad_(#415187),,,AE472675-E5D4-44C2-A607-0BD001CCD626,,Storey-1,True
3LrgyGWc5Ebv4JytR4MHc9,IfcWallStandardCase,binnenblad_(#332796),,,D98DF6E3-CBCB-4C64-BCEB-B6775189ED1A,,Storey-1,True
26h3lF_TnFMxhMddwzXqDB,IfcWallStandardCase,buitenblad_(#319183),,,65A1752A-0CC5-4436-9D96-E75F669A3414,,Storey-1,True
0DWrlDZTX1OBelKstJvGBF,IfcWallStandardCase,separatiewand_(#522518),,,C09FFC8C-93F2-476B-AC5F-1708CFC86314,,Storey-1,True
1LXziflXX8zBgon7_smKnq,IfcWallStandardCase,separatiewand_(#589680),,,4B699737-F126-4706-8D57-E47931BE8A53,,Storey-1,True
15O5KvoN92DuXcQX5Ggc8Z,IfcWallStandardCase,liftwand_(#453922),,,91473379-FB83-4C11-A832-E824FAB0A9E3,,Storey-1,True
2CZ8PyRYPDu9ePZA6szy5R,IfcWallStandardCase,buitenblad_(#380717),,,4E709437-2B59-4B57-9071-F8C502EBB9C2,,Storey-1,True
3ngtFpeDrCovYPW5mwrjt5,IfcWallStandardCase,separatiewand_(#544191),,,638D87C6-C8C9-4615-B39E-95C104B92B3C,,Storey-1,True
2Rj_vl0Yz6NhNsv48Gpmnu,IfcWallStandardCase,zijwang dakk_(#460179),,,BE918ED3-0399-4203-9067-16B1451849EB,,Storey-1,True
0$vo9Fw8j6ZgrbGRqLn$k7,IfcWallStandardCase,separatiewand_(#550894),,,724FCB78-21D5-4F0A-946B-1411FE61C068,,Storey-1,True
2dfOp2CSjF_uuw39m19qLR,IfcWallStandardCase,buitenblad_(#364681),,,6E950BB0-332F-4DEB-BF11-18B6B6EB5626,,Storey-1,True
3cGUz_v4P8JO0DD9HS9aR3,IfcWallStandardCase,separatiewand_(#521306),,,9FD20BB7-0C58-49F1-ADD4-6AD2BCFA2144,,Storey-1,True
3$M_waUn52SQy0orEvg4bt,IfcWallStandardCase,binnenblad_(#475611),,,61A32C3E-D599-496F-BCF7-2C724D3AEDD9,,Storey-1,True
2odYdIJWj0u9fmqvXVuMeY,IfcWallStandardCase,binnenblad_(#336850),,,D9EE6A96-87FB-4684-BD8E-10BCFB6BA6D0,,Storey-1,True
0VhNCIGlzFZPSO4F0$6tr6,IfcWallStandardCase,binnenblad_(#336666),,,5E0B8575-F92E-47A4-A7AD-75EF1CEC26C3,,Storey-1,True
3yDIWBjxL7iPrwH_n3zABM,IfcWallStandardCase,binnenwand_(#583927),,,B4B0B02A-FA59-4D33-A8F1-61DE5D8DA1B2,,Storey-1,True
3b28mXA99EeeJ$qRXZg_jy,IfcWallStandardCase,separatiewand_(#526191),,,545C7513-B5C7-45DB-BE34-1123674A3079,,Storey-1,True
1Scp2YIPr4S9RinvFiIdUt,IfcWallStandardCase,separatiewand_(#516159),,,2B310900-C075-45E7-B8A4-9DB67BDB7BBA,,Storey-1,True
2w61otjs5CqewcPHCpJdcb,IfcWallStandardCase,buitenblad_(#390221),,,A6ED7981-7841-48B7-B583-E398D2BF6CDC,,Storey-1,True
1CnzfTMnDCufInnDCMm13f,IfcWallStandardCase,separatiewand_(#552226),,,71B8458A-578E-4F60-B39A-C913C5FF5407,,Storey-1,True
1vu_1RvSr5xgi07P4OmWin,IfcWallStandardCase,separatiewand_(#534193),,,E2553F3B-2DEF-46DC-BF1A-5B8545CECCDB,,Storey-1,True
2rU3uWvj5D9RfcxKhQ97UE,IfcWallStandardCase,separatiewand_(#540703),,,D01D40A0-A0EF-468B-B0EA-3E8C005B8217,,Storey-1,True
0VQddudQL0HwwoEmq2ELWO,IfcWallStandardCase,separatiewand_(#577097),,,7D0797AB-B5C3-4034-A13F-ACE1D203E17E,,Storey-1,True
0thBesgnr5XO6RPnTtDwz1,IfcWallStandardCase,separatiewand_(#589061),,,27A157F8-6C00-4F8C-A68A-64503F5EAA9A,,Storey-1,True
2k1dKn$Z969en2nbWWEIv$,IfcWallStandardCase,binnenwand_(#583191),,,2565F4CE-2273-4C4F-88E9-3030815FD006,,Storey-1,True
1B4P9hKV55g8IGH6YvOQ0U,IfcWallStandardCase,binnenwand_(#584111),,,CC334D5E-D6A4-4922-B41F-C75FE3F2F8B0,,Storey-1,True
3VR8PhEQ92Ju0JrKg3XGRn,IfcWallStandardCase,buitenblad_(#365551),,,6CD42791-9DAA-4E9E-938B-B97E8A83E278,,Storey-1,True
3U14rZDfrBevR5lmp6FbzC,IfcWallStandardCase,liftwand_(#334979),,,D140DB93-8102-4578-B8CE-00E59D56F0FF,,Storey-1,True
06rEryZbLB88WmgibQHkvK,IfcWallStandardCase,binnenwand_(#561962),,,41B364F0-BD49-4643-8B36-4D7EE0512726,,Storey-1,True
0NOqcJEST8S8_3ibmquXd_,IfcWallStandardCase,binnenblad_(#332612),,,201EDFF9-1393-43F1-B8A4-81C5EA6A6E42,,Storey-1,True
0L7MOPIRP2BPHHkByJ0iut,IfcWallStandardCase,separatiewand_(#534371),,,53250FCA-5AD1-4D22-8673-3E8EB65BEA28,,Storey-1,True
3eb52KZ8DEMAgfuQIDEgrI,IfcWallStandardCase,separatiewand_(#516515),,,4D959014-D715-4BE0-9646-04DDB9384FE7,,Storey-1,True
2ml7x3n297Weg_0m1I_AxW,IfcWallStandardCase,separatiewand_(#586557),,,7622CD83-7ACE-47DD-A41E-D8BC392BF72C,,Storey-1,True
0Lq86iLmnEmvk0UTmqG0A9,IfcWallStandardCase,binnenblad_(#143410),,,C6F65569-3012-4AF4-ACFF-9C2A674B778B,,Storey-1,True
1EJ1sK_bL90BJJq4qtCZ8Q,IfcWallStandardCase,binnenblad_(#184398),,,A3556F82-232B-4B55-A1D6-B32D0A0DEA29,,Storey-1,True
2yvoxeyG1AQf7JeLoAjkI$,IfcWallStandardCase,binnenblad_(#29011),,,135A0934-E4B2-4090-9E73-F3BFC403721E,,Storey-1,True
2Buaid0QP3vRz6$Fk5sgZL,IfcWallStandardCase,separatiewand_(#244801),,,13286F81-8B5A-406D-ADEB-444CA8C2D1AA,,Storey-1,True
3knI8hvTP5Hxnc3oRXkaaD,IfcWallStandardCase,binnenwand_(#30629),,,D0AA0936-5473-40A5-857E-6B3E4709F3E7,,Storey-1,True
2H5izOOmP4ZvgArgAI25rH,IfcWallStandardCase,buitenblad_(#107994),,,69FBCC07-98B6-4BA8-8BF3-DDFD776B34A4,,Storey-1,True
2Sfg0xZs50wOhEjhw4SKHo,IfcWallStandardCase,binnenwand_(#32317),,,36CC701C-0DC5-4313-BAAD-45B68A7FD311,,Storey-1,True
0MZ80xhrfC8Of_TLN4u0$W,IfcWallStandardCase,binnenwand_(#29195),,,3EB2A18A-0C4E-4C28-82EB-6047DDD8808C,,Storey-1,True
1d8_81t9D5d8fqcD77cx5z,IfcWallStandardCase,separatiewand_(#248644),,,83C5C8BE-827D-47BD-B8C4-94E54CE1E93F,,Storey-1,True
33gtlsDIL87PIYyhkDX$Rk,IfcWallStandardCase,buitenblad_(#101286),,,12DEA4D8-F8E5-4976-B5E3-2F4B8AABB99F,,Storey-1,True
3JbaWwH89DxP0TZOlKQ58z,IfcWallStandardCase,buitenblad_(#67256),,,707472F2-E886-4F1D-93C6-E4C78E9ABC30,,Storey-1,True
2q_hupGfX0gvwScQUYs_yg,IfcWallStandardCase,separatiewand_(#228221),,,A5181484-2918-430B-9B76-69102716F2F0,,Storey-1,True
0Q$i_K1TXBtRUZmd6n2M0p,IfcWallStandardCase,metalstudwand_(#269568),,,16D1B349-C2D2-40F9-82D9-329797FCD320,,Storey-1,True
38oxY5dGP3pe$by3rxU_19,IfcWallStandardCase,separatiewand_(#262004),,,69468883-C07C-4FBF-B9E0-9A4E294058D4,,Storey-1,True
1PwzNLVhH2JgF5SfR7Bp2P,IfcWallStandardCase,separatiewand_(#258660),,,F853EF0B-B88F-46BD-B40E-CC4FCA44A3E6,,Storey-1,True
0euiVzTxjACgpGPntynuxM,IfcWallStandardCase,buitenblad_(#183555),,,72B40DFF-3864-4C56-AF03-9D2098BDBD96,,Storey-1,True
2CvlETQ89BXu0pzFd0_Wsv,IfcWallStandardCase,separatiewand_(#241093),,,4225DC2D-68A3-49F2-80B9-28238D12E446,,Storey-1,True
3Y5MkcXw1BDvLwnisgAe4r,IfcWallStandardCase,buitenblad_(#146728),,,6B816527-2828-481C-90D8-BA117F6306A9,,Storey-1,True
12coIr0ez7DBxWzujlCd3J,IfcWallStandardCase,buitenblad_(#154608),,,E2672EAD-62DB-4418-AD30-C893264B55E7,,Storey-1,True
1J1bt_N5D54u3p23$jwgJU,IfcWallStandardCase,buitenblad_(#163733),,,D499259F-8C50-4339-9B9A-E305EB97C6F1,,Storey-1,True
2CVcdOvAPA$ACKYsdQk8_P,IfcWallStandardCase,separatiewand_(#231805),,,32CF25DD-C1F1-4DB2-B67B-703D29208AA6,,Storey-1,True
17m1M5xjD2quzH65SYBmD6,IfcWallStandardCase,binnenblad_(#184582),,,B0F1B9D3-A8B2-4D03-AB38-FDACA8DA218D,,Storey-1,True
1ta0l08$T7QRXIISl7NMm$,IfcWallStandardCase,separatiewand_(#216521),,,A51E0ED5-D5D0-4F57-81D0-58A5F7335177,,Storey-1,True
1y9rvMwVn7EOjiiiitQl3W,IfcWallStandardCase,buitenblad_(#119452),,,1B2AEFA3-B8AA-46A8-B213-165C84AC2D47,,Storey-1,True
1oe1qexavFCRP8CdcoHdvv,IfcWallStandardCase,buitenblad_(#86118),,,568BA334-727E-474B-B238-65822678AD94,,Storey-1,True
0ByDCFyevCGwsRZG0XQZCj,IfcWallStandardCase,separatiewand_(#255610),,,66D24DDF-2DE9-4E1F-8BD9-96007442944B,,Storey-1,True
1wqk_4xJD1eAujggRaBDWj,IfcWallStandardCase,binnenwand_(#30813),,,FC12E983-1FDE-4E7A-9BF4-EC60E2E4DFA2,,Storey-1,True
2O5tkdqD5C8vqeEKz4iO$x,IfcWallStandardCase,separatiewand_(#238878),,,A9F60C15-E9FF-423A-9C1A-C953DB5EA108,,Storey-1,True
3xU11rOYzBeQDtwnMy8ju0,IfcWallStandardCase,separatiewand_(#216343),,,B3B58165-F8C7-43BB-BEE3-4A90DDE83791,,Storey-1,True
0kS6wEmzbD2va78wYRyOFc,IfcWallStandardCase,liftwand_(#182673),,,94409704-4370-4F68-A54C-F78C3D124284,,Storey-1,True
0U_vyI0Az4vRsJL7LHZdvA,IfcWallStandardCase,separatiewand_(#248234),,,5786A5C4-178F-4A2D-976A-26552F30F89B,,Storey-1,True
14$7kwj8DB_fQjuuVlmJpC,IfcWallStandardCase,binnenwanden_(#232366),,,388ACCF4-6504-4FB3-97C8-CD11B24A83C6,,Storey-1,True
2jmRRVQeDDxf3e1EPa$xvA,IfcWallStandardCase,separatiewand_(#220562),,,E079739D-ECE3-4B46-AEFA-B8E4C1F8F24C,,Storey-1,True
01zmAbDtb2Ow3xBTdVwnPQ,IfcWallStandardCase,buitenblad_(#192901),,,F01184D5-51A8-444C-9953-94E025B28643,,Storey-1,True
2yuH6VNer7FfZqybdIaAyu,IfcWallStandardCase,liftwand_(#182851),,,23C1C0E5-7704-4E5C-9601-EF059136CBBF,,Storey-1,True
0PzAL0YMTAfxVv0izANR8u,IfcWallStandardCase,separatiewand_(#249032),,,FD32A6E8-A56F-4F77-83BD-710F2FCF3799,,Storey-1,True
1fs4pCLHn7RxUUI3dd5FZZ,IfcWallStandardCase,separatiewand_(#299130),,,CDD7F8D6-5A42-48A7-9DC8-3A2594AC1131,,Storey-1,True
1qSygSJAf1FwTO1RCAcXhe,IfcWallStandardCase,liftwand_(#30267),,,9EA2E84A-7093-472B-BB87-4CFCBD94AF62,,Storey-1,True
3njT7sr2z5Q8ucDIIKwHW7,IfcWallStandardCase,separatiewand_(#262886),,,500541D4-181D-43B7-BF11-0CF7AF965E57,,Storey-1,True
399Wm2yVXF3vWPA3hWsM2R,IfcWallStandardCase,buitenblad_(#46349),,,0560A6F4-DF05-41C8-A34C-654A7B0FC699,,Storey-1,True
2kv_iL0Y53vgLdCj4vu32A,IfcWallStandardCase,buitenblad_(#46142),,,AD5A1916-77C0-47DD-88AD-5AB188807541,,Storey-1,True
3iSNqAasn72hqbK$rH9BLF,IfcWallStandardCase,buitenblad_(#92227),,,5EB6EA80-7392-4181-98B9-84F1A788B2DF,,Storey-1,True
3O_i13qDz1TAJIYRBIEK3t,IfcWallStandardCase,buitenblad_(#67661),,,288EC341-D5EE-4DB1-BBF5-356403DFB21D,,Storey-1,True
21eNxwio573PHXoMK9l$jj,IfcWallStandardCase,separatiewand_(#255432),,,A763101B-EFB2-4B58-9124-CEDD8E2C5E50,,Storey-1,True
2Rp6CRXSH7VOmvnh8PzCRC,IfcWallStandardCase,buitenblad_(#74681),,,10F762FD-4E91-4A0A-9167-D797A8C79852,,Storey-1,True
2_FTqRoILC8PSx1r9k89tN,IfcWallStandardCase,binnenblad_(#31226),,,2E0CFE45-1FE4-4F68-9288-B18C7E185BA2,,Storey-1,True
2xm1gPdw936hA8VzExnSc9,IfcWallStandardCase,binnenwand_(#27838),,,3E10D9E4-F4E2-4564-9146-3530FB35BA6E,,Storey-1,True
3wjlilZk9FDxQvYaetKXzH,IfcWallStandardCase,binnenblad_(#28263),,,819DB260-27B2-41A7-9E1A-A19559920C2D,,Storey-1,True
0uKyNQQc161x9ygg3aTpv7,IfcWallStandardCase,separatiewand_(#263064),,,680D555F-83E0-4265-9496-E69A45B9E3BE,,Storey-1,True
0WlKkI$8f3Z9ar1qpx5RQ9,IfcWallStandardCase,binnenblad_(#32133),,,A564BC77-8EFC-4E81-A8EE-721D90175B4A,,Storey-1,True
0DNXSo6gbFMf8FHlqB$eiF,IfcWallStandardCase,separatiewand_(#302348),,,FA9DDE3B-130D-4176-87F1-EDA014B18568,,Storey-1,True
25afYsEKX8TeAvB6WjzawS,IfcWallStandardCase,binnenblad_(#28451),,,8F3ADFB9-E9FC-4A03-AC3A-0F8AAFA3FD38,,Storey-1,True
1i9jDZjnL148RE2B1e4cXz,IfcWallStandardCase,separatiewand_(#250096),,,5FDE14E7-DC45-47BB-9261-689B82586554,,Storey-1,True
0GsXAKHBXA6QU2AOiF_BnM,IfcWallStandardCase,buitenblad_(#69499),,,07528A4A-A8D0-4472-89A2-D25F90139ECC,,Storey-1,True
2RZCg53Cj7D8pWvZ4YbcD4,IfcWallStandardCase,binnenblad_(#28635),,,3799B0C8-2F5E-46CD-8EDC-C0B36CF37840,,Storey-1,True
3vfOCPfyjBbAWrsfQ68Tu1,IfcWallStandardCase,binnenwanden_(#232188),,,9720203C-5F64-4764-937E-2D6A1098EC95,,Storey-1,True
1GLPXQDLfEUeZNnfvafBUw,IfcWallStandardCase,separatiewand_(#263732),,,B7A37D6E-FDAC-4A10-9C1D-9BD34EEF8006,,Storey-1,True
3Jafi4655B1wT7dZgHd4MX,IfcWallStandardCase,buitenblad_(#101683),,,79B35DE3-FF51-4E78-A457-C7CF4D7F9AA1,,Storey-1,True
102uhQrVTEVOZZMn4uAY9V,IfcWallStandardCase,separatiewand_(#210114),,,E52CE3B9-7EFE-4E61-9D60-D8595EB8DD8C,,Storey-1,True
3QhIAU4yD9mQrkcm7yIkO7,IfcWallStandardCase,buitenblad_(#146913),,,18A1D7DD-B5E1-4E46-A228-C9CE78343A49,,Storey-1,True
0DrtPGhfTB$A2VTV3wtQQ3,IfcWallStandardCase,separatiewand_(#293089),,,5856356F-0E40-48CD-A776-A7859751882A,,Storey-1,True
3GRNZTNRr8G8smhkpr5syE,IfcWallStandardCase,separatiewand_(#249210),,,BB2351B0-DC64-40B1-B016-A0EE3ADD66DA,,Storey-1,True
0HpByHTQr8UOopcjM3csKp,IfcWallStandardCase,separatiewand_(#228581),,,2DF4FF7F-772F-4AB5-AD65-3F478A6FBF7F,,Storey-1,True
2IQAbFJaPCdADVBgbZMxLt,IfcWallStandardCase,separatiewand_(#228043),,,AFD29D07-D944-48C0-9B62-7615C72CC0BF,,Storey-1,True
08PHwoNcr4zAufr84q_aUz,IfcWallStandardCase,buitenblad_(#178129),,,7BED3227-EDE8-483D-807B-6D174410671B,,Storey-1,True
0T9TML53z2M9tqUTJR5zbo,IfcWallStandardCase,binnenwand_(#269930),,,4BC56DC3-E5FA-4FCC-BB0F-A97A6862A1F5,,Storey-1,True
2X6zatWpb6thw8oJmRFtVT,IfcWallStandardCase,binnenwand_(#30083),,,C35351A5-ACDA-4DE8-899D-9320652034ED,,Storey-1,True
1bATYIbqnEYgE3N9vyATSO,IfcWallStandardCase,buitenblad_(#196163),,,27E45C03-7BCF-4204-AAC3-80B445EFF57D,,Storey-1,True
32C885zb10HfXKt8SE$4Dm,IfcWallStandardCase,binnenwand_(#30445),,,509C2E94-0AA7-4E70-A8EE-2FC3AADD8B4A,,Storey-1,True
213OqTJeTApAurPNhOjThf,IfcWallStandardCase,separatiewand_(#228403),,,8222FFAD-2AB3-4CD8-84AF-DD99C8A6FFFB,,Storey-1,True
2$Xse0CZf9QQMHap0MSd1q,IfcWallStandardCase,buitenblad_(#51760),,,779A042F-055F-4D11-9918-082E85B13FFC,,Storey-1,True
15QkVmK9z618aNbOw6K$cB,IfcWallStandardCase,separatiewand_(#258838),,,03446EF3-F9A3-46A8-80F9-115EAEC39A2B,,Storey-1,True
3rqVunWcPEGf0BuJdwn$qj,IfcWallStandardCase,separatiewand_(#252214),,,F8FA50CD-61A0-4692-9E4B-095A120CBC43,,Storey-1,True
38wuF56$T78Q28gjc7SLSx,IfcWallStandardCase,separatiewand_(#216716),,,B939B939-BEC8-47E5-9474-E024FCADB974,,Storey-1,True
3cFHbfZMHE1QCCiwzCchz4,IfcWallStandardCase,separatiewand_(#247851),,,B1726185-C520-451C-B5FA-EA19A6CFB37A,,Storey-1,True
09RlGWYzX4B8kxgUitfNsa,IfcWallStandardCase,binnenwand_(#28827),,,842B67D7-D540-42B2-8762-F4C46EACC14E,,Storey-1,True
0TqwB_tNf3IRXB_H3ieIlh,IfcWallStandardCase,kozijn_(#125502),,,01ADE2AB-C42D-4920-954D-89CCDBEC47D4,,Storey-1,True
1bvl_Lk8H6NA24uxJ2TMmI,IfcWallStandardCase,separatiewand_(#250274),,,F4224695-43F5-46A8-AB64-238026F69C95,,Storey-1,True
1aosfa1i1FE8Yy19Vu7K8F,IfcWindow,velux K08_(#948940),,,E0CC4923-AC54-46D1-96DF-3F7628C03F8A,,Storey-1,True
0ekbFk1v17_RdKwDCAIChx,IfcWindow,velux K08_(#926256),,,45C00328-2D0A-4E32-8D62-D9E365398AA8,,Storey-1,True
1Ix30zFZz3d92sIz$T_XCL,IfcWindow,velux K08_(#944800),,,3461CF7D-134D-4C49-8212-00B3CB2FAA89,,Storey-1,True
2D0kiGPOL269V91_yWkgm2,IfcWindow,velux K08_(#967504),,,416FC727-C9B1-48B9-9170-B149BE80A18F,,Storey-1,True
03AldB3qrAAvfaa6RuJUzJ,IfcWindow,stelkozijn_(#650409),,,9B1484FA-207B-4D32-8E65-C58303D70926,,Storey-1,True
2orFMc7z55Ledw0w2xPJ4T,IfcWindow,stelkozijn_(#613855),,,B23520B8-B1A4-4D2E-9041-24FA65D08CEF,,Storey-1,True
0nDujAB69DS9izGKLeFxu1,IfcWindow,stelkozijn_(#662684),,,D2D1CE22-70F4-4A37-8524-2B6CA94B727B,,Storey-1,True
1libdzZgnFD9Jik7_pv1u9,IfcWindow,stelkozijn_(#686165),,,603C0A47-EE4C-430B-B78C-FBDE00C028A7,,Storey-1,True
29GZ6UygDF4RaquOFEe97t,IfcWindow,stelkozijn_(#612144),,,22CC5D3C-FE41-4C05-8298-8918D82C8492,,Storey-1,True
04HuHpaEr2YQBTFV26LX4x,IfcWindow,stelkozijn_(#686254),,,C9C1ED64-2FA1-46FA-A342-17C77DF368E0,,Storey-1,True
1efX1E12v5PQgP2pnfnIE3,IfcWindow,stelkozijn_(#688036),,,AFDC78F1-D17B-4DD8-9382-5CEFA944FF84,,Storey-1,True
3FNr31KWz2POCkPE9OKDKd,IfcWindow,stelkozijn_(#615856),,,BE9A3E17-B1B5-49F9-961E-AE71FC3E6EB5,,Storey-1,True
259rQffD1FiuK7tJlkY_ul,IfcWindow,stelkozijn_(#601929),,,995312FF-8B59-4469-9B44-9ECB045AB253,,Storey-1,True
3_dXL6FOT84BeRzI_st3H3,IfcWindow,stelkozijn_(#661777),,,740F76D7-4E16-4220-A744-FA2261E6C89F,,Storey-1,True
2OWc8$FWTD0RKVkzPjU2UF,IfcWindow,stelkozijn_(#639664),,,7A38E1D2-58AB-438E-8EB2-92FBCF9E0FFA,,Storey-1,True
2jxBJ7Wpb9U8cyu46HsGM6,IfcWindow,dakkoepel 1000x_(#769613),,,281480A1-040A-48D1-A601-A1D6110BB331,,Storey-1,True
3nNl1y1n567hYW1_dUplEG,IfcWindow,stelkozijn_(#687858),,,0E450E4E-3FAF-40F9-867D-C9781DAD3306,,Storey-1,True
1hPzwRz_b4gOFuZ5IEFcao,IfcWindow,stelkozijn_(#686076),,,8FD7E43E-345F-4271-A13D-89C38C62E958,,Storey-1,True
0UcKNxAODBLvKDpd549zVh,IfcWindow,stelkozijn_(#689907),,,A5BDBB03-B220-42C6-A1AC-2759B6B2B128,,Storey-1,True
2KJQtc8v9DFul_GLl8NeL2,IfcWindow,merk C-R_(#675581),,,8C744E78-351F-4800-BF5E-30FC93015752,,Storey-1,True
3Q1RvU_YPBVg$Q1fKA0eMk,IfcWindow,stelkozijn_(#686343),,,4707ACB9-F27A-4494-8AF7-7C6CEAFDD3D3,,Storey-1,True
35RN67XT97Yf4RD7yob_aA,IfcWindow,merk Csp-R_(#611256),,,4D1A166D-47FB-4C58-B7D9-CE1F752F52EB,,Storey-1,True
0174oh3CD24hvU1Ow5D36B,IfcWindow,stelkozijn_(#650172),,,2CB72E15-7F8F-44D1-8920-488A0C3708A3,,Storey-1,True
1VpUy6tNbC5v2ybY2e5lF5,IfcWindow,merk Csp-R_(#638781),,,EB211C98-F0CE-4354-A897-1679BF109845,,Storey-1,True
0fzgTqKXHB7u3sFJJEDAXx,IfcWindow,stelkozijn_(#684561),,,3A187733-CE3B-455B-946E-EE3C69DC004E,,Storey-1,True
2yf6QUuVP55es90rWR9_DK,IfcWindow,stelkozijn_(#689818),,,C273C402-84E3-4D36-B58C-6B064D255D55,,Storey-1,True
1mPkesLxDBJuzeRFDIOlve,IfcWindow,merk C_(#654615),,,EDCCB9B2-158A-44A8-9E40-9D6DC1B84436,,Storey-1,True
3iuBHxrKLCNfmlduXhwGgW,IfcWindow,stelkozijn_(#602166),,,C015ED8C-A98D-459C-9D36-C664FF21B7D7,,Storey-1,True
1dsyX66qnAUeNaJ79P2gCX,IfcWindow,stelkozijn_(#661972),,,E6AD4424-D744-4053-83D3-75F9E00C424F,,Storey-1,True
27S5Z02wD8Dh7lg8C2vlgJ,IfcWindow,stelkozijn_(#689729),,,30678366-14F7-428A-B3ED-E3E09D4DB155,,Storey-1,True
3GtXFK1fL6m9znlxMsk0KJ,IfcWindow,stelkozijn_(#672420),,,B6EAA785-2508-4BFB-B36F-D0763DA9CCF9,,Storey-1,True
3zWU$Qpn54oQZO60lbqx8V,IfcWindow,stelkozijn_(#684283),,,63E6DA71-2A6D-477F-8A21-13476A14AB6D,,Storey-1,True
1mlGJs8VjD4RqOIlGby3sz,IfcWindow,stelkozijn_(#639569),,,70131381-CD9D-4294-8E92-A5B264F9F7D5,,Storey-1,True
2vPCtDLZLDcO0yiEWImdtY,IfcWindow,stelkozijn_(#610113),,,3673FF31-AF50-427E-97F2-7914EA455231,,Storey-1,True
3PmsKf4ULBex3edICeQCTn,IfcWindow,stelkozijn_(#615471),,,83AD57E3-A53F-4654-A8D1-06988DC1EE9C,,Storey-1,True
0bKWaI$nX7GQh$HO6fqkXR,IfcWindow,stelkozijn_(#615566),,,26CBE716-CAEB-49D8-97BB-1A8CC15F82DF,,Storey-1,True
16qnjc97v4$ezwYviOdqEx,IfcWindow,merk C_(#685294),,,9F719A3C-1817-496C-BFB4-FF2DA195559F,,Storey-1,True
3im2zdKh1FoOc02vbggghz,IfcWindow,merk Csp_(#614683),,,932EB221-C463-4D3E-96FF-B1511B39F498,,Storey-1,True
0cXyHjurv1a9c0jJJ_GcGw,IfcWindow,stelkozijn_(#680607),,,DBD4FE88-38AA-4141-BC8B-37ECDF3A6101,,Storey-1,True
1r0g4WN7zBEe0sgBHzI7xa,IfcWindow,stelkozijn_(#680785),,,C5D843D1-2BCB-4B11-BE8D-3C8A80FD3E96,,Storey-1,True
3W_f$_t31F1AZIMnyxvnz3,IfcWindow,stelkozijn_(#684372),,,98D6461F-4946-4A62-A235-4F26AD6A6F6E,,Storey-1,True
3cdRRIm555dRPBMjJlk_ly,IfcWindow,stelkozijn_(#662209),,,81362E41-D0C6-453D-8656-F4DA422E741E,,Storey-1,True
3cLN2NeizAc9cVL87UdD1o,IfcWindow,merk C-R_(#612877),,,3EFD7738-0A8E-4B7E-83E3-6AAB6C3B82BB,,Storey-1,True
2hSDQZVSXB0OP_sxGPlI$3,IfcWindow,stelkozijn_(#662494),,,CB61995E-8C17-457A-A0BD-B9047A929CAC,,Storey-1,True
30lLUpIrn2ZuQyxHk7VhVN,IfcWindow,merk Csp_(#683412),,,E2AAB39B-C8AA-4AB3-8C7A-DF853686C189,,Storey-1,True
1ZYqmkojXA0eSWxyoXZcuM,IfcWindow,stelkozijn_(#684194),,,E7EE17F7-1F0F-45F1-A46A-6C4C54D3B330,,Storey-1,True
02HIVarzjEeBC9RIQ7iY_p,IfcWindow,merk Csp-R_(#679468),,,E025FD10-6EAD-4026-9997-95D1C9BB5C5B,,Storey-1,True
1kyF_ZRC919fQHVmn36MLx,IfcWindow,merk Csp-R_(#647663),,,1734C518-EE1A-4893-AFEF-F7F2BDE74EE1,,Storey-1,True
1cLb84f5z659GgMLiRbePM,IfcWindow,stelkozijn_(#661587),,,515A0E88-C26D-4151-8E6E-4B50373DA59E,,Storey-1,True
0MI_K98an83PrNYwGXJnMb,IfcWindow,stelkozijn_(#613950),,,7ABD2193-D365-4E62-B336-8F4C93E3AEE3,,Storey-1,True
2fMfndVnD2R9TUrXx88o9_,IfcWindow,stelkozijn_(#680696),,,51B76F99-0A48-4C61-9487-FBF0AE9CF1B9,,Storey-1,True
1BT$$cAnb7EfcxwOANzS8Q,IfcWindow,stelkozijn_(#662399),,,66F5C3B9-A58F-4E11-8B3E-555BD3EEBF27,,Storey-1,True
2wZ0w$0nnE0hkxuN_V9cNP,IfcWindow,stelkozijn_(#661682),,,14AD97D3-E046-4328-9384-F7280F4FD03A,,Storey-1,True
00sumIw9D9EgZWxEasSnKE,IfcWindow,stelkozijn_(#662874),,,5C661B8E-63EA-45ED-9939-7617559594BF,,Storey-1,True
1JaSVauAr3DuKBcZP1OHya,IfcWindow,stelkozijn_(#639854),,,12A7F0F5-9896-451F-BF44-B5F2DF3F16C1,,Storey-1,True
0BtjZMmBr4jQ$h_8YbD1eu,IfcWindow,stelkozijn_(#688125),,,05322DEA-F5BF-4437-B9A1-F0821BE10E72,,Storey-1,True
3gV8F00ur6Ug8wwy5lEayU,IfcWindow,stelkozijn_(#662779),,,4D41D430-616B-482B-9B2B-32F51365430D,,Storey-1,True
1FIxVjmW5AyuXkZ5BNcSTz,IfcWindow,merk C-R_(#652564),,,BF7C342F-8603-4F90-9CBD-75661063CC34,,Storey-1,True
3cTQcv0s15GfzCPjkGJaYv,IfcWindow,stelkozijn_(#615661),,,97BE5CDA-4EB8-451C-A248-A4A48C7113BA,,Storey-1,True
1LujJ2JKPCUvhhv13WeOEC,IfcWindow,stelkozijn_(#639759),,,F5688E7B-3ADA-4732-B759-5CE4918F8959,,Storey-1,True
2NDMTI7EX3N9zowDzHR3mx,IfcWindow,stelkozijn_(#680874),,,C3478780-0409-4E9C-B757-A69B2EEAE1CC,,Storey-1,True
2tyRmYRr9099C9ulYUFK7P,IfcWindow,stelkozijn_(#613665),,,41FD3803-ED58-42EC-A0D1-294358FDF13B,,Storey-1,True
1S2GR1o9j8YBiff39xtQy4,IfcWindow,stelkozijn_(#613760),,,C23CF324-20B0-4921-9FD7-4FA648AFAAB8,,Storey-1,True
1U1YAzLAr6du068Uk5p1I9,IfcWindow,merk C_(#688858),,,694815E1-773B-472F-B3DD-C3A17FBADAE5,,Storey-1,True
2lN0e9NQj07BUORa4OgEsw,IfcWindow,stelkozijn_(#672515),,,41F26982-20DD-44CA-8CE1-CA183E5F1546,,Storey-1,True
1ZT9k4UNT1uQXO_7BsO2dw,IfcWindow,stelkozijn_(#687947),,,691FD5B4-EA86-40BB-8F6A-2B27FD3A0E37,,Storey-1,True
1V6WFum2502gB6Zpmwm91M,IfcWindow,stelkozijn_(#662589),,,E9B0817F-F55C-42AA-B61C-CBBAFB593898,,Storey-1,True
1MwDW$fNz22BsoZbMfGJsg,IfcWindow,stelkozijn_(#662304),,,746C98AB-1387-4258-86A2-E45B2F0007DE,,Storey-1,True
3jmsVb5uH3FPXcq40x_bWq,IfcWindow,stelkozijn_(#689640),,,BD7F205F-79BD-4805-913D-429CD05ED9C9,,Storey-1,True
2YbsHQNfvCjBrMZ3NJoT2t,IfcWindow,merk Csp_(#687076),,,4BA26769-C22C-4D5B-9C86-DBAE5BBB6DBB,,Storey-1,True
0XDsFuUEn0_wZIBkdtUY7l,IfcWindow,dakkoepel 1000x_(#1019167),,,727B48D4-9217-4F38-984E-DDD4AFF7252C,,Storey-1,True
1dDlItqX1BGe$tYuTx52B0,IfcWindow,dakkoepel 1000x_(#1010566),,,3EA47F39-44A3-44C7-A8F2-48A6D7B6F079,,Storey-1,True
1jbA0IeET1Ne3fl4U1t1pJ,IfcWindow,dakkoepel 1000x_(#1019087),,,EEB2ECF2-163A-4985-A831-5E9F2FFE50EB,,Storey-1,True
324mh_q7n58uaygLiFVqnk,IfcWindow,dakkoepel 1000x_(#1019007),,,FAB3F4BB-3B1F-4E1D-98BE-3FDFD0EA66A1,,Storey-1,True
0WW8MCGG1FORL5OwtMiDFZ,IfcWindow,dakkoepel 1000x_(#1018927),,,481DE70F-AC2D-4599-864B-80BCD74EA453,,Storey-1,True
19qrV9e992j8sBG4xsJOEo,IfcWindow,merk D_(#830435),,,A5CB4448-F0C9-47C2-8006-76FC53C081C0,,Storey-1,True
0_zU$U73T9xhz96kqOkHSe,IfcWindow,merk K_(#793981),,,F92DBB62-8DC8-4190-84C6-9C031DC448AB,,Storey-1,True
2ebCguQCPFuAAm0NPKp7wt,IfcWindow,merk J_(#879766),,,8ED2E7D7-7DBC-4B7B-96AD-6EF5C4DF0FF5,,Storey-1,True
2ie9DdxVP6CvT_X9n$OKRb,IfcWindow,merk Dsp_(#779510),,,47223CB9-9FF6-495A-8751-482B5FFF60B1,,Storey-1,True
3etbyzA4z6D8rv05SjlnQ9,IfcWindow,merk Jsp_(#878568),,,798275C2-BBC4-4CF1-83E5-22DD4E05AE9C,,Storey-1,True
18GUm_hgHBbv9lB1Q5t6KT,IfcWindow,merk K_(#792551),,,3BC0EC9B-AE42-4EFF-BAE4-6479EB483CA8,,Storey-1,True
2OtxAI6Zb4LO2k3PKaeSB_,IfcWindow,merk K_(#788261),,,E35147BF-0EF6-4CD0-864E-F1D42D9109DE,,Storey-1,True
3_ZXC7cVv6GOFGowfeo5h6,IfcWindow,merk Ksp_(#789691),,,EE757361-C035-46B6-A2CF-8C2DE4566513,,Storey-1,True
0DqQbovCPEyPBI84N3GHr8,IfcWindow,merk J_(#877364),,,90C94B21-87BD-4C1E-A112-672F1A6630B7,,Storey-1,True
3rxJe$A$HDjOoMOFjEudsg,IfcWindow,merk Ksp_(#791121),,,C02BACF3-08E8-4722-8B1C-7A21CFE5ADC3,,Storey-1,True
2lNrx2kbLDBBjofFEO2TP9,IfcWindow,merk Jsp_(#880964),,,861AB67C-0FF5-45E6-95A1-98A6183CF1B3,,Storey-1,True
10FwZFtWvCvOLLMUZeobN6,IfcWindow,merk Dsp_(#827238),,,94B0B2D5-5360-430D-B4D8-3B1C7FBAA085,,Storey-1,True
3I9BnxcE99HvourdcNNGQn,IfcWindow,stelkozijn_(#338236),,,4C5F2C31-D679-4332-8534-6DF930BC68ED,,Storey-1,True
112ucQSn96heulyu_JquBp,IfcWindow,stelkozijn_(#407644),,,1687B580-4EA6-4253-841E-80BDDA888017,,Storey-1,True
3hWN7HRI14y8dBCtT2U0Fy,IfcWindow,stelkozijn_(#424337),,,628EA89F-7FA2-4F01-AABE-9BC7D3C5FAF3,,Storey-1,True
23PPVxY3T3$9WMI7xRyiw7,IfcWindow,stelkozijn_(#322156),,,B812225B-D5C2-4E1E-8106-C6EEFF537B8D,,Storey-1,True
2AV9CmkGLBoPAD47NTlJ5D,IfcWindow,stelkozijn_(#485996),,,1E27EEC2-3461-4DC3-A6BC-170F9A0C55E8,,Storey-1,True
1L7IjJxMz0KuG_7cct04DA,IfcWindow,stelkozijn_(#342137),,,5DC985AA-1B04-43E1-9686-4EB62558A959,,Storey-1,True
2BQTHsYRj3893SNFcRy6nx,IfcWindow,stelkozijn_(#398494),,,85B0C5D1-FDF9-45D3-85B1-5D7FFD9EC3AA,,Storey-1,True
2d0EwSJ_jFARE4XWmR_yXi,IfcWindow,stelkozijn_(#379036),,,8ACC49FA-B24B-4E1C-9250-C09DD0B13EC1,,Storey-1,True
1q1$DMbCrE8fMg2GJAc1O4,IfcWindow,merk B1sp-R_(#410779),,,338F6BD9-70A9-48B4-B3B6-A36EDF8FDE00,,Storey-1,True
2QpwEAY59F7vX8Hu9BWoCt,IfcWindow,stelkozijn_(#397898),,,9F6DB05D-D507-46A0-B766-2312A101AE99,,Storey-1,True
3MpYrJoiT4lB3xA9vEInd9,IfcWindow,stelkozijn_(#414460),,,4E5494DE-103C-4A2C-B9D7-BBE8050A9D2B,,Storey-1,True
0rTlYXMrjEoPv1jZryr$z3,IfcWindow,merk L-R_(#462555),,,F228FECB-99DF-49CA-8D64-7738A78AD5C5,,Storey-1,True
3xUCf3I8z6TePb1neOodQ2,IfcWindow,stelkozijn_(#425836),,,5288BC35-9C24-48B2-B5B7-512E69C6DF40,,Storey-1,True
19FgJIPwD8jucZo6nBllsT,IfcWindow,merk B2-R_(#436208),,,BF171812-0295-48F7-ADF5-EB19E9909597,,Storey-1,True
293nF1gib8rgDF7ysyrGdT,IfcWindow,merk Lsp-R_(#464995),,,CBE27C24-F393-4EA8-99EC-875D4D513014,,Storey-1,True
17LFRtNpr0B8BU1cbJvHTO,IfcWindow,stelkozijn_(#397803),,,A24AE862-82E0-426F-8A42-6B63899A1773,,Storey-1,True
3_7jpp_uPEjeUvO6JFf81Z,IfcWindow,stelkozijn_(#313207),,,662B3F03-DE91-45FE-8E96-B187DF8732A2,,Storey-1,True
2cBVMLlz1Axw0htVN4j_Ke,IfcWindow,stelkozijn_(#368363),,,DE5E0C47-84CA-41AF-AE6F-678DAA06C9B8,,Storey-1,True
10UbotO614gApuD5JK7dxs,IfcWindow,stelkozijn_(#407549),,,10050B7D-1324-4D5E-8FE7-5C22CBCAE568,,Storey-1,True
2WR4cWLb9AgP1JWXSg$1W$,IfcWindow,stelkozijn_(#312848),,,B27493C5-DFE3-43D4-804D-A5ECF28820E0,,Storey-1,True
0zwR9xaGn7BxncDjegQ$Vi,IfcWindow,stelkozijn_(#338141),,,3DE2930F-A290-499E-BD5C-2B11F11EE362,,Storey-1,True
13e7YbeSj0_RcuesS2nQBY,IfcWindow,stelkozijn_(#344342),,,736557B0-4F94-4B89-8FD8-9EC5E10D17BD,,Storey-1,True
2jI6R332zEEvmdVodKiU2J,IfcWindow,stelkozijn_(#486186),,,11B178F7-47A6-4C4F-8854-0E2D94C0427D,,Storey-1,True
0Qsap_2Uz3QB0nkJJrzxZi,IfcWindow,merk B1-R_(#339253),,,9B87A308-C595-4B51-872C-930F0B840D37,,Storey-1,True
3D886uE8nC_u7gVowVUefH,IfcWindow,merk B1sp-R_(#416464),,,C9A05450-256F-4596-BCE8-3B58D5ADB644,,Storey-1,True
3EqNXW8gr5TgY3dS5yL3qB,IfcWindow,stelkozijn_(#397993),,,0582B9AA-FC32-424E-858C-84510BE2A6EF,,Storey-1,True
1iwScpO8XACOnN5xfumRZT,IfcWindow,stelkozijn_(#425741),,,D6D50885-1F5B-4E11-8EAD-15E4D80DEC2E,,Storey-1,True
0BQ8TICb59bQmDvNJPlay5,IfcWindow,stelkozijn_(#378269),,,D11F32DD-25E0-43BB-83B4-0B4B42EBD6AE,,Storey-1,True
3DikP7Fyn6mga5pYELjb_F,IfcWindow,stelkozijn_(#344247),,,59C1A18C-6A5F-4A5A-A87B-342CE18370E4,,Storey-1,True
1goPNYBYf6SxalewkScIHW,IfcWindow,merk B2sp_(#326833),,,BF402FD5-FA3A-4D0B-BF22-4EB1BAEF08E7,,Storey-1,True
3J$rWxkAT6dPBThmMFnq3D,IfcWindow,merk G_(#377211),,,3EC64C57-15F4-45A0-A6DD-B201AF79A9C3,,Storey-1,True
0WqoeJqfn9Kuuom7ThgQaj,IfcWindow,stelkozijn_(#370171),,,A44810B8-DD6F-4891-A0F3-A0DA82E1FE10,,Storey-1,True
335pFYveDBgup6qcnaZBcv,IfcWindow,stelkozijn_(#344437),,,3C27920B-1D3F-4885-AA11-C03AC607F877,,Storey-1,True
3KXR0dmPz9z88ygv8bEyfC,IfcWindow,merk B1sp-R_(#369380),,,F8CE672B-D4C9-4FA6-B02D-C04C2279E9F8,,Storey-1,True
1pC_xQUIb8GfQBVHKWpf_Y,IfcWindow,stelkozijn_(#313658),,,A7F34BFB-57CF-4FE5-A62D-6B542E784FF5,,Storey-1,True
1DmBfugHfDovbK1cGlytfG,IfcWindow,merk M_(#424950),,,E21A6AB7-880D-4E2D-A793-65EEFE9196CF,,Storey-1,True
3crAg8d312MuSJITDB34Eq,IfcWindow,merk G_(#375431),,,46779D5A-9489-4F75-9CED-FF4706745D6C,,Storey-1,True
1uDiXkNAD0bA__Hj61ZSaH,IfcWindow,merk L-R_(#459370),,,2F1C9472-BC6E-4684-B5D9-6B3A8D6FEF8D,,Storey-1,True
2SzxIt2_1BdgncHgRlEfr5,IfcWindow,stelkozijn_(#418653),,,85075EDF-1844-460B-B49A-5F2B7C41BE9E,,Storey-1,True
0a4xf8In1DgQB4mv2juU7d,IfcWindow,stelkozijn_(#383898),,,7EC5BDA0-ABEA-4087-8969-8E94926D90EE,,Storey-1,True
3Nq$U_14nDdfiBMaLzbhNG,IfcWindow,stelkozijn_(#327618),,,809F56C2-4C4D-4495-979D-74B7ED83E7FD,,Storey-1,True
2gEgsjJGbDvAb7rIJUzBwy,IfcWindow,stelkozijn_(#313747),,,7BA66EE2-0B6A-4354-B07C-D8F17E8444BF,,Storey-1,True
28y23oYnn9ffNHFtIgG4eV,IfcWindow,merk B1_(#389232),,,DCA8ABFC-F003-445D-AE3D-D96CE1D1879B,,Storey-1,True
2onbc2PE91U9DaDKupfklS,IfcWindow,stelkozijn_(#378110),,,B2BBA673-F851-41DA-90BB-E239A96D29D0,,Storey-1,True
2dMnxMElvAVhCC5iUCkyUv,IfcWindow,stelkozijn_(#340044),,,AD4F6A0F-7015-412C-8972-30414FD4A547,,Storey-1,True
2QkQ9BlLjFFvcmEALLehcI,IfcWindow,stelkozijn_(#342042),,,5AE37656-685F-465A-AA9A-E10AC8699A32,,Storey-1,True
3tluGaSF578Pu1p8j0vdmu,IfcWindow,merk B1sp_(#343364),,,DDE60C04-1172-4F15-B4A4-FE9AEEB227EA,,Storey-1,True
2$JdFRWsbBIP3FjyBuGbvq,IfcWindow,stelkozijn_(#344152),,,5D09925C-37EE-47CF-8DB8-5A30D77B3B4C,,Storey-1,True
0YFEQngbT9KPwMNOn2b1fn,IfcWindow,stelkozijn_(#486091),,,562BBAB9-FA16-468D-A247-29AD6E37CD77,,Storey-1,True
3bclNNzVb6D9EU2SL1$Zt6,IfcWindow,stelkozijn_(#425995),,,F9E67E9D-3BAC-4886-9F54-7548080A8B44,,Storey-1,True
2XNLxb2W1EcOmRN2I2R6N6,IfcWindow,merk B1-R_(#412896),,,DB91F679-918A-4612-88CB-786814CFA59E,,Storey-1,True
2soLCWpMz1yAcFT7cTbLdU,IfcWindow,stelkozijn_(#426090),,,96FE7A4A-2AD2-4030-9999-6A3874324599,,Storey-1,True
3Y0_4gGtL44hRbmRrghGkI,IfcWindow,stelkozijn_(#423988),,,E5CE5FD6-6B41-4058-892E-C61ABE24F9F3,,Storey-1,True
16ECXJNHv5vwopJkcy9S2C,IfcWindow,stelkozijn_(#414549),,,350776EF-034E-4540-979B-D768B2CE2019,,Storey-1,True
2bZlJgvinFyPzBt5fL3V96,IfcWindow,merk B2-R_(#314764),,,9A980869-B973-419C-81BF-6891E770DBB7,,Storey-1,True
0_drwVPRL7SOL3NsieV7Sz,IfcWindow,stelkozijn_(#398589),,,DCB31C18-0D9B-40FA-9432-4A5905773969,,Storey-1,True
2pbsBQC4D6Mv5AWK1paMPT,IfcWindow,stelkozijn_(#414638),,,4719371A-D396-4C6C-9C23-6658E2CABE28,,Storey-1,True
0HZpgsBv5E$Pwl7aN8abMh,IfcWindow,stelkozijn_(#437399),,,DA9F605D-DF01-47C5-984C-06C4FF90EFD6,,Storey-1,True
2DG$Tb0_vFZOtcSmS9XFvD,IfcWindow,merk Lsp-R_(#457190),,,7192F55E-682F-49FB-A2D2-BA587A5BD1BE,,Storey-1,True
0$2Sm65ETFnewuSwYXFB7c,IfcWindow,stelkozijn_(#414371),,,77A1E899-05BE-408E-B2FE-0AAF5BB2F69B,,Storey-1,True
0SSxKQTLr3Mfar3nsvj2sL,IfcWindow,stelkozijn_(#437246),,,67D53D49-AACA-4E5E-B9E5-277CE3EC1C06,,Storey-1,True
0mFrlT4jPFoPTUKQY3SIyP,IfcWindow,merk B1sp-R_(#341061),,,0F991A74-0E88-4D7B-92C1-EFF67BB51805,,Storey-1,True
3JeH1TgU11swcYtanRKEDB,IfcWindow,merk B1-R_(#402371),,,D5CF3692-942B-4303-B96F-BB0150DDD75F,,Storey-1,True
1nC2$ouM1B$epj6kAfWHhy,IfcWindow,stelkozijn_(#437093),,,62CAE440-C29C-471C-80B7-33FBAE2DF257,,Storey-1,True
0BhOIQrAL0ZAdIKC7oBr2z,IfcWindow,stelkozijn_(#398779),,,81E4657B-DAF0-4B31-9CF0-D6C798A8AD99,,Storey-1,True
229n$0qm16we0kq0RUmBDe,IfcWindow,stelkozijn_(#341852),,,8B28FA15-2A9D-4FC1-BD17-6C9C188ED8CA,,Storey-1,True
1UIFjOmkL7u8XBXKE6gJD_,IfcWindow,merk G_(#484156),,,35AB9CCC-4DC8-4199-8F62-B5C51BB0BF78,,Storey-1,True
2AHadhzcz6ehrU9RR2suK3,IfcWindow,stelkozijn_(#424242),,,4D0DAD7A-69AC-4DCC-BF73-7B871DD7F2DE,,Storey-1,True
04DbHnX6n11hlNJ3LMFYwE,IfcWindow,stelkozijn_(#397613),,,039190F7-59EB-4C17-9CA3-C3326ECBBAF6,,Storey-1,True
2IrOQBpMH1Au54WvTNJzko,IfcWindow,stelkozijn_(#341947),,,9FB382ED-99FB-48F4-9556-8F06369F77A3,,Storey-1,True
2hktZm_nPCJfHHxPZV74WL,IfcWindow,stelkozijn_(#322245),,,09BC86DE-C514-471E-A1EB-1DC8531824B9,,Storey-1,True
0KeeaFaBb1sPc3vENkFIPg,IfcWindow,stelkozijn_(#437588),,,D860E72C-44E2-4CC6-A10B-944CCE01E886,,Storey-1,True
0HW1lrWU5A0Adx8y0h4tNx,IfcWindow,stelkozijn_(#398874),,,2968E785-D506-4BD0-9E58-CEC3B2F0B2DB,,Storey-1,True
1rmUI_MzvCFBqXNy27VuJP,IfcWindow,stelkozijn_(#398399),,,C80B39B8-5CAD-41DE-8CC3-052445A5671E,,Storey-1,True
1f7aM0GNn1mOYsXpF6NKyV,IfcWindow,stelkozijn_(#398088),,,B0018EF1-076D-4711-8365-83EEC3B57C90,,Storey-1,True
3cAlml7i1AbfXBfjlvzyF1,IfcWindow,stelkozijn_(#378941),,,37E5BD73-6A42-4BD6-AB80-6580F58C7CDC,,Storey-1,True
3Ro16kI2fEVg3V_LuK9_tc,IfcWindow,stelkozijn_(#370361),,,1440CDFC-68FE-4493-9060-9ED1A5E2D1EE,,Storey-1,True
3qI00aCkH6E9cjz8qe6CZ6,IfcWindow,merk M_(#423197),,,592BB913-6F80-43AA-9E27-D3EDF37CBC07,,Storey-1,True
0CUI0BVhTDtQ6o9QKFgd7J,IfcWindow,stelkozijn_(#486281),,,856413D5-D6B9-440D-85DF-D4D095204018,,Storey-1,True
26lh6uwbjFFvjnXEkgUDsb,IfcWindow,merk G_(#482387),,,FD67FF3C-2028-41F5-ACDA-552232944ED5,,Storey-1,True
1FzwFic1rExOaZJAf0B49i,IfcWindow,stelkozijn_(#378846),,,0994C2D0-5FB1-4F23-B2B4-213B580C7904,,Storey-1,True
0sIcMfLcD8uPgh2OyJjLjg,IfcWindow,stelkozijn_(#397708),,,AFBBCDCC-409D-4D0D-80D2-85F16E0ED151,,Storey-1,True
0trARgofL6qhbHmfkcd8uu,IfcWindow,stelkozijn_(#398684),,,427778B1-D9B4-476C-8BB4-049FE58CFE9F,,Storey-1,True
3yh1cFmADE5BCLgkhTM09S,IfcWindow,stelkozijn_(#407454),,,01F41B2B-A1A7-44FC-8845-92203ED44693,,Storey-1,True
1uQIhb98z4owXmKBinBuNB,IfcWindow,stelkozijn_(#370266),,,E2B9CFAE-AD13-4AB4-AA13-86C629EA1EB0,,Storey-1,True
1KAxLNjXHEW9vvbvrFXmAL,IfcWindow,stelkozijn_(#424083),,,2378024E-815A-40A5-A78C-366985E0EE3E,,Storey-1,True
3iTU5x_7H2ROja$dgYiICT,IfcWindow,stelkozijn_(#322334),,,21398DC5-7117-47A3-860A-78ED256BA01C,,Storey-1,True
01i225Zu912x4i0_d9ndRQ,IfcWindow,stelkozijn_(#338046),,,659FF4B5-40A1-4355-A679-5B426A7E6EC0,,Storey-1,True
0zmqAMOrD8nR1c8iz4sw$Y,IfcWindow,merk B1_(#53197),,,20DCDBC5-3FB0-4C41-8FCF-01B4CCB0897F,,Storey-1,True
2rU778hnn17RLqAy8pcldQ,IfcWindow,stelkozijn_(#135447),,,EBBE261C-9D77-43AD-BB28-668E8116B11D,,Storey-1,True
3P7XX_VaXEVuWeUoDUQOPj,IfcWindow,merk B1_(#160577),,,A47EBC2A-0972-42AE-BE44-D6D6B3661C32,,Storey-1,True
1DSrV1NmzDsOFC2B7sgDZp,IfcWindow,stelkozijn_(#109056),,,B7F7A67D-9723-4CA9-B9B9-72DFF9C06463,,Storey-1,True
3zxpVdOwz7_OiVwJu4wqcL,IfcWindow,stelkozijn_(#50921),,,ABA2C6DE-C915-45EF-9648-6FAAE257F950,,Storey-1,True
0pWvvSDFz8IgsrdBf_cjUJ,IfcWindow,stelkozijn_(#95065),,,2953A4AD-6D45-4276-B6AB-2473C1AF67DF,,Storey-1,True
0k3F6_X8z8WP9_LEMgMZi8,IfcWindow,merk B1-R_(#134556),,,B7C664EC-85E1-42ED-84BA-C5212746ED3F,,Storey-1,True
34ngXpjWTDMuxnTqkXJuOs,IfcWindow,stelkozijn_(#145136),,,30DDB97A-A580-4B77-AEEC-73DAAA726212,,Storey-1,True
2xYWXUDbT4tvMDtBQ4Ozca,IfcWindow,stelkozijn_(#108417),,,8C180CF4-77D6-482D-B054-0848A4ABEC46,,Storey-1,True
18Fq9tXj1BqfwBSwkhBL9E,IfcWindow,stelkozijn_(#108866),,,D26E16BB-04C8-48CB-B3E1-AF48515B3F8E,,Storey-1,True
2oHf5xu9rCShA2vk8e$X0R,IfcWindow,stelkozijn_(#161362),,,2E1B0947-BA68-48F2-89CF-4BA38D2349A2,,Storey-1,True
1UHZ2sxLDBVfAV9gufzNTi,IfcWindow,merk B1sp-R_(#136977),,,3562FCF8-F06A-4ECE-9E38-D39DA6B7F660,,Storey-1,True
3zfa17c2jFkPWyt7IRJfIA,IfcWindow,stelkozijn_(#165729),,,E37F17D4-F043-41B4-B8E6-5663107EA882,,Storey-1,True
2wcsSj3aD4rAlnEuPyjW$X,IfcWindow,stelkozijn_(#180497),,,E654B677-3BD0-4A03-8833-1487F278C4F0,,Storey-1,True
3XrKPuV1j0wehIKQYpB8BR,IfcWindow,stelkozijn_(#135765),,,581B7C13-F25E-4F98-AD04-9074C9D55297,,Storey-1,True
2YkYWM2HT9PgN0j7s0athM,IfcWindow,stelkozijn_(#180764),,,6726E7A0-0FD6-40AA-AEFB-8B0402E59696,,Storey-1,True
1ZpiaR_XX9982q1eWrPFWH,IfcWindow,merk B1_(#113293),,,67E570EA-F5C3-4454-92F9-0BFF724DB56E,,Storey-1,True
3tvFlUIPT5$fIi_9R0DTyu,IfcWindow,stelkozijn_(#119056),,,8BA38BDF-58F4-4F4F-8C03-2C93895BFA62,,Storey-1,True
0L1zhN9vf9PxJ5PoCj828n,IfcWindow,stelkozijn_(#52232),,,4742B6FE-A8A7-4FAF-82CA-A0AC49A59C24,,Storey-1,True
0spKItsIH2hgsjBL98YGqU,IfcWindow,merk N_(#132846),,,E76EADE0-0DA9-4ED9-A8BC-E49EF24C707C,,Storey-1,True
2r5DpMjcD2SxKJHMBYmpD8,IfcWindow,stelkozijn_(#117461),,,98DC4CF2-B621-4AF8-AE1C-377CDEE9212C,,Storey-1,True
2K8ZUQh1b52wykckodSuUf,IfcWindow,stelkozijn_(#171226),,,1072F7B5-4A86-4D69-B549-0D67CC6DA209,,Storey-1,True
3n8U7gD5bFPQBGJuBBZyez,IfcWindow,stelkozijn_(#51947),,,F0A985E5-5575-4237-BD56-FEEBBBE23962,,Storey-1,True
02qFi5dEH0$Q61urORyM31,IfcWindow,stelkozijn_(#51206),,,167C6C94-ED62-4034-A5D8-9F58C177F269,,Storey-1,True
31JLFNEGDDSeD8NYWY3eO5,IfcWindow,stelkozijn_(#137868),,,75A558A4-F5C4-4840-B99A-D7C536DD2D83,,Storey-1,True
1ebZ4At2n50erKIkGzq26v,IfcWindow,stelkozijn_(#180586),,,27006757-8593-49B9-A1AE-A4DA8FE5C844,,Storey-1,True
0PlRE4Ii52PviyywtXdEaS,IfcWindow,stelkozijn_(#144977),,,92A422A4-9C32-405F-A3CB-607E1AE745B5,,Storey-1,True
1tcuaQ1v532AZVF0EkQRv6,IfcWindow,stelkozijn_(#109531),,,D7486733-FFCA-481E-850C-EC077F3E0B43,,Storey-1,True
2YXtbr2nr3yOwKw8mP6duX,IfcWindow,stelkozijn_(#138186),,,801E61FF-4074-4A62-A17C-0BE07BB79FCF,,Storey-1,True
3Js2CkhUz8Wvt1TkaIilzA,IfcWindow,stelkozijn_(#51111),,,B1D67362-4132-4BAF-9291-DDC60D0A57D2,,Storey-1,True
2wy3VKvk12o9RmHjJMAIIK,IfcWindow,stelkozijn_(#180675),,,0F9ADFF4-53EB-4D4B-B00C-BF81419286D3,,Storey-1,True
2WI7ATKxvDdQ9EyJ0yZVJ$,IfcWindow,stelkozijn_(#173578),,,75309C1D-D743-47C5-B7DF-AD5FC050194F,,Storey-1,True
0hjaRA1Pz8HBpgEBLGDFKr,IfcWindow,merk B1_(#99923),,,4DC267A4-3FDF-4F3E-BA89-09D4DAC7BF13,,Storey-1,True
3DQAcKPffEhwOXIjeyMpIE,IfcWindow,merk N_(#131772),,,A7C7A752-F4F7-4A34-9AE4-CCABF4DB515C,,Storey-1,True
1AFDBV3d96TgkinAIpUq1_,IfcWindow,stelkozijn_(#165551),,,77F3E214-CAE6-46C1-A8AF-5C4363B98A7B,,Storey-1,True
1UewjSaaD5J9Bw9QMvil8d,IfcWindow,stelkozijn_(#108258),,,C526C75D-C5DE-435E-9329-82F7202533E7,,Storey-1,True
0pHnM2r7zEexalAwHIm9Bt,IfcWindow,merk B1-R_(#170176),,,544B1540-0773-4635-A64B-7F2EF5A029DA,,Storey-1,True
2nIMdNYQL0hP76mDnx7THr,IfcWindow,merk N_(#124372),,,408C6DA9-7E3C-4342-98CC-3783507EF2A3,,Storey-1,True
0jo4iKeAH5wAIqbBvltbXI,IfcWindow,stelkozijn_(#52042),,,EF905549-5564-40B7-8EE5-F8C349D8684A,,Storey-1,True
1mCnWNPjj5uP2imcL40Lmh,IfcWindow,stelkozijn_(#171067),,,948FD5D4-E7AD-49E1-B7E9-F4B15DC308AB,,Storey-1,True
0msuzkNVv9QehlFe8gngO8,IfcWindow,stelkozijn_(#173388),,,3F311F4F-6143-4918-AE92-4F16F7B7033D,,Storey-1,True
28CEomXyDEYPtMMAm_3yyq,IfcWindow,stelkozijn_(#118878),,,287A8B1D-52A5-48F4-9484-EBF2B1A4EAA2,,Storey-1,True
21VqULbzr1IxoZ_IhSKiAl,IfcWindow,merk B1sp_(#120703),,,03BD03F7-05FB-4B36-81B6-F39AB05CF2BC,,Storey-1,True
3h3rm8a1H8UArxBi_BZ7RP,IfcWindow,stelkozijn_(#161629),,,A54C1439-0FC5-46C6-9FF4-4E7DB865810A,,Storey-1,True
2nmmJqpn59two1OXHa1gqi,IfcWindow,stelkozijn_(#108576),,,BE79C27C-73FA-46EE-A42C-A60C1BD439A8,,Storey-1,True
0pszVvdF9BDA45_M2pUV1g,IfcWindow,merk B1sp_(#164766),,,6048733B-454B-48E5-A2C6-8E1064406E9A,,Storey-1,True
012R$oLYX6rQycbz9$kJUO,IfcWindow,stelkozijn_(#48723),,,3E4F2057-0C15-47F4-9DBA-A3050C5A2BCB,,Storey-1,True
15GSSYOO92mhAIQLtrHtmj,IfcWindow,stelkozijn_(#118967),,,50633C23-80F4-4F67-8234-39C6710CF0FC,,Storey-1,True
1B0WWwSU9Ebgf_zPwgOSBm,IfcWindow,stelkozijn_(#108961),,,53BFFCE1-B79F-45F6-A269-38B7506E5276,,Storey-1,True
01jk9d9JL829zi6eX_Qi4T,IfcWindow,merk M_(#144091),,,A2870847-E06D-44F1-862B-FEE4A4FD09C6,,Storey-1,True
1Zr50aqRX2wAja7XgxWUro,IfcWindow,stelkozijn_(#109151),,,027CFDC8-C0FB-4D1D-B899-B84EB7B46CA6,,Storey-1,True
096Y7nQ1bCH8pL7e0SGh0n,IfcWindow,merk B1sp-R_(#172597),,,B5B05444-6CCA-428F-8316-CF204C9AF142,,Storey-1,True
17P2BjQBr7DgNAGE_cbD2D,IfcWindow,stelkozijn_(#173673),,,98A18B5E-CE44-4197-B5E4-ED23A28CA85A,,Storey-1,True
0AD49Cr3D3O8k6Zl5HUjwL,IfcWindow,merk B1sp-R_(#47471),,,B94B0F32-5FA8-49B0-B872-7731100EA2AA,,Storey-1,True
2Ke9Y94rXDhAnC9iBEYiAj,IfcWindow,stelkozijn_(#117620),,,49B120A8-4C31-4DE6-BDB7-EE733C6B50CB,,Storey-1,True
2ZroFb09PA0Bhk2dFj$8OK,IfcWindow,merk B1_(#116570),,,BB343690-B7B2-40C8-A43C-F25B8ED64225,,Storey-1,True
3dWdsFnyrFJwiBaTTCZVqx,IfcWindow,stelkozijn_(#51016),,,90A4FAF2-D06D-431F-9333-95C5C6323755,,Storey-1,True
1U5753XdLBnxZmF2o6NTuz,IfcWindow,stelkozijn_(#52137),,,5B4DF3C5-241F-4495-8F3E-CEDD9E1216E8,,Storey-1,True
0kNgaxdV9Fhuyu5r_qJZ8l,IfcWindow,stelkozijn_(#95224),,,D2B9316E-8BD4-4BCB-BD8D-6F68E8837DF2,,Storey-1,True
1rIm$2YZ19LBGNmm_tyqOB,IfcWindow,merk B1sp_(#50130),,,17EC0381-611A-4137-8EDD-B6DE1EC022A6,,Storey-1,True
15aUjHH_zDFwnyYb4ICa27,IfcWindow,stelkozijn_(#48560),,,E999168B-DC34-420D-A99D-E46F2B4FAF72,,Storey-1,True
1i6IN8Uv14vfgk48fzU80N,IfcWindow,stelkozijn_(#119145),,,F24DD662-EBBB-4764-9589-920D8DCD330D,,Storey-1,True
27IuZvI5vCTRtMhO_GFOxL,IfcWindow,stelkozijn_(#109436),,,68FE3C07-3B0F-4AA9-B700-E0B3574EF7EA,,Storey-1,True
3nVqQsuY5B4O4ocypzjuS1,IfcWindow,stelkozijn_(#161540),,,3510F164-8B3B-4DB6-8CF0-4F60176D83DD,,Storey-1,True
2OOXHvCG51YeBgQ2jZ7CbB,IfcWindow,stelkozijn_(#108771),,,F7C806A5-F711-472A-A40E-66A994B5CBB2,,Storey-1,True
3tBu6dK258ax0Int5dfgqm,IfcWindow,stelkozijn_(#144882),,,225A8DB5-4F6E-488C-AA6A-9986AEB4C765,,Storey-1,True
3kZP6ddo9DGAy0e3BKh2ZT,IfcWindow,merk N_(#123285),,,1E9C4101-6597-4035-BD95-EE264FA64810,,Storey-1,True
1slaIgq$56dPYIGwNcrU3Z,IfcWindow,stelkozijn_(#48391),,,B33E2397-3F92-41F2-AE7C-2A88D88AC243,,Storey-1,True
2SC6boNBXFQ9n5sZegfTDd,IfcWindow,merk B1_(#179712),,,86B16487-BF1B-446F-8BBC-B6A20960A3C3,,Storey-1,True
2CnyhRKh1AdQxqW75pCDME,IfcWindow,stelkozijn_(#171385),,,AE785853-3CAA-4486-8001-EEAD8D8CEBEB,,Storey-1,True
3BDtepfGL9reOcQA0rj4UQ,IfcWindow,stelkozijn_(#135606),,,C7AA35F6-70D5-44B3-805C-1A0CB50E366D,,Storey-1,True
0VM7lXhNz1lP1kHY7Raqie,IfcWindow,stelkozijn_(#138381),,,9DAF7CFC-B63C-44D0-8C62-341E6CBAD590,,Storey-1,True
2$8H3Tz8X5yB2XpDW0lpsm,IfcWindow,stelkozijn_(#173483),,,71E8C6B3-18C5-44AC-9293-C803A1AD32ED,,Storey-1,True
104jchuGb5CQILanyKVN06,IfcWindow,stelkozijn_(#48918),,,752B2769-9A38-4D9A-856F-3E15CEC2104C,,Storey-1,True
2Ne4ZiwNn5IQDnoNVbgtDB,IfcWindow,stelkozijn_(#135960),,,8ADF4855-5489-4ADA-8B05-F8C53ACED03C,,Storey-1,True
0DxAZgm9r5fPzJJ1Cxp6l5,IfcWindow,stelkozijn_(#109246),,,FB8EF023-23D4-463E-8E87-F6D9197AA809,,Storey-1,True
31VQoYVW9Bh8tlVfSbrUH4,IfcWindow,stelkozijn_(#161451),,,3BBDB790-1523-4556-BA9D-884332C2586B,,Storey-1,True
0EI4VcwrP4cugfy37C71Uo,IfcWindow,stelkozijn_(#145231),,,4DD910A7-DF99-4139-A861-D04DE92F78AA,,Storey-1,True
3Y6GEPRLv979pJKNW51a7e,IfcWindow,stelkozijn_(#109341),,,40D5A39B-BEB3-4C97-B853-31DFFE2426CE,,Storey-1,True
0bY94plmv9fQykS2LxZIhN,IfcWindow,stelkozijn_(#165640),,,0CEC5A1B-9C2A-4AA0-9EB0-8C80ADAC83CB,,Storey-1,True
0P03HpiGnEb9_0bPNOY$bN,IfcWindow,stelkozijn_(#171580),,,A9DC6465-8D43-45A1-93C2-81B0DA0BC5B7,,Storey-1,True
1Hop7C_uL2NwEiyQMadOw5,IfcWindow,stelkozijn_(#138027),,,DA4F1C2F-6F4F-45FA-97F5-9351C4535632,,Storey-1,True
0iur7_4VD4xxoIiMBCeFB7,IfcWindow,merk B1sp-R_(#102717),,,2829CC8F-B8CE-4DF9-874C-FA6DC398BCF6,,Storey-1,True
0X9NHFByPEEuoRYN$4mN72,IfcWindow,stelkozijn_(#165818),,,EC52FD7A-C5E4-4CEF-B6F2-12456A4CC20B,,Storey-1,True
