GUID,IfcClass,ElementName,Description,ObjectType,Tag,TypeName,BuildingStorey,HasGeometry
3vSAOyJwTEhQMEIJ6D9qRY,IfcBeam,liftputwand,,IFC_betonopstort_220x345 220 x 345,F970A63C-4FA7-4EAD-A58E-49318D2746E2,IFC_betonopstort_220x345 220 x 345,-1 fundering,True
1a49H1hof5wg_s62YvIj$u,IfcBeam,fund_strook,,IFC_strookfundering_2600x550 2600 x 550,64109441-AF2A-45EA-AFB6-1828B94ADFF8,IFC_strookfundering_2600x550 2600 x 550,-1 fundering,True
2501ntWb95m8MEJo4qrYny,IfcBeam,fund_opstort,,IFC_betonopstort_220x315 220 x 315,85001C77-8252-45C0-858E-4F2134D62C7C,IFC_betonopstort_220x315 220 x 315,-1 fundering,True
1HNUZLqr52MQIS8JLIpeyr,IfcBeam,fund_opstort,,IFC_betonopstort_370x315 370 x 315,515DE8D5-D351-4259-A49C-213552CE8F35,IFC_betonopstort_370x315 370 x 315,-1 fundering,True
3yL4PuBWf5GQngGRpOzQj0,IfcBeam,fund_opstort,,IFC_betonopstort_220x315 220 x 315,FC544678-2E0A-4541-AC6A-41BCD8F5AB40,IFC_betonopstort_220x315 220 x 315,-1 fundering,True
2CVrp1qDn4igzjEOaRy1At,IfcBeam,liftputwand,,IFC_betonopstort_620x965 620 x 965,8C7F5CC1-D0DC-44B2-AF6D-39891BF012B7,IFC_betonopstort_620x965 620 x 965,-1 fundering,True
1c9iYd1ID6_8SdfF0_$1oL,IfcBeam,fund_opstort,,IFC_betonopstort_330x315 330 x 315,6626C8A7-0523-46F8-8727-A4F03EFC1C95,IFC_betonopstort_330x315 330 x 315,-1 fundering,True
3rCiBKKhrDwwbew3HLeWaY,IfcBeam,fund_opstort,,IFC_betonopstort_330x315 330 x 315,F532C2D4-52BD-4DEB-A968-E83455A20922,IFC_betonopstort_330x315 330 x 315,-1 fundering,True
24n0GKaSvFeRV3aNSSwJju,IfcBeam,fund_opstort,,IFC_betonopstort_150x315 150 x 315,84C40414-91CE-4FA1-B7C3-91771CE93B78,IFC_betonopstort_150x315 150 x 315,-1 fundering,True
1OnyTz3nHAl89yfXGn_mxA,IfcBeam,liftputwand,,IFC_betonopstort_300x650 300 x 650,58C7C77D-0F14-4ABC-827C-A61431FB0ECA,IFC_betonopstort_300x650 300 x 650,-1 fundering,True
0dG$USXzf0kfosAbNzx0hZ,IfcBeam,fund_opstort,,IFC_betonopstort_220x315 220 x 315,2743F79C-87DA-40BA-9CB6-2A55FDEC0AE3,IFC_betonopstort_220x315 220 x 315,-1 fundering,True
2ccM307sn8XeBTwsFKE_pR,IfcBeam,fund_opstort,,IFC_betonopstort_330x315 330 x 315,A69960C0-1F6C-4886-82DD-EB63D43BECDB,IFC_betonopstort_330x315 330 x 315,-1 fundering,True
2Ye2fKnjXAEftAAecRMNfV,IfcBeam,fund_opstort,,IFC_betonopstort_600x315 600 x 315,A2A02A54-C6D8-4A3A-9DCA-2A899B597A5F,IFC_betonopstort_600x315 600 x 315,-1 fundering,True
2QLBwuZDfEmuESkiT_yymc,IfcBeam,fund_opstort,,IFC_betonopstort_370x315 370 x 315,9A54BEB8-8CDA-4EC3-839C-BAC77EF3CC26,IFC_betonopstort_370x315 370 x 315,-1 fundering,True
0aWtcM$1j1$wMs6qq3amY0,IfcBeam,fund_opstort,,IFC_betonopstort_220x315 220 x 315,24837996-FC1B-41FF-A5B6-1B4D03930880,IFC_betonopstort_220x315 220 x 315,-1 fundering,True
21JedoyDf1jg7ixONhPH5B,IfcBeam,fund_opstort,,IFC_betonopstort_220x315 220 x 315,814E89F2-F0DA-41B6-A1EC-ED85EB65114B,IFC_betonopstort_220x315 220 x 315,-1 fundering,True
1o34KGWg5AnRTiJOhwQVdk,IfcBeam,fund_opstort,,IFC_betonopstort_150x315 150 x 315,720C4510-82A1-4AC5-B76C-4D8AFA69F9EE,IFC_betonopstort_150x315 150 x 315,-1 fundering,True
0m0_V5iFz0993Gy0YjDTTT,IfcBeam,fund_opstort,,IFC_betonopstort_370x315 370 x 315,3003E7C5-B0FF-4024-90D0-F008AD35D75D,IFC_betonopstort_370x315 370 x 315,-1 fundering,True
3f3PNjEKnD0vZTIofateh2,IfcBeam,fund_opstort,,IFC_betonopstort_330x315 330 x 315,E90D95ED-394C-4D03-98DD-4B2A64DE8AC2,IFC_betonopstort_330x315 330 x 315,-1 fundering,True
3EDZcM$kn05hoHQ$Z2Vy3d,IfcBeam,fund_strook,,IFC_strookfundering_500x250 500 x 250,CE363996-FEEC-4016-BC91-6BF8C27FC0E7,IFC_strookfundering_500x250 500 x 250,-1 fundering,True
1n2fUvkDb5$uMdMN$ImRfp,IfcBeam,fund_opstort,,IFC_betonopstort_150x315 150 x 315,710A97B9-B8D9-45FF-85A7-597FD2C1BA73,IFC_betonopstort_150x315 150 x 315,-1 fundering,True
2JP$Vh$OrBn8WddLabs41k,IfcBeam,fund_opstort,,IFC_betonopstort_150x315 150 x 315,9367F7EB-FD8D-4BC4-8827-9D5925D8406E,IFC_betonopstort_150x315 150 x 315,-1 fundering,True
0thyQFjPX45OCdLCm3UMpK,IfcBeam,liftputwand,,IFC_betonopstort_220x345 220 x 345,37AFC68F-B598-4415-8327-54CC03796CD4,IFC_betonopstort_220x345 220 x 345,-1 fundering,True
1Hv1uFMHTCJ9Q$UWKGXCNB,IfcBeam,liftputwand,,IFC_betonopstort_220x345 220 x 345,51E41E0F-5917-4C4C-96BF-7A051084C5CB,IFC_betonopstort_220x345 220 x 345,-1 fundering,True
2i_cekBh9Av8P5LKYyoUPb,IfcBeam,liftputwand,,IFC_betonopstort_220x345 220 x 345,ACFA6A2E-2EB2-4AE4-8645-5548BCC9E665,IFC_betonopstort_220x345 220 x 345,-1 fundering,True
3eiwfebPz6aBJmLNliMSzQ,IfcBeam,fund_opstort,,IFC_betonopstort_220x315 220 x 315,E8B3AA68-959F-4690-B4F0-557BEC59CF5A,IFC_betonopstort_220x315 220 x 315,-1 fundering,True
1O9Uq4qWPFXx76ALAUin0I,IfcBeam,fund_opstort,,IFC_betonopstort_370x315 370 x 315,5825ED04-D206-4F87-B1C6-29529EB31012,IFC_betonopstort_370x315 370 x 315,-1 fundering,True
3Vnlo777D6sear4VnH98Ey,IfcBeam,fund_strook,,IFC_strookfundering_2600x550 2600 x 550,DFC6FC87-1C73-46DA-8935-11FC512483BC,IFC_strookfundering_2600x550 2600 x 550,-1 fundering,True
1PIXKKGbjAhveqygt5d$RV,IfcBeam,liftputwand,,IFC_betonopstort_220x965 220 x 965,594A1514-425B-4AAF-9A34-F2ADC59FF6DF,IFC_betonopstort_220x965 220 x 965,-1 fundering,True
1ZKphijRv5aQMN2BPxf7bL,IfcBeam,liftputwand,,IFC_betonopstort_220x965 220 x 965,63533AEC-B5BE-4591-A597-08B67BA47955,IFC_betonopstort_220x965 220 x 965,-1 fundering,True
0zCNOX7Q93$xXgBkmGhGey,IfcBeam,liftputwand,,IFC_betonopstort_370x965 370 x 965,3D317621-1DA2-43FF-B86A-2EEC10AD0A3C,IFC_betonopstort_370x965 370 x 965,-1 fundering,True
1oISTbKmL9mfZhmsVEb8hJ,IfcBeam,fund_strook,,IFC_strookfundering_1000x250 1000 x 250,7249C765-5305-49C2-98EB-C367CE948AD3,IFC_strookfundering_1000x250 1000 x 250,-1 fundering,True
00IbOoI7nFSxfp71ZyLBPm,IfcBeam,fund_strook,,IFC_strookfundering_1000x250 1000 x 250,004A5632-487C-4F73-BA73-1C18FC54B670,IFC_strookfundering_1000x250 1000 x 250,-1 fundering,True
1ixfSQr9n76xc3$_jdjyOM,IfcBeam,fund_strook,,IFC_strookfundering_900x250 900 x 250,6CEE971A-D49C-471B-B983-FFEB67B7C616,IFC_strookfundering_900x250 900 x 250,-1 fundering,True
0j3ypi4UzFcQ6as7zS7nt8,IfcBeam,fund_opstort,,IFC_betonopstort_600x315 600 x 315,2D0FCCEC-11EF-4F99-A1A4-D87F5C1F1DC8,IFC_betonopstort_600x315 600 x 315,-1 fundering,True
3ig8lYbDr8gAJsEpAqMubV,IfcBeam,fund_opstort,,IFC_betonopstort_600x315 600 x 315,ECA88BE2-94DD-48A8-A4F6-3B32B45B895F,IFC_betonopstort_600x315 600 x 315,-1 fundering,True
0jNuu$i_rD2eUoRxpITzh5,IfcBeam,fund_opstort,,IFC_betonopstort_520x315 520 x 315,2D5F8E3F-B3ED-4D0A-87B2-6FBCD277DAC5,IFC_betonopstort_520x315 520 x 315,-1 fundering,True
0lc$v_NHjC_xBVfczhz9SK,IfcBeam,liftputwand,,IFC_betonopstort_300x650 300 x 650,2F9BFE7E-5D1B-4CFB-B2DF-A66F6BF49714,IFC_betonopstort_300x650 300 x 650,-1 fundering,True
3oDHF87SD6GB$hBtQMlz7t,IfcBeam,fund_opstort,,IFC_betonopstort_600x315 600 x 315,F23513C8-1DC3-4640-BFEB-2F7696BFD1F7,IFC_betonopstort_600x315 600 x 315,-1 fundering,True
2f0$QVByX6ugBTFoMIOEvG,IfcBeam,fund_opstort,,IFC_betonopstort_450x315 450 x 315,A903F69F-2FC8-46E2-A2DD-3F259260EE50,IFC_betonopstort_450x315 450 x 315,-1 fundering,True
37_P0I4rjCSP6yY7b9oPCb,IfcBeam,fund_opstort,,IFC_betonopstort_450x315 450 x 315,C7F99012-135B-4C71-91BC-887949C99325,IFC_betonopstort_450x315 450 x 315,-1 fundering,True
10MxXhTT99LQ0GlRLBqlO3,IfcBeam,fund_opstort,,IFC_betonopstort_600x315 600 x 315,405BB86B-75D2-4955-A010-BDB54BD2F603,IFC_betonopstort_600x315 600 x 315,-1 fundering,True
3UqAkIwpHEvuKm0l0k$CKt,IfcBeam,fund_opstort,,IFC_betonopstort_370x315 370 x 315,DED0AB92-EB34-4EE7-8530-02F02EFCC537,IFC_betonopstort_370x315 370 x 315,-1 fundering,True
0nMFjIkQb8nO7pDrrZbNb_,IfcBeam,fund_opstort,,IFC_betonopstort_220x315 220 x 315,3158FB52-B9A9-48C5-81F3-375D6395797E,IFC_betonopstort_220x315 220 x 315,-1 fundering,True
3QJiKD5p93qgcUxHX8_Z7j,IfcBeam,fund_strook,,IFC_strookfundering_500x250 500 x 250,DA4EC50D-1732-43D2-A99E-ED1848FA31ED,IFC_strookfundering_500x250 500 x 250,-1 fundering,True
0sN$ROEPr71OXQ86YpsVkj,IfcBeam,fund_opstort,,IFC_betonopstort_350x660 350 x 660,365FF6D8-399D-4705-885A-2068B3D9FBAD,IFC_betonopstort_350x660 350 x 660,-1 fundering,True
3UWW7y9uTD78thZQ1AADnu,IfcBeam,fund_poer,,IFC_betonpoer_1600x300 1600 x 300,DE8201FC-2787-4D1C-8DEB-8DA04A28DC78,IFC_betonpoer_1600x300 1600 x 300,-1 fundering,True
2ON6EcLMD0$O2ZGZgwvXfd,IfcBeam,fund_opstort,,IFC_betonopstort_150x315 150 x 315,985C63A6-5563-40FD-80A3-423ABAE61A67,IFC_betonopstort_150x315 150 x 315,-1 fundering,True
2K3xEFMCn8Oe$qGTeRQqLG,IfcBeam,fund_opstort,,IFC_betonopstort_150x315 150 x 315,940FB38F-58CC-4862-8FF4-41DA1B6B4550,IFC_betonopstort_150x315 150 x 315,-1 fundering,True
00nskTKeH6WOgaqMmwF3pp,IfcBeam,fund_opstort,,IFC_betonopstort_150x315 150 x 315,00C76B9D-5284-4681-8AA4-D16C3A3C3CF3,IFC_betonopstort_150x315 150 x 315,-1 fundering,True
0HQQO2$RT5NxjAYqu6dRxV,IfcBeam,fund_strook,,IFC_strookfundering_500x250 500 x 250,1169A602-FDB7-455F-BB4A-8B4E069DBEDF,IFC_strookfundering_500x250 500 x 250,-1 fundering,True
39pO7ncAnD5w5sgzGgcfcf,IfcBeam,fund_strook,,IFC_strookfundering_500x250 500 x 250,C9CD81F1-98AC-4D17-A176-ABD42A9A99A9,IFC_strookfundering_500x250 500 x 250,-1 fundering,True
2MzOJGCZbCuh2oTKejJas_,IfcBeam,fund_opstort,,IFC_betonopstort_150x315 150 x 315,96F584D0-3239-4CE2-B0B2-754A2D4E4DBE,IFC_betonopstort_150x315 150 x 315,-1 fundering,True
0M6fb3N3rBghp24veh83Nr,IfcBeam,liftputwand,,IFC_betonopstort_300x650 300 x 650,161A9943-5C3D-4BAA-BCC2-139A2B2035F5,IFC_betonopstort_300x650 300 x 650,-1 fundering,True
2fMb5HmwrADxi44qQ_8H2J,IfcBeam,fund_opstort,,IFC_betonopstort_150x315 150 x 315,A95A5151-C3AD-4A37-BB04-1346BE211093,IFC_betonopstort_150x315 150 x 315,-1 fundering,True
1ARCkaiqTCdheZNfSbvLCm,IfcBeam,fund_opstort,,IFC_betonopstort_150x315 150 x 315,4A6CCBA4-B347-4C9E-BA23-5E9725E55330,IFC_betonopstort_150x315 150 x 315,-1 fundering,True
3MpbjSJ79AF8GSoW6uAzc0,IfcBeam,fund_opstort,,IFC_betonopstort_150x315 150 x 315,D6CE5B5C-4C72-4A3C-841C-CA01B82BD980,IFC_betonopstort_150x315 150 x 315,-1 fundering,True
3aUxcoO_j3tfpBZz8KhVDA,IfcBeam,fund_strook,,IFC_strookfundering_500x250 500 x 250,E47BB9B2-63EB-43DE-9CCB-8FD214ADF34A,IFC_strookfundering_500x250 500 x 250,-1 fundering,True
1ZgIIxjwjBBBxWK2odqmNt,IfcBeam,fund_strook,,IFC_strookfundering_500x250 500 x 250,63A924BB-B7AB-4B2C-BEE0-502CA7D305F7,IFC_strookfundering_500x250 500 x 250,-1 fundering,True
2FwhScHlD1lf2P0_fxWpdF,IfcBeam,fund_opstort,,IFC_betonopstort_370x315 370 x 315,8FEAB726-46F3-41BE-9099-03EA7B8339CF,IFC_betonopstort_370x315 370 x 315,-1 fundering,True
3KZ1A31pLDZgv61Pr5ILuZ,IfcBeam,fund_strook,,IFC_strookfundering_1400x250 1400 x 250,D48C1283-0735-4D8E-AE46-059D45495E23,IFC_strookfundering_1400x250 1400 x 250,-1 fundering,True
1AAprqPif3muSW78GUrrAQ,IfcBeam,fund_strook,,IFC_strookfundering_800x250 800 x 250,4A2B3D74-66CA-43C3-8720-1C841ED7529A,IFC_strookfundering_800x250 800 x 250,-1 fundering,True
0CDXLiWLH6_eUKGAQGeEX9,IfcBeam,fund_strook,,IFC_strookfundering_1200x250 1200 x 250,0C36156C-8154-46FA-8794-40A690A0E849,IFC_strookfundering_1200x250 1200 x 250,-1 fundering,True
25jnbRuOH3yR0Vnxbrf4Ey,IfcBeam,fund_strook,,IFC_strookfundering_1200x250 1200 x 250,85B7195B-E184-43F1-B01F-C7B975A443BC,IFC_strookfundering_1200x250 1200 x 250,-1 fundering,True
2DXRwGxjb2hAD7EnaJghPn,IfcBeam,fund_strook,,IFC_strookfundering_1000x250 1000 x 250,8D85BE90-EED9-42AC-A347-3B1913AAB671,IFC_strookfundering_1000x250 1000 x 250,-1 fundering,True
0vISlVtTXFjgpC$RZewh3J,IfcBeam,fund_strook,,IFC_strookfundering_600x250 600 x 250,3949CBDF-DDD8-4FB6-ACCC-FDB8E8EAB0D3,IFC_strookfundering_600x250 600 x 250,-1 fundering,True
1W3I3R2x19bfOBW_WD4sxL,IfcBeam,fund_strook,,IFC_strookfundering_600x250 600 x 250,600D20DB-0BB0-4996-960B-83E80D136ED5,IFC_strookfundering_600x250 600 x 250,-1 fundering,True
2onr4hRYf5AOPdEOcMaAGr,IfcBeam,fund_strook,,IFC_strookfundering_1000x250 1000 x 250,B2C7512B-6E2A-4529-8667-39899690A435,IFC_strookfundering_1000x250 1000 x 250,-1 fundering,True
2svKHCTfTCJeS$mVvXojdH,IfcBeam,fund_strook,,IFC_strookfundering_1400x250 1400 x 250,B6E5444C-7697-4C4E-873F-C1FE61CAD9D1,IFC_strookfundering_1400x250 1400 x 250,-1 fundering,True
3whW5kRxz9uPvew6tBRVkS,IfcBeam,fund_strook,,IFC_strookfundering_800x250 800 x 250,FAAE016E-6FBF-49E1-9E68-E86DCB6DFB9C,IFC_strookfundering_800x250 800 x 250,-1 fundering,True
1L189paHTCx8_OpSrSK35v,IfcBeam,fund_strook,,IFC_strookfundering_500x250 500 x 250,55048273-9117-4CEC-8F98-CDCD5C503179,IFC_strookfundering_500x250 500 x 250,-1 fundering,True
3LgbXHWjL33wXWkwFrdttj,IfcBeam,fund_strook,,IFC_strookfundering_800x250 800 x 250,D5AA5851-82D5-430F-A860-BBA3F59F7DED,IFC_strookfundering_800x250 800 x 250,-1 fundering,True
033KaR1kL86e6qeKWXcfxF,IfcBeam,fund_strook,,IFC_strookfundering_800x250 800 x 250,030D491B-06E5-481A-81B4-A148219A9ECF,IFC_strookfundering_800x250 800 x 250,-1 fundering,True
2K7JRliz9F8R2WKcFfDhY9,IfcBeam,fund_strook,,IFC_strookfundering_500x250 500 x 250,941D36EF-B3D2-4F21-B0A0-5263E936B889,IFC_strookfundering_500x250 500 x 250,-1 fundering,True
3pu87UvP13p9E_$8QPMNkM,IfcBeam,fund_strook,,IFC_strookfundering_500x250 500 x 250,F3E081DE-E590-43CC-93BE-FC8699597B96,IFC_strookfundering_500x250 500 x 250,-1 fundering,True
0bBhbWDY123eBffCPFwaaU,IfcBeam,fund_strook,,IFC_strookfundering_800x250 800 x 250,252EB960-3620-420E-82E9-A4C64FEA491E,IFC_strookfundering_800x250 800 x 250,-1 fundering,True
3BxVQne458OBfuo$8pV1HD,IfcBeam,fund_strook,,IFC_strookfundering_800x250 800 x 250,CBEDF6B1-A041-4860-BA78-CBF2337C144D,IFC_strookfundering_800x250 800 x 250,-1 fundering,True
3r$IV2dbHAOuD3XJ$Kd92o,IfcBeam,fund_strook,,IFC_strookfundering_800x250 800 x 250,F5FD27C2-9E54-4A63-8343-853FD49C90B2,IFC_strookfundering_800x250 800 x 250,-1 fundering,True
2UtSx95dv3JRuY4Yu9CqPb,IfcBeam,fund_strook,,IFC_strookfundering_1200x250 1200 x 250,9EDDCEC9-167E-434D-BE22-122E09334665,IFC_strookfundering_1200x250 1200 x 250,-1 fundering,True
0H6WZKwMz2yfLBeSGHTQGE,IfcBeam,fund_strook,,IFC_strookfundering_500x250 500 x 250,111A08D4-E96F-42F2-954B-A1C41175A40E,IFC_strookfundering_500x250 500 x 250,-1 fundering,True
1qbDTWHmL3WOviuiQtPseV,IfcBeam,fund_opstort,,IFC_betonopstort_150x315 150 x 315,7494D760-4705-4381-8E6C-E2C6B7676A1F,IFC_betonopstort_150x315 150 x 315,-1 fundering,True
2SNH8$CzP0tQ4Ndlfu37pR,IfcBeam,fund_opstort,,IFC_betonopstort_220x315 220 x 315,9C5D123F-33D6-40DD-A117-9EFA780C7CDB,IFC_betonopstort_220x315 220 x 315,-1 fundering,True
27XF91$mX5sw7SxEowD4Bu,IfcBeam,betonlatei,,IFC_betonlatei_200x250 200 x 250,8784F241-FF08-45DB-A1DC-ECECBA3442F8,IFC_betonlatei_200x250 200 x 250,00 begane grond,True
3_sm0$DsvDaRlGqGW8ep4k,IfcBeam,geveldrager,,Hoeklijn ongelijk balk 18,FEDB003F-376E-4D91-BBD0-D10808A3312E,Hoeklijn ongelijk balk 18,00 begane grond,True
0KNmVKmh519eKhcfjdm0L1,IfcBeam,staallatei,,IFC_Vebo_staallatei_L150B 90 x 150,145F07D4-C2B1-4126-852B-9A9B67C00541,IFC_Vebo_staallatei_L150B 90 x 150,00 begane grond,True
3NdkzhQHz3wxMr0BA5Cn4d,IfcBeam,hoeklijn bordes,,IFC_stalen_ligger_L100x10 100 x 100,D79EEF6B-691F-43EB-B5B5-00B285331127,IFC_stalen_ligger_L100x10 100 x 100,00 begane grond,True
3$Ql2irJbA8fOlMMiZl_$S,IfcBeam,hoeklijn bordes,,IFC_stalen_ligger_L100x10 100 x 100,FF6AF0AC-D539-4A22-962F-596B23BFEFDC,IFC_stalen_ligger_L100x10 100 x 100,00 begane grond,True
3gSHfU2iT01OSAG8Jn4wG2,IfcBeam,staallatei ??,,IFC_Vebo_staallatei_L150B 90 x 150,EA711A5E-0AC7-4005-870A-4084F113A402,IFC_Vebo_staallatei_L150B 90 x 150,00 begane grond,True
3xcFzxVzD9DfEgcbGOMYmH,IfcBeam,staallatei ??,,IFC_Vebo_staallatei_L150B 90 x 150,FB98FF7B-7FD3-4936-93AA-9A54185A2C11,IFC_Vebo_staallatei_L150B 90 x 150,00 begane grond,True
1oot26Inz1pwxngGAk8cuV,IfcBeam,staallatei ??,,IFC_Vebo_staallatei_L200B 90 x 200,72CB7086-4B1F-41CF-AEF1-A902AE226E1F,IFC_Vebo_staallatei_L200B 90 x 200,00 begane grond,True
1AjRY3xPX758SLsUl51028,IfcBeam,staallatei ??,,IFC_Vebo_staallatei_L150B 90 x 150,4AB5B883-ED98-4714-8715-D9EBC5040088,IFC_Vebo_staallatei_L150B 90 x 150,00 begane grond,True
2BhHYCsB186eQstC61zld8,IfcBeam,staallatei ??,,IFC_Vebo_staallatei_L200B 90 x 200,8BAD188C-D8B0-481A-86B6-DCC181F6F9C8,IFC_Vebo_staallatei_L200B 90 x 200,00 begane grond,True
21xb5SEvbE4Pw$b8EVOX6N,IfcBeam,staallatei ??,,IFC_Vebo_staallatei_L200B 90 x 200,81EE515C-3B99-4E11-9EBF-94839F621197,IFC_Vebo_staallatei_L200B 90 x 200,00 begane grond,True
0mG1Qo1Nb4HAfQgPiP4n0Y,IfcBeam,staallatei ??,,IFC_Vebo_staallatei_L150B 90 x 150,304016B2-0579-4444-AA5A-A99B19131022,IFC_Vebo_staallatei_L150B 90 x 150,00 begane grond,True
1eJX_08sL1_ffD$3nbLtpZ,IfcBeam,staallatei ??,,IFC_Vebo_staallatei_L200B 90 x 200,684E1F80-2365-41FA-9A4D-FC3C65577CE3,IFC_Vebo_staallatei_L200B 90 x 200,00 begane grond,True
3ig3xBquD4c9HixSRyX5yM,IfcBeam,staallatei ??,,IFC_Vebo_staallatei_L150B 90 x 150,ECA83ECB-D383-4498-946C-EDC6FC845F16,IFC_Vebo_staallatei_L150B 90 x 150,00 begane grond,True
2tmnKYZKn8sO9BqIuZ6xS0,IfcBeam,staallatei ??,,IFC_Vebo_staallatei_L150B 90 x 150,B7C31522-8D4C-48D9-824B-D12E231BB700,IFC_Vebo_staallatei_L150B 90 x 150,00 begane grond,True
2Z2UMyiwrDsfrq9D0VZ8R7,IfcBeam,staallatei ??,,IFC_Vebo_staallatei_L150B 90 x 150,A309E5BC-B3AD-4DDA-9D74-24D01F8C86C7,IFC_Vebo_staallatei_L150B 90 x 150,00 begane grond,True
0fpGnSq1XBN9W48n_kM8JD,IfcBeam,staallatei ??,,IFC_Vebo_staallatei_L150B 90 x 150,29CD0C5C-D018-4B5C-9804-231FAE5884CD,IFC_Vebo_staallatei_L150B 90 x 150,00 begane grond,True
02SVgZJNDEAAHLzfjkFeZE,IfcBeam,staallatei ??,,IFC_Vebo_staallatei_L150B 90 x 150,0271FAA3-4D73-4E28-A455-F69B6E3E88CE,IFC_Vebo_staallatei_L150B 90 x 150,00 begane grond,True
3SKotjzqrBmBNE6BHE$74D,IfcBeam,staallatei ??,,IFC_Vebo_staallatei_L150B 90 x 150,DC532DED-F74D-4BC0-B5CE-18B44EFC710D,IFC_Vebo_staallatei_L150B 90 x 150,00 begane grond,True
3JPq8Lr7j608o_19_tHVwL,IfcBeam,staallatei ??,,IFC_Vebo_staallatei_L150B 90 x 150,D3674215-D47B-4600-8CBE-049FB745FE95,IFC_Vebo_staallatei_L150B 90 x 150,00 begane grond,True
0PCQYvXN55QugpN5zetDz7,IfcBeam,staallatei ??,,IFC_Vebo_staallatei_L150B 90 x 150,1931A8B9-8571-456B-8AB3-5C5F68DCDF47,IFC_Vebo_staallatei_L150B 90 x 150,00 begane grond,True
2fevyoim92YBjo5MBo7Fcl,IfcBeam,staallatei ??,,IFC_Vebo_staallatei_L150B 90 x 150,A9A39F32-B302-4288-BB72-1562F21CF9AF,IFC_Vebo_staallatei_L150B 90 x 150,00 begane grond,True
0a9r_haP52heLpUcxlwVOG,IfcBeam,staallatei ??,,IFC_Vebo_staallatei_L150B 90 x 150,24275FAB-9191-42AE-8573-7A6EEFE9F610,IFC_Vebo_staallatei_L150B 90 x 150,00 begane grond,True
2qYBP3OGnE2xwKkdnuHQfu,IfcBeam,staallatei ??,,IFC_Vebo_staallatei_L150B 90 x 150,B488B643-610C-4E0B-BE94-BA7C7845AA78,IFC_Vebo_staallatei_L150B 90 x 150,00 begane grond,True
2irhG5txr74Ovsj2V$0kJv,IfcBeam,hoeklijn bordes,,IFC_stalen_ligger_L100x10 100 x 100,ACD6B405-DFBD-4711-8E76-B427FF02E4F9,IFC_stalen_ligger_L100x10 100 x 100,01 eerste verdieping,True
2nUaeeTzv6p9Nb2KG4Pvuq,IfcBeam,hoeklijn bordes,,IFC_stalen_ligger_L100x10 100 x 100,B17A4A28-77DE-46CC-95E5-094404679E34,IFC_stalen_ligger_L100x10 100 x 100,01 eerste verdieping,True
3E1lhUjbn6Q83O0eMzicqh,IfcBeam,HEB220,,HEB balk 18,CE06FADE-B65C-4668-80D8-0285BDB26D2B,HEB balk 18,01 eerste verdieping,True
0n7b2OZJ50fvlqR00qRqTG,IfcBeam,L150/100/10 (?),,Hoeklijn ongelijk balk 18,311E5098-8D31-40A7-9BF4-6C00346F4750,Hoeklijn ongelijk balk 18,01 eerste verdieping,True
0tgQ0Twpj4Jv0a8yyonSSQ,IfcBeam,L150/100/10 (?),,Hoeklijn ongelijk balk 18,37A9A01D-EB3B-444F-9024-23CF32C5C71A,Hoeklijn ongelijk balk 18,01 eerste verdieping,True
20_IKygyf04gphsqph2_Is,IfcBeam,betonlatei,,IFC_betonlatei_200x250 200 x 250,80F9253C-ABCA-4012-ACEB-DB4CEB0BE4B6,IFC_betonlatei_200x250 200 x 250,01 eerste verdieping,True
2ua9M0savE3ho4zejCeSAN,IfcBeam,staallatei ??,,IFC_Vebo_staallatei_L150B 90 x 150,B8909580-DA4E-4E0E-BC84-F68B4CA1C297,IFC_Vebo_staallatei_L150B 90 x 150,01 eerste verdieping,True
2$514k42bBGgy$TBkbUv8z,IfcBeam,staallatei ??,,IFC_Vebo_staallatei_L150B 90 x 150,BF14112E-1029-4B42-AF3F-74BBA57B923D,IFC_Vebo_staallatei_L150B 90 x 150,01 eerste verdieping,True
2BE1_Ywp51qwh9ZUJQKhk8,IfcBeam,staallatei ??,,IFC_Vebo_staallatei_L150B 90 x 150,8B381FA2-EB31-41D3-AAC9-8DE4DA52BB88,IFC_Vebo_staallatei_L150B 90 x 150,01 eerste verdieping,True
1b3CGmbon0_g7rIm5ETrHo,IfcBeam,staallatei ??,,IFC_Vebo_staallatei_L150B 90 x 150,650CC430-972C-40FA-A1F5-4B014E775472,IFC_Vebo_staallatei_L150B 90 x 150,01 eerste verdieping,True
0Fsfl1RG1BcRCzgbRibEVF,IfcBeam,staallatei ??,,IFC_Vebo_staallatei_L150B 90 x 150,0FDA9BC1-6D00-4B99-B33D-AA56EC94E7CF,IFC_Vebo_staallatei_L150B 90 x 150,01 eerste verdieping,True
2Y889Xoon1RAy$xAEV_pJp,IfcBeam,staallatei ??,,IFC_Vebo_staallatei_L150B 90 x 150,A2208261-CB2C-416C-AF3F-ECA39FFB34F3,IFC_Vebo_staallatei_L150B 90 x 150,01 eerste verdieping,True
3zImRnpR54PhBkXL1xIYVb,IfcBeam,staallatei ??,,IFC_Vebo_staallatei_L150B 90 x 150,FD4B06F1-CDB1-4466-B2EE-85507B4A27E5,IFC_Vebo_staallatei_L150B 90 x 150,01 eerste verdieping,True
1dcFLM2Of1FP3qxcp09zLO,IfcBeam,staallatei ??,,IFC_Vebo_staallatei_L150B 90 x 150,6798F556-098A-413D-90F4-EE6CC027D558,IFC_Vebo_staallatei_L150B 90 x 150,01 eerste verdieping,True
2T99TpgwD5rBgB93z11HfJ,IfcBeam,staallatei ??,,IFC_Vebo_staallatei_L150B 90 x 150,9D249773-ABA3-45D4-BA8B-243F41051A53,IFC_Vebo_staallatei_L150B 90 x 150,01 eerste verdieping,True
00U31JGej7IPlTAjmADJHO,IfcBeam,staallatei ??,,IFC_Vebo_staallatei_L150B 90 x 150,00783053-428B-4749-9BDD-2ADC0A353458,IFC_Vebo_staallatei_L150B 90 x 150,01 eerste verdieping,True
3NRTYv$p90GxvOjrclI4YP,IfcBeam,staallatei ??,,IFC_Vebo_staallatei_L150B 90 x 150,D76DD8B9-FF32-4043-BE58-B759AF484899,IFC_Vebo_staallatei_L150B 90 x 150,01 eerste verdieping,True
32CLSoCg14hfE5iozoDGK_,IfcBeam,staallatei ??,,IFC_Vebo_staallatei_L150B 90 x 150,C2315732-32A0-44AE-9385-B32F7235053E,IFC_Vebo_staallatei_L150B 90 x 150,01 eerste verdieping,True
3SKFm8Ymn0Le7ijHCnKAuL,IfcBeam,staallatei ??,,IFC_Vebo_staallatei_L150B 90 x 150,DC50FC08-8B0C-4056-81EC-B5133150AE15,IFC_Vebo_staallatei_L150B 90 x 150,01 eerste verdieping,True
1UZy64a655jeHfotpiaeQv,IfcBeam,staallatei ??,,IFC_Vebo_staallatei_L150B 90 x 150,5E8FC184-9061-45B6-8469-CB7CEC9286B9,IFC_Vebo_staallatei_L150B 90 x 150,01 eerste verdieping,True
0oBRFvaAL1LRec1DAUWZXx,IfcBeam,staallatei ??,,IFC_Vebo_staallatei_L150B 90 x 150,322DB3F9-90A5-4155-BA26-04D29E82387B,IFC_Vebo_staallatei_L150B 90 x 150,01 eerste verdieping,True
13lKJkBNr3Ihzig_2H1hMm,IfcBeam,HEB220,,HEB balk 18,43BD44EE-2D7D-434A-BF6C-ABE09106B5B0,HEB balk 18,01 eerste verdieping,True
3q2cfkujDA4h8rK4udlhjq,IfcBeam,hoeklijn bordes,,IFC_stalen_ligger_L100x10 100 x 100,F40A6A6E-E2D3-4A12-B235-504E27BEBB74,IFC_stalen_ligger_L100x10 100 x 100,02 tweede verdieping,True
1Jt7say5DBTPG$0$gegcAf,IfcBeam,hoeklijn bordes,,IFC_stalen_ligger_L100x10 100 x 100,53DC7DA4-F053-4B75-943F-03FAA8AA62A9,IFC_stalen_ligger_L100x10 100 x 100,02 tweede verdieping,True
1ZUt9o17T0mOX7uFuiqqaj,IfcBeam,staal halfspant,,Hoeklijn gelijk balk 18,637B7272-0477-40C1-8847-E0FE2CD3492D,Hoeklijn gelijk balk 18,02 tweede verdieping,True
3SxHgircbC9hSa_f9YYJJ$,IfcBeam,staal halfspant,,Hoeklijn gelijk balk 18,DCED1AAC-D669-4C26-B724-FA92628934FF,Hoeklijn gelijk balk 18,02 tweede verdieping,True
0hcpNW0db6X87YuVp_2ciE,IfcBeam,staal halfspant,,Hoeklijn gelijk balk 18,2B9B35E0-0279-4684-81E2-E1FCFE0A6B0E,Hoeklijn gelijk balk 18,02 tweede verdieping,True
0k653Rg_z8xQ3HPFizAOCW,IfcBeam,staal halfspant,,Hoeklijn gelijk balk 18,2E1850DB-ABEF-48ED-A0D1-64FB3D298320,Hoeklijn gelijk balk 18,02 tweede verdieping,True
0sfYqP8DDATxl1u47I11Yd,IfcBeam,HEA180,,HEA balk 18,36A62D19-20D3-4A77-BBC1-E041D20418A7,HEA balk 18,02 tweede verdieping,True
15yxQAL$f43P0u1dI$k5aM,IfcBeam,HEA180,,HEA balk 18,45F3B68A-57FA-440D-9038-0674BFB85916,HEA balk 18,02 tweede verdieping,True
130A2mOb118fGCKfA$dOPJ,IfcBeam,HEA180,,HEA balk 18,4300A0B0-6250-4122-940C-5292BF9D8653,HEA balk 18,02 tweede verdieping,True
0QRdo0_S52Bf0hGTlrzUF5,IfcBeam,HEA180,,HEA balk 18,1A6E7C80-F9C1-422E-902B-41DBF5F5E3C5,HEA balk 18,02 tweede verdieping,True
2HmiD6wm592AAFyz2dr1Pf,IfcBeam,HEA180,,HEA balk 18,91C2C346-EB01-4908-A28F-F3D0A7D41669,HEA balk 18,02 tweede verdieping,True
3k9D1gOuf01OXU2EnmzMAH,IfcBeam,HEA180,,HEA balk 18,EE24D06A-638A-4005-885E-08EC70F56291,HEA balk 18,02 tweede verdieping,True
3eVLh_nMf51BErb6dTmOYv,IfcBeam,HEA180,,HEA balk 18,E87D5AFE-C56A-4504-B3B5-9469DDC188B9,HEA balk 18,02 tweede verdieping,True
3doFsyD$TAtOoTUzw7BC1v,IfcBeam,HEA180,,HEA balk 18,E7C8FDBC-37F7-4ADD-8C9D-7BDE872CC079,HEA balk 18,02 tweede verdieping,True
0eFgQlw4j5RQ4lKN7Wx8BF,IfcBeam,HEA180,,HEA balk 18,283EA6AF-E84B-456D-A12F-5171E0EC82CF,HEA balk 18,02 tweede verdieping,True
1yOYfHuUPEiObFJrOT7k_r,IfcBeam,HEA180,,HEA balk 18,7C622A51-E1E6-4EB1-894F-4F561D1EEFB5,HEA balk 18,02 tweede verdieping,True
2Ukg0dPlL0Ef04YM$OVBat,IfcBeam,HEA180,,HEA balk 18,9EBAA027-66F5-403A-9004-896FD87CB937,HEA balk 18,02 tweede verdieping,True
1Vl5CJOxv3Dfs5Ry_QCti2,IfcBeam,HEA180,,HEA balk 18,5FBC5313-63BE-4336-9D85-6FCF9A337B02,HEA balk 18,02 tweede verdieping,True
1nkBTQxQ52TerLh7DOjRh6,IfcBeam,geveldrager,,Hoeklijn ongelijk balk 18,71B8B75A-EDA1-4276-8D55-AC7358B5BAC6,Hoeklijn ongelijk balk 18,02 tweede verdieping,True
2hmBGtlFT17AQbvvLa0rD0,IfcBeam,geveldrager,,Hoeklijn ongelijk balk 18,ABC0B437-BCF7-411C-A6A5-E79564035340,Hoeklijn ongelijk balk 18,02 tweede verdieping,True
3S9hlUrjj2EPxgpyC61kto,IfcBeam,betonlatei,,IFC_betonlatei_200x250 200 x 250,DC26BBDE-D6DB-4239-9EEA-CFC30606EDF2,IFC_betonlatei_200x250 200 x 250,02 tweede verdieping,True
0j4QDQjH9A$h43eLDGhXyl,IfcBeam,stripstaal 80/8,,05 Staal - RAL 7016 8,2D11A35A-B512-4AFE-B103-A15350AE1F2F,05 Staal - RAL 7016 8,02 tweede verdieping,True
1jxOIPWGn7Rfxz4k0FeFEJ,IfcBeam,stripstaal 80/8,,05 Staal - RAL 7016 8,6DED8499-810C-476E-9EFD-12E00FA0F393,05 Staal - RAL 7016 8,02 tweede verdieping,True
0_sNN9JIv40eZPdsuo5N6E,IfcBeam,stripstaal 80/8,,05 Staal - RAL 7016 8,3ED975C9-4D2E-4402-88D9-9F6E3215718E,05 Staal - RAL 7016 8,02 tweede verdieping,True
1vP2sJ$_v9XRPftfJxtqWr,IfcBeam,stripstaal 80/8,,05 Staal - RAL 7016 8,79642D93-FFEE-4985-B669-DE94FBDF4835,05 Staal - RAL 7016 8,02 tweede verdieping,True
0UxjVg0CTCqAW8uGT8wJjn,IfcBeam,stripstaal 80/8,,05 Staal - RAL 7016 8,1EEED7EA-00C7-4CD0-A808-E10748E93B71,05 Staal - RAL 7016 8,02 tweede verdieping,True
16VL86SyDCL8gVUYSjW$7s,IfcBeam,stripstaal 80/8,,05 Staal - RAL 7016 8,467D5206-73C3-4C54-8A9F-7A272D83F1F6,05 Staal - RAL 7016 8,02 tweede verdieping,True
1b$Bo90Lv6aO5ZfZ5bKmrB,IfcBeam,stripstaal 80/8,,05 Staal - RAL 7016 8,65FCBC89-015E-4691-8163-A63165530D4B,05 Staal - RAL 7016 8,02 tweede verdieping,True
3Wlz9yohj8ThYG1fG8xA6r,IfcBeam,stripstaal 80/8,,05 Staal - RAL 7016 8,E0BFD27C-CABB-4876-B890-069408ECA1B5,05 Staal - RAL 7016 8,02 tweede verdieping,True
0RXteokS174O1MF_ZesSRJ,IfcBeam,stripstaal 80/8,,05 Staal - RAL 7016 8,1B877A32-B9C0-4711-8056-3FE8E8D9C6D3,05 Staal - RAL 7016 8,02 tweede verdieping,True
1OSreoxzj3r9gdUen2MmDQ,IfcBeam,stripstaal 80/8,,05 Staal - RAL 7016 8,58735A32-EFDB-43D4-9AA7-7A8C425B035A,05 Staal - RAL 7016 8,02 tweede verdieping,True
29IOQ3fjb3cBrPW939Umfc,IfcBeam,stripstaal 80/8,,05 Staal - RAL 7016 8,89498683-A6D9-4398-BD59-8090C97B0A66,05 Staal - RAL 7016 8,02 tweede verdieping,True
0EV1tBRrXBFB54GuiZ9KNi,IfcBeam,stripstaal 80/8,,05 Staal - RAL 7016 8,0E7C1DCB-6F58-4B3C-B144-438B232545EC,05 Staal - RAL 7016 8,02 tweede verdieping,True
3SXKMDKGbFJ8igoQRlAZ6R,IfcBeam,stripstaal 80/8,,05 Staal - RAL 7016 8,DC85458D-5109-4F4C-8B2A-C9A6EF2A319B,05 Staal - RAL 7016 8,02 tweede verdieping,True
04Vz55ZDX70v$sJ1Z2p7ix,IfcBeam,stripstaal 80/8,,05 Staal - RAL 7016 8,047FD145-8CD8-4703-9FF6-4C18C2CC7B3B,05 Staal - RAL 7016 8,02 tweede verdieping,True
11gA5Dui92yhHMbdm2nIvn,IfcBeam,stripstaal 80/8,,05 Staal - RAL 7016 8,41A8A14D-E2C2-42F2-B456-967C02C52E71,05 Staal - RAL 7016 8,02 tweede verdieping,True
1fm9a1a$DBjRw8D_aKJGAN,IfcBeam,betonlatei,,IFC_betonlatei_200x250 200 x 250,69C09901-93F3-4BB5-BE88-37E9144D0297,IFC_betonlatei_200x250 200 x 250,03 derde verdieping,True
1mFLnqgNHBkAV$cfC8mJta,IfcBeam,HEB220,,HEB balk 18,703D5C74-A974-4BB8-A7FF-9A9308C13DE4,HEB balk 18,04 dak,True
2HlSnEsQL1iQ5gLavb9Pta,IfcBeam,HEA220,,HEA balk 18,91BDCC4E-D9A5-41B1-A16A-564E65259DE4,HEA balk 18,04 dak,True
01JdAyGrj26g2fujj4OJW6,IfcBeam,HEB220,,HEB balk 18,014E72BC-435B-421A-A0A9-E2DB44613806,HEB balk 18,04 dak,True
3S7g662RP9xumMzv4I5k23,IfcBeam,HEA220,,HEA balk 18,DC1EA186-09B6-49EF-8C16-F7911216E083,HEA balk 18,04 dak,True
14yQrUSwr1yPkY2tJYbM7F,IfcBeam,HEB220,,HEB balk 18,44F1AD5E-73AD-41F1-9BA2-0B74E29561CF,HEB balk 18,04 dak,True
2id5JruDL6g9P3kQnXGsrB,IfcBeam,HEA220,,HEB balk 18,AC9C54F5-E0D5-46A8-9643-B9AC61436D4B,HEB balk 18,04 dak,True
0pwbcyQ8v6mRtN2Pp6uYo8,IfcBeam,HEA220,,HEB balk 18,33EA59BC-688E-46C1-BDD7-099CC6E22C88,HEB balk 18,04 dak,True
2vZbEEmu532wegCOlbXcov,IfcBeam,HEB220,,HEB balk 18,B98E538E-C381-430B-AA2A-318BE5866CB9,HEB balk 18,04 dak,True
19VI1vhaL4XBgHychoTMot,IfcBeam,HEB220,,HEB balk 18,497D2079-AE45-4484-BA91-F26AF2756CB7,HEB balk 18,04 dak,True
34RnzQjo78q9a_nkPqmuFs,IfcBuildingElementPart,,,,,,01 eerste verdieping,True
23uCBkBX1OgotbHJjad5qB,IfcBuildingElementPart,,,,,,01 eerste verdieping,True
1Y6HZlUA6K9eS1kBX9vsSC,IfcBuildingElementPart,,,,,,01 eerste verdieping,True
1PuyKaDmVgHWp4NO1th780,IfcBuildingElementPart,,,,,,01 eerste verdieping,True
07BhnDAlpluxhFLT3HVXJx,IfcBuildingElementPart,,,,,,01 eerste verdieping,True
3PhiSOz3BRjsd4Mz3W2eLt,IfcBuildingElementPart,,,,,,01 eerste verdieping,True
2mrhxpI1dR0dhKf5xPBRmq,IfcBuildingElementPart,,,,,,01 eerste verdieping,True
1F8JPBU_xywOMXcbfvpU8I,IfcBuildingElementPart,,,,,,01 eerste verdieping,True
1DKa1r7TJyn_faqOfhgMfE,IfcBuildingElementPart,,,,,,01 eerste verdieping,True
3GnRUT9Hd2823326CS$6Wl,IfcBuildingElementPart,,,,,,01 eerste verdieping,True
0ZPw7Vnf0xeyWjR7mM8GXh,IfcBuildingElementPart,,,,,,01 eerste verdieping,True
3bj3iol8WXZ_E$IfDiq2iw,IfcBuildingElementPart,,,,,,01 eerste verdieping,True
30ZfjXcBxYvLviWVoPKaTZ,IfcBuildingElementPart,,,,,,01 eerste verdieping,True
2cIAKBTC$saVOscKGMtzvK,IfcBuildingElementPart,,,,,,01 eerste verdieping,True
14XKbgi6lo4sBH4l$_m3dX,IfcBuildingElementPart,,,,,,01 eerste verdieping,True
0Uaigz52wuv1wvVn01sVyZ,IfcBuildingElementPart,,,,,,01 eerste verdieping,True
1T0WdnpDorHB3Wb7k0laKx,IfcBuildingElementPart,,,,,,01 eerste verdieping,True
029nZn9pWbYm6K36N_k9uN,IfcBuildingElementPart,,,,,,01 eerste verdieping,True
1NsZOuLHAirGHtEWbykqn_,IfcBuildingElementPart,,,,,,01 eerste verdieping,True
0B0V49K_gbJPJhaFO2XQxP,IfcBuildingElementPart,,,,,,01 eerste verdieping,True
3pZopONwSLwhwwW7xfHCNn,IfcBuildingElementPart,,,,,,01 eerste verdieping,True
24wY8D$KWFZM$r9u0uNr5u,IfcBuildingElementPart,,,,,,01 eerste verdieping,True
2x1LdgE3PZ8IwG$DJaKll6,IfcBuildingElementPart,,,,,,01 eerste verdieping,True
1pjT2JRDozz1g7jvGWSdvM,IfcBuildingElementPart,,,,,,01 eerste verdieping,True
1EZlbLnOt0ALoBOSZlFIkC,IfcBuildingElementPart,,,,,,01 eerste verdieping,True
3T0Ac4tYcnkccnetq5vnIU,IfcBuildingElementPart,,,,,,01 eerste verdieping,True
1L4tIi2aPIYh74ZuxZjE3J,IfcBuildingElementPart,,,,,,01 eerste verdieping,True
2Y2FlRwin7bA7a8S2nExbq,IfcBuildingElementPart,,,,,,01 eerste verdieping,True
2zkVvjLvp0l9zdYu6k1u6j,IfcBuildingElementPart,,,,,,02 tweede verdieping,True
1Z_aNVZuoYklbxNGrQBKbU,IfcBuildingElementPart,,,,,,02 tweede verdieping,True
1gGXDdZklWOpI0pSWQBA70,IfcBuildingElementPart,,,,,,02 tweede verdieping,True
1OmyC6JqQ55MwBYSwI8fiv,IfcBuildingElementPart,,,,,,02 tweede verdieping,True
1aJ0yx11fT0n0fMX4BFFi_,IfcBuildingElementPart,,,,,,02 tweede verdieping,True
2j1bbTYKr7be5pGvlQrwGU,IfcBuildingElementPart,,,,,,02 tweede verdieping,True
09sskEgKOUAjtwNv$SJOOM,IfcBuildingElementPart,,,,,,02 tweede verdieping,True
3GAx8b1medHp4rF4VUj1Ii,IfcBuildingElementPart,,,,,,02 tweede verdieping,True
3UdpG9zqKGH6T23Q7Tvuzi,IfcBuildingElementPart,,,,,,02 tweede verdieping,True
1RDuS5TSLRls1jhj0K09_W,IfcBuildingElementPart,,,,,,02 tweede verdieping,True
05yIp9Q0yASdKakpVqU9Vn,IfcBuildingElementPart,,,,,,02 tweede verdieping,True
2zUSP6LPGYK_cd1XpdOraG,IfcBuildingElementPart,,,,,,02 tweede verdieping,True
32OwYg$u91bvqPhRFa4xgW,IfcBuildingElementPart,,,,,,02 tweede verdieping,True
1oIBe7Q_4wbL1EMHpytulg,IfcBuildingElementPart,,,,,,02 tweede verdieping,True
3j45ziZgFw_jLZCfiTufdg,IfcBuildingElementPart,,,,,,02 tweede verdieping,True
07ciTp5g35un1OzTCfCkmn,IfcBuildingElementPart,,,,,,02 tweede verdieping,True
0O8bNxMIe3zo48cKKUtyZU,IfcBuildingElementPart,,,,,,02 tweede verdieping,True
2GG0Ga6sYNZgp60c_8blPw,IfcBuildingElementPart,,,,,,02 tweede verdieping,True
0ecfGuAg7aD4opEGdV5L8T,IfcBuildingElementPart,,,,,,03 derde verdieping,True
1f$QSG2Z9l_yxHSb$9a89g,IfcBuildingElementPart,,,,,,03 derde verdieping,True
3_YDY$erOjuXrB2uKXsw7o,IfcBuildingElementPart,,,,,,03 derde verdieping,True
0pp$t3OWF63e2PBlmohnmy,IfcBuildingElementPart,,,,,,03 derde verdieping,True
2STdQDomybBipWob336Xxj,IfcBuildingElementPart,,,,,,03 derde verdieping,True
1jVJMQwAfI$LNNE6vfGZw1,IfcBuildingElementPart,,,,,,03 derde verdieping,True
2ttUUrHl6T9aTOHzeOyjsO,IfcBuildingElementPart,,,,,,03 derde verdieping,True
0twGO1$Rg590turzq0mpOk,IfcBuildingElementPart,,,,,,03 derde verdieping,True
3LR5hU_kzENzec73b9olgz,IfcBuildingElementPart,,,,,,03 derde verdieping,True
19sxP40MORD5MBXT7oKH$F,IfcBuildingElementPart,,,,,,03 derde verdieping,True
1pinm96QV2Jc$L8t18GZNW,IfcBuildingElementPart,,,,,,03 derde verdieping,True
05J7cjSl2xvEyd4USt_xFk,IfcBuildingElementPart,,,,,,03 derde verdieping,True
2Q_3iLYecvHrgmPf2ZICrI,IfcBuildingElementPart,,,,,,03 derde verdieping,True
3OYNmF9G_aJel$hAklB140,IfcBuildingElementPart,,,,,,03 derde verdieping,True
0qBMh4oLdAh0xxpyKuSZJN,IfcBuildingElementPart,,,,,,03 derde verdieping,True
0rKbt5sk8u$6Q4VUyZ3kvE,IfcBuildingElementPart,,,,,,03 derde verdieping,True
0zAEmrIdxPrXoKR0qMTBRd,IfcBuildingElementPart,,,,,,03 derde verdieping,True
2eLe4$5OiF18twvZhRsDi$,IfcBuildingElementPart,,,,,,03 derde verdieping,True
11_ICKA2$hzUjUfthgrNLO,IfcBuildingElementPart,,,,,,03 derde verdieping,True
1mk5gVwtHj2xjA4CuOMoRh,IfcBuildingElementPart,,,,,,03 derde verdieping,True
3pVhgf26VqGJvaMt5LEJIk,IfcBuildingElementPart,,,,,,03 derde verdieping,True
1hQLMJ9c3$9F5AIomsD3B6,IfcBuildingElementPart,,,,,,03 derde verdieping,True
1c1F_eT8z7azhkU5N1U$u5,IfcBuildingElementPart,,,,,,03 derde verdieping,True
3xHpBNnBdP1j0zwjjYYWyq,IfcBuildingElementPart,,,,,,03 derde verdieping,True
3MkPbMTNkMW2LwUxAhwVyK,IfcBuildingElementPart,,,,,,03 derde verdieping,True
1rDos4xTyos4Hc2n8fqooQ,IfcBuildingElementPart,,,,,,03 derde verdieping,True
2phMQo3fr0RkqczaMY3E7l,IfcBuildingElementPart,,,,,,03 derde verdieping,True
25qkYE2O_Rovyo97dDWd8E,IfcBuildingElementPart,,,,,,03 derde verdieping,True
20QmCtk8QqY6Xmbcx4t3Jp,IfcBuildingElementPart,,,,,,03 derde verdieping,True
1NKHO9AJfqODk$wbyvmkR1,IfcBuildingElementPart,,,,,,03 derde verdieping,True
0oJGxVH49XTArgpbf6F3tn,IfcBuildingElementPart,,,,,,03 derde verdieping,True
33RGzILwnhTVt_EhcVthpe,IfcBuildingElementPart,,,,,,03 derde verdieping,True
3qe3foe4oA9MN6j6p_cnWB,IfcBuildingElementPart,,,,,,03 derde verdieping,True
1Ws_sHRa98wpC7MnTKGtx7,IfcBuildingElementPart,,,,,,03 derde verdieping,True
2alk$os2Qey$erWLCPMxKL,IfcBuildingElementPart,,,,,,03 derde verdieping,True
2CITgOJYYFLVryyRV8Appa,IfcBuildingElementPart,,,,,,03 derde verdieping,True
2sbJtwuzRI4zFAKhsgU7Yk,IfcBuildingElementPart,,,,,,03 derde verdieping,True
2NwEYGlcoQLCPHiWYIs0xx,IfcBuildingElementPart,,,,,,03 derde verdieping,True
2CDZUpdG_P_rjoBHyYb1G8,IfcBuildingElementPart,,,,,,03 derde verdieping,True
16CdJeN$0C7uOS7CMfSU1L,IfcBuildingElementPart,,,,,,03 derde verdieping,True
0B5cXkxxikDfoXXq1yZAKM,IfcBuildingElementPart,,,,,,03 derde verdieping,True
02y74GahWjk37OrPzNqoz0,IfcBuildingElementPart,,,,,,03 derde verdieping,True
3T7J24ssxjQwoCPg9FnnR4,IfcBuildingElementPart,,,,,,03 derde verdieping,True
2izfyAsXF2cbWbWmuD92lq,IfcBuildingElementPart,,,,,,03 derde verdieping,True
1iAocGjyJIz6gelkZPsz6g,IfcBuildingElementPart,,,,,,03 derde verdieping,True
3$aN4MibAC_8Sd7su4u3NI,IfcBuildingElementPart,,,,,,03 derde verdieping,True
2yIi7oLLw5JUxLULjFTdH_,IfcBuildingElementPart,,,,,,03 derde verdieping,True
1tNmIpY8h5p3wFAYZUNoU4,IfcBuildingElementPart,,,,,,03 derde verdieping,True
3d$HOCkAI92hUpKLm1YS$9,IfcBuildingElementPart,,,,,,03 derde verdieping,True
2j4C2gfoH48Lou3nYyI1IX,IfcBuildingElementPart,,,,,,03 derde verdieping,True
1QG$NZI_pRC9hnBjgMiuCI,IfcBuildingElementPart,,,,,,03 derde verdieping,True
3xk0I6ff9k5XDIKUCmFVBq,IfcBuildingElementPart,,,,,,03 derde verdieping,True
1ANHP6RLa$6TWM6lGEZxor,IfcBuildingElementPart,,,,,,03 derde verdieping,True
0fd21RNJVb0r5LyQAPzxK6,IfcBuildingElementPart,,,,,,03 derde verdieping,True
04AK4lxqKdoEF6pYkUWdq7,IfcBuildingElementPart,,,,,,03 derde verdieping,True
16wFKmII3FYvA9Ii8CFRbZ,IfcBuildingElementPart,,,,,,03 derde verdieping,True
2ehVH$ybIPz3sGk_E6vMp8,IfcBuildingElementPart,,,,,,03 derde verdieping,True
16MKQNhrFR_3aQa9cWDO6M,IfcBuildingElementPart,,,,,,03 derde verdieping,True
0uzvBUWE7ztTfNfpc0FRtI,IfcBuildingElementPart,,,,,,03 derde verdieping,True
0k9Q8fxLJ8lYQVmCf_4ott,IfcBuildingElementPart,,,,,,03 derde verdieping,True
1uWiE0A125yBD4bcwGGZLq,IfcBuildingElementPart,,,,,,03 derde verdieping,True
1SrdEbgkBT4cvB_Y$8fKx7,IfcBuildingElementPart,,,,,,03 derde verdieping,True
2dmbkqbVGtdxVSE4R86yxh,IfcBuildingElementPart,,,,,,03 derde verdieping,True
2fQpid431umFyBWWRKv4z1,IfcBuildingElementPart,,,,,,03 derde verdieping,True
1X9sHhMerugCzWWuxSUdLf,IfcBuildingElementPart,,,,,,03 derde verdieping,True
3PQb4NZ3RM8C7jEOvUSFzn,IfcBuildingElementPart,,,,,,03 derde verdieping,True
2n4BGS2QrdG4V9LUZ$J6$A,IfcBuildingElementPart,,,,,,03 derde verdieping,True
1hPd$LyQLap8hsUz1bD6At,IfcBuildingElementPart,,,,,,03 derde verdieping,True
2I5lLMycJJpx1gQFOpazGW,IfcBuildingElementPart,,,,,,03 derde verdieping,True
3iZAQzYTcB2jl_SOxdH9uN,IfcBuildingElementPart,,,,,,03 derde verdieping,True
1pYYQsxBuTA$unMxg3hbRp,IfcBuildingElementPart,,,,,,03 derde verdieping,True
3W3XMybgk56LqlJxeyLy2K,IfcBuildingElementPart,,,,,,03 derde verdieping,True
0krrSL5sE0QMpG0pB0FlU9,IfcBuildingElementPart,,,,,,03 derde verdieping,True
3S966vAVkktCd6ePv5nLIh,IfcBuildingElementPart,,,,,,03 derde verdieping,True
2jS$PS1YId9BWrC$etkQI7,IfcBuildingElementPart,,,,,,03 derde verdieping,True
1esPqM6wE6oIAoIIjPO0zh,IfcBuildingElementPart,,,,,,03 derde verdieping,True
2e4qnow0uKEgJ3TEVp4syl,IfcBuildingElementPart,,,,,,03 derde verdieping,True
1$opBhHNmuUuU5xzwOwJTn,IfcBuildingElementPart,,,,,,03 derde verdieping,True
0BmpNmwukKJPd8jhXFlbF7,IfcBuildingElementPart,,,,,,03 derde verdieping,True
121F3_NrjoQ6dPmfHyyp_I,IfcBuildingElementPart,,,,,,03 derde verdieping,True
0Har63Eq8agR6xryIQkTwX,IfcBuildingElementPart,,,,,,03 derde verdieping,True
2XEN$w$EDuGb1TPBZ8M0fM,IfcBuildingElementPart,,,,,,03 derde verdieping,True
3fNHHxiZLVFzcYMhER$217,IfcBuildingElementPart,,,,,,03 derde verdieping,True
2wDZ$fWVOfmq4NIm_hmrXP,IfcBuildingElementPart,,,,,,03 derde verdieping,True
0a_7UNQR$vb5zYkUyt$6fB,IfcBuildingElementPart,,,,,,03 derde verdieping,True
0DmgQGVEXejKPofddr334h,IfcBuildingElementPart,,,,,,03 derde verdieping,True
2PFSoDuaSWNUrIDIDQZcVq,IfcBuildingElementPart,,,,,,03 derde verdieping,True
2VB_odRDpVf7Cj40ydy2b_,IfcBuildingElementPart,,,,,,03 derde verdieping,True
31LcEJODsZGW4PS2ECY7H3,IfcBuildingElementPart,,,,,,03 derde verdieping,True
3YXHEH8xpKhozaX4ZJsCk7,IfcBuildingElementPart,,,,,,03 derde verdieping,True
32UthF7rKWMBcBiE9mbYRy,IfcBuildingElementPart,,,,,,03 derde verdieping,True
32qJPWsn0FJZ$5cmeSH8ui,IfcBuildingElementPart,,,,,,03 derde verdieping,True
0yKYMfD5cevhsdmvUQpAyL,IfcBuildingElementPart,,,,,,03 derde verdieping,True
2GAgWJi$iKJ13ASDck7Xpw,IfcBuildingElementPart,,,,,,03 derde verdieping,True
1KzHGpkxGGN7aIyB3yQAlS,IfcBuildingElementPart,,,,,,03 derde verdieping,True
2R6aacDqxAY4qBzYTx1Ztp,IfcBuildingElementPart,,,,,,03 derde verdieping,True
1YAN0i3f3ElcHZNjJtSO_a,IfcBuildingElementPart,,,,,,03 derde verdieping,True
1s5AgAVUEve6nXK5I7YnAK,IfcBuildingElementPart,,,,,,03 derde verdieping,True
3rzStU6x4NqMPhqJG8i4JY,IfcBuildingElementPart,,,,,,03 derde verdieping,True
0M5smZ7ne4sA_Fj7JhVFP7,IfcBuildingElementPart,,,,,,03 derde verdieping,True
117W45p4g_rmdt16SvIlE6,IfcBuildingElementPart,,,,,,03 derde verdieping,True
0iKX7wrTELHBnET8da7YKF,IfcBuildingElementPart,,,,,,03 derde verdieping,True
3LXRZ3PDZ9$k41Tz2teWXf,IfcBuildingElementPart,,,,,,03 derde verdieping,True
27HI$FeJFJ_G1aNZKQqnLZ,IfcBuildingElementPart,,,,,,03 derde verdieping,True
3eYYBSP3JccT9HZVg9q2e$,IfcBuildingElementPart,,,,,,03 derde verdieping,True
0PykvjAF2nnRAlL8DX7hio,IfcBuildingElementPart,,,,,,03 derde verdieping,True
1Yl2nwuTyNmfCR5YYrABZ$,IfcBuildingElementPart,,,,,,03 derde verdieping,True
3$DVYFiE_2DGd6swaKtHHh,IfcBuildingElementPart,,,,,,03 derde verdieping,True
1kAgfoaS3IrPCb6kK09dGe,IfcBuildingElementPart,,,,,,03 derde verdieping,True
1rvzb9w048VWKs$fazh$jH,IfcBuildingElementPart,,,,,,03 derde verdieping,True
3K7Vajr85AISJA9A9mNvuA,IfcBuildingElementPart,,,,,,03 derde verdieping,True
0367gNZN8J6XGpko84gXRH,IfcBuildingElementPart,,,,,,03 derde verdieping,True
0ZQs3nc_LFVKKeF7e2QHn3,IfcBuildingElementPart,,,,,,03 derde verdieping,True
3bmyajEOHPOwnaL9sydha$,IfcBuildingElementPart,,,,,,03 derde verdieping,True
17O25ORY6_PHNbY4o8cipa,IfcBuildingElementPart,,,,,,03 derde verdieping,True
1tdA_EPTEwcluJVSGkyUPl,IfcBuildingElementPart,,,,,,03 derde verdieping,True
31rKdxEidDN0edWHvtZFL1,IfcBuildingElementPart,,,,,,03 derde verdieping,True
1mWq1ZwuC0Qm36y5jJfn4s,IfcBuildingElementPart,,,,,,03 derde verdieping,True
3YHv2gkSiv$7TyJDsP7Nqg,IfcBuildingElementPart,,,,,,03 derde verdieping,True
2HjONyGuONr_xpOP7OVxW9,IfcBuildingElementPart,,,,,,03 derde verdieping,True
1dTbj3mRekp3FJ09QAq2dF,IfcBuildingElementPart,,,,,,03 derde verdieping,True
3QJwa8mODZ0miqwtcV5_OR,IfcBuildingElementPart,,,,,,03 derde verdieping,True
3dDJsJFO_OZbZEVuFDHe5Y,IfcBuildingElementPart,,,,,,03 derde verdieping,True
00NDnS7S4XpPOkRoWOC1Fw,IfcBuildingElementPart,,,,,,03 derde verdieping,True
3a1XjPa1TF3vu_tHyeSYZv,IfcBuildingElementPart,,,,,,03 derde verdieping,True
3ItkcLc5kuOvUQ5pIcg6gS,IfcBuildingElementPart,,,,,,03 derde verdieping,True
0WeZ97whRZvTOL46e0eF$E,IfcBuildingElementPart,,,,,,03 derde verdieping,True
3$VTIuFYs2tsQr$pBxygqL,IfcBuildingElementPart,,,,,,03 derde verdieping,True
0hJUZyS9wKjo_5z8snKlOP,IfcBuildingElementPart,,,,,,03 derde verdieping,True
3UpWH9vT4pKbE$Q1p$K2qi,IfcBuildingElementPart,,,,,,03 derde verdieping,True
18mOF3LGLSonZywkOjXdIc,IfcBuildingElementPart,,,,,,04 dak,True
2rXlXcHhAzBlqGl0NV7Q3F,IfcBuildingElementPart,,,,,,04 dak,True
2Fs0q0YBUSeyg13AOWYkaE,IfcBuildingElementPart,,,,,,04 dak,True
2ofjikBVKVKJC2xePQqaNR,IfcBuildingElementPart,,,,,,04 dak,True
2IXekg6nqfinwGMnVEb47i,IfcBuildingElementPart,,,,,,04 dak,True
2iogjXEUnYH2A8rt0evQ18,IfcBuildingElementPart,,,,,,04 dak,True
0YOZZ4F5Yx5u$Brw1Kh53a,IfcBuildingElementPart,,,,,,04 dak,True
2Mh9HbwrcVACK8sCqNp3wB,IfcBuildingElementPart,,,,,,04 dak,True
28sG7FAd3NEMBAs6CBbZl7,IfcBuildingElementPart,,,,,,04 dak,True
2lh7hYzxWgqznLFZfEP4Gn,IfcBuildingElementPart,,,,,,04 dak,True
1u5LcZAk5_IoT8AQc6jbri,IfcBuildingElementPart,,,,,,04 dak,True
07OdeefT1FDAtUXwyB3i3t,IfcBuildingElementPart,,,,,,04 dak,True
0ag9ckb5kGQyUyBo7_pa46,IfcBuildingElementPart,,,,,,04 dak,True
1f3LE27ZEG1QWNN6yq7oEe,IfcBuildingElementPart,,,,,,04 dak,True
0LKrcTbwwSnZlXoCMt_i4v,IfcBuildingElementPart,,,,,,04 dak,True
2otbi1sE71MnsLAoBkuDrh,IfcBuildingElementPart,,,,,,04 dak,True
1cYxlZ_cLXUaohauK8PY7l,IfcBuildingElementPart,,,,,,04 dak,True
1y137bqHDER8Yw8UwltVnx,IfcBuildingElementPart,,,,,,04 dak,True
20OfIMEfyxhknDcV7YT6iK,IfcBuildingElementPart,,,,,,04 dak,True
0gJmLMrXz8vTQUQkJAgFI9,IfcBuildingElementPart,,,,,,04 dak,True
2OZKKdreemYHMrAjDqluWU,IfcBuildingElementPart,,,,,,04 dak,True
0tpyXs70f6Hm21wv41FQwQ,IfcBuildingElementPart,,,,,,04 dak,True
0O2iZKf5CunUxTfRmadCaX,IfcBuildingElementPart,,,,,,04 dak,True
1PYsGh7IFKtNQ7csl0m$m8,IfcBuildingElementPart,,,,,,04 dak,True
3J5FWU4elHDErEK4BNqCIn,IfcBuildingElementPart,,,,,,04 dak,True
2SHvc$8U8cJSnQUCSt4zOj,IfcBuildingElementPart,,,,,,04 dak,True
3cMQfcVmbMHmmIGzFW6KXs,IfcBuildingElementPart,,,,,,04 dak,True
2$WAnIUvSuYSABwr$wMilZ,IfcBuildingElementPart,,,,,,04 dak,True
0piDoyjeO5MD6UbLVtaoqj,IfcBuildingElementPart,,,,,,04 dak,True
0JA5tiqDaMMHJGz7gsAQsI,IfcBuildingElementPart,,,,,,04 dak,True
3$fUwXkP73TyInjVZk78D4,IfcBuildingElementPart,,,,,,04 dak,True
2WBMs31k6sK1DmFcFDJOTE,IfcBuildingElementPart,,,,,,04 dak,True
1ER3lsoq12ZNahd9n5$CrF,IfcBuildingElementPart,,,,,,04 dak,True
3g4neeJkSLeq1OeVmLT4ma,IfcBuildingElementPart,,,,,,04 dak,True
0mCklXgNQgXxyBlAPHx_oN,IfcBuildingElementPart,,,,,,04 dak,True
2q5VX7kPjqCI_S8vB2W7Lw,IfcBuildingElementPart,,,,,,04 dak,True
2sqs_PC_DUNkfahjKhNrVn,IfcBuildingElementPart,,,,,,04 dak,True
2bVS2a5OHqwzTNVPZO_XjO,IfcBuildingElementPart,,,,,,04 dak,True
2GhzLKsnBfWRoIazi9QV9K,IfcBuildingElementPart,,,,,,04 dak,True
0AQYVeJRmaEEN6HaaMIwgQ,IfcBuildingElementPart,,,,,,04 dak,True
1l_iz__psaWP0eu89aSMAb,IfcBuildingElementPart,,,,,,04 dak,True
1SNxIz7qHVNriBXkl1vnvJ,IfcBuildingElementPart,,,,,,04 dak,True
0WwGozUzyX1WMgI$ZqJqWI,IfcBuildingElementPart,,,,,,04 dak,True
0et2DhFnlWYCUJMeeYG9eB,IfcBuildingElementPart,,,,,,04 dak,True
2hIeC$OBG$x6M0wcBA2fSL,IfcBuildingElementPart,,,,,,04 dak,True
1MXEmih1HiYxLInmQ$Brqw,IfcBuildingElementPart,,,,,,04 dak,True
0pOLFg$sxlV8R02BgnpQOp,IfcBuildingElementPart,,,,,,04 dak,True
0_lUiRLEfX5rPQpQF2juDU,IfcBuildingElementPart,,,,,,04 dak,True
3tGEskOtXQZ7VRzJuH0rru,IfcBuildingElementPart,,,,,,04 dak,True
2WdrTQAqFnbxwYMyHKx9Uo,IfcBuildingElementPart,,,,,,04 dak,True
3PlpcHG8InoInlCYdNiNLp,IfcBuildingElementPart,,,,,,04 dak,True
0Z3iroS1TPhMjYZYL0grSb,IfcBuildingElementPart,,,,,,04 dak,True
0G1xDd6ah5loD9GYkzLa9p,IfcBuildingElementPart,,,,,,04 dak,True
2l8iCW95Y9XcTOL6JaxWf9,IfcBuildingElementPart,,,,,,04 dak,True
16wrRvcRZvXFZ8sqA22g$d,IfcBuildingElementPart,,,,,,04 dak,True
0wmJeGlhlhrV4NRs1eYpAP,IfcBuildingElementPart,,,,,,04 dak,True
02htwID3$qG5GnU4vUssTS,IfcBuildingElementPart,,,,,,04 dak,True
2X49HOwvz8I7nPj12uu6Z7,IfcBuildingElementPart,,,,,,04 dak,True
2LNpbHDlhtSyLe4eu6Ejix,IfcBuildingElementPart,,,,,,04 dak,True
1BRLFVhH$xZpZLgctzxArl,IfcBuildingElementPart,,,,,,04 dak,True
3uGiNLp8SptPZN5SlbJ2yy,IfcBuildingElementPart,,,,,,04 dak,True
2nogX_lG7Dc4IFSUSW32EO,IfcBuildingElementPart,,,,,,04 dak,True
3UVOpzaJqHLY8F8cJ7UQmO,IfcBuildingElementPart,,,,,,04 dak,True
1HLwjOEY62yqE3n2S0LNfP,IfcBuildingElementPart,,,,,,04 dak,True
2$Q1Yc_pnWB_ta97sCo5k_,IfcBuildingElementPart,,,,,,04 dak,True
03AaV8WilE56W1UUxh178E,IfcBuildingElementPart,,,,,,04 dak,True
3FzaF6KwvZP4Qh2p8mNpAt,IfcBuildingElementPart,,,,,,04 dak,True
1V0$CnAl$cNdjOxAvcEKXY,IfcBuildingElementPart,,,,,,04 dak,True
1CAOP0SwJEIY3Fvbj7TsKV,IfcBuildingElementPart,,,,,,04 dak,True
25eO2P2MHvEk$4o$gN3g0Z,IfcBuildingElementPart,,,,,,04 dak,True
1HSv11bmtt33hB6fh5Cmdm,IfcBuildingElementPart,,,,,,04 dak,True
3oQLzuKPOWeeBI0ZtY4dKb,IfcBuildingElementPart,,,,,,04 dak,True
3YYC7KhbRMWqV7tV$wJ9D_,IfcBuildingElementPart,,,,,,04 dak,True
1H7OKx8FJ3mrqL2jAFxXCi,IfcBuildingElementPart,,,,,,04 dak,True
1WXSa$kzB5whNvSZdceHqb,IfcBuildingElementPart,,,,,,04 dak,True
2EaL2fu69uFL2V4emrYEZl,IfcBuildingElementPart,,,,,,04 dak,True
3qC5XxtUwn4b0yQh_s8DD7,IfcBuildingElementPart,,,,,,04 dak,True
0nNS2Z1$Qpb1CgpIA5akc$,IfcBuildingElementPart,,,,,,04 dak,True
0MKMg6PeC4vrBpYriQUkvu,IfcBuildingElementPart,,,,,,04 dak,True
2ZzOsFdTouX1hlqaiXDshG,IfcBuildingElementPart,,,,,,04 dak,True
1CkeQx$QxjepOTt$DYK7Yd,IfcBuildingElementPart,,,,,,04 dak,True
0vBfDjxo_YnC0buTWZDnmh,IfcBuildingElementPart,,,,,,04 dak,True
063iSjgHW4qGcye4jHVic0,IfcBuildingElementPart,,,,,,04 dak,True
3GitlOVky8HpLsCgNPDqjw,IfcBuildingElementPart,,,,,,04 dak,True
06lPIuxu504UUSPYpzF22G,IfcBuildingElementPart,,,,,,04 dak,True
2x9nT54ROTbWN83etFe8h5,IfcBuildingElementPart,,,,,,04 dak,True
3pPw$Ov7Nj_yizdko4OJeC,IfcBuildingElementPart,,,,,,04 dak,True
0yIuibAacv$mKmwg_Opb5q,IfcBuildingElementPart,,,,,,04 dak,True
2wpWNyYJCzQYHuiez7jPMy,IfcBuildingElementPart,,,,,,04 dak,True
0XxAX454i8rl8olZKyftFg,IfcBuildingElementPart,,,,,,04 dak,True
05WxPljinrRPusR$K5IzJQ,IfcBuildingElementPart,,,,,,04 dak,True
13vrbEFLPZhvkVt8ICakBz,IfcBuildingElementPart,,,,,,04 dak,True
3w_4Nr3qZzmOMpdUU6L883,IfcBuildingElementPart,,,,,,04 dak,True
39QCUfvE2lRxFvdhJZ_21I,IfcBuildingElementPart,,,,,,04 dak,True
1AYGVmRisrlSWYzis10EIo,IfcBuildingElementPart,,,,,,04 dak,True
12oGX$FFPmcDIJNCurND0g,IfcBuildingElementPart,,,,,,04 dak,True
0AcBr5seiftVMT528mMvOS,IfcBuildingElementPart,,,,,,04 dak,True
0wF7OJTFuyvR15syOeIbP$,IfcBuildingElementPart,,,,,,04 dak,True
3VUYP1sjpXnoI4akvffbMR,IfcBuildingElementPart,,,,,,04 dak,True
27nlhYDWXUPqULKwIMe6fj,IfcBuildingElementPart,,,,,,04 dak,True
1z6qVYSgqwnLAoDR_QS$VU,IfcBuildingElementPart,,,,,,04 dak,True
2sMqdqIU5BOBeQp_S3Hjru,IfcBuildingElementProxy,ROOT nulpunt,,,B65B49F4-49E1-4B60-BA1A-CFE70346DD78,Kubus 18,00 begane grond,True
3Oq7ICsmHFn98g7mMSnGid,IfcBuildingElementProxy,brievenbussen,,,D8D0748C-DB04-4FC4-922A-1F059CC50B27,Metaal - Aluminium,00 begane grond,True
3pC_5drGr42Q1X5aBf5GMz,IfcBuildingElementProxy,brievenbussen,,,F333E167-D50D-4409-A061-1642E91505BD,Metaal - Aluminium,00 begane grond,True
0eUzLTQafEoAZ12b$K1jAj,IfcBuildingElementProxy,brievenbussen,,,287BD55D-6A4A-4EC8-A8C1-0A5FD406D2AD,Metaal - Aluminium,00 begane grond,True
3iKQItSK18sBP6$84WhTuI,IfcBuildingElementProxy,bellentableau,,,EC51A4B7-7140-48D8-B646-FC8120ADDE12,Metaal - Aluminium,00 begane grond,True
2pAADHKkj9xxcmpY8K3NWt,IfcBuildingElementProxy,brievenbussen,,,B328A351-52EB-49EF-B9B0-CE22140D7837,Metaal - Aluminium,00 begane grond,True
0fp2eCS2X2_vIKqwuLbAyQ,IfcBuildingElementProxy,brievenbussen,,,29CC2A0C-7028-42FB-9494-D3AE1594AF1A,Metaal - Aluminium,00 begane grond,True
0RPk128JD5W9tp6tu$mafr,IfcBuildingElementProxy,brievenbussen,,,1B66E042-2133-4580-9DF3-1B7E3FC24A75,Metaal - Aluminium,00 begane grond,True
3Sw3XZHM98bhUrNSccWOoZ,IfcBuildingElementProxy,brievenbussen,,,DCE83863-4562-4896-B7B5-5DC9A6818CA3,Metaal - Aluminium,00 begane grond,True
0Hac0hYyvEsxsjiHfnkCeO,IfcBuildingElementProxy,brievenbussen,,,1192602B-8BCE-4EDB-BDAD-B11A71B8CA18,Metaal - Aluminium,00 begane grond,True
0VDgtdNOL76x6SMVtddXux,IfcBuildingElementProxy,brievenbussen,,,1F36ADE7-5D85-471B-B19C-59FDE79E1E3B,Metaal - Aluminium,00 begane grond,True
1j6lJOCJrBfhwVjXcDrBMU,IfcBuildingElementProxy,kozijn,,,6D1AF4D8-313D-4BA6-BE9F-B6198DD4B59E,IFC_kozijn_90x114 114,00 begane grond,True
1hetZOcsr8K8MbT8awwpS9,IfcBuildingElementProxy,brievenbussen,,,6BA378D8-9B6D-4850-85A5-74893AEB3709,Metaal - Aluminium,00 begane grond,True
0VctgvK$r7cwrBnu9fG$cA,IfcBuildingElementProxy,kozijn,,,1F9B7AB9-53FD-479B-AD4B-C7826943F98A,IFC_kozijn_90x114 114,00 begane grond,True
1E7L0rbcP3b9T_kO_wpzXM,IfcBuildingElementProxy,kozijn,,,4E1D5035-9666-4394-977E-B98FBACFD856,IFC_kozijn_90x114 114,00 begane grond,True
09R3x3btbEC9NWKCsQ9Ndr,IfcBuildingElementProxy,kozijn,,,096C3EC3-9779-4E30-95E0-50CD9A2579F5,IFC_kozijn_90x114 114,01 eerste verdieping,True
0bPEvM_fn8SPrU2SioL4bx,IfcBuildingElementProxy,kozijn,,,2564EE56-FA9C-4871-9D5E-09CB3254497B,IFC_kozijn_90x114 114,01 eerste verdieping,True
3xum028un7c91eysAw7ToR,IfcBuildingElementProxy,kozijn,,,FBE30002-238C-4798-9068-F362BA1DDC9B,IFC_kozijn_90x114 114,01 eerste verdieping,True
09Jnrvfpz0LhOau2puveUM,IfcBuildingElementProxy,kozijn,,,094F1D79-A73F-4056-B624-E02CF8E68796,IFC_kozijn_90x114 114,02 tweede verdieping,True
1tkaVzyOLEHRrk3ZXytZyO,IfcBuildingElementProxy,kozijn,,,77BA47FD-F185-4E45-BD6E-0E387CDE3F18,IFC_kozijn_90x114 114,02 tweede verdieping,True
3MnNEUKfzDQQIc_AEF94yQ,IfcBuildingElementProxy,kozijn,,,D6C5739E-529F-4D69-A4A6-F8A38F244F1A,IFC_kozijn_90x114 114,03 derde verdieping,True
03x61TFn1FxQHXFUNuParm,IfcBuildingElementProxy,kozijn,,,03EC605D-3F10-4FED-A461-3DE5F8664D70,IFC_kozijn_90x114 114,03 derde verdieping,True
0ZN2GJozT4VxCVh_WHtQyq,IfcBuildingElementProxy,kozijn,,,235C2413-CBD7-447F-B31F-AFE811DDAF34,IFC_kozijn_90x114 114,03 derde verdieping,True
3CRwhrtRn1UvX9iQV_OTuz,IfcBuildingElementProxy,kozijn,,,CC6FAAF5-DDBC-417B-9849-B1A7FE61DE3D,IFC_kozijn_90x114 114,03 derde verdieping,True
1V2qCAZ9rAp8VsEGyWln2v,IfcBuildingElementProxy,kozijn,,,5F0B430A-8C9D-4ACC-87F6-390F20BF10B9,IFC_kozijn_90x114 114,03 derde verdieping,True
3u3z2zFojEchllTko9vkJ5,IfcBuildingElementProxy,kozijn,,,F80FD0BD-3F2B-4E9A-BBEF-76EC89E6E4C5,IFC_kozijn_90x114 114,03 derde verdieping,True
0yZXVK6wf1RuZHbCnDbIWu,IfcBuildingElementProxy,kozijn,,,3C8E17D4-1BAA-416F-88D1-94CC4D952838,IFC_kozijn_90x114 114,03 derde verdieping,True
0I7LtwbrXFA9_X5BhUfkIk,IfcColumn,"K152,4/12,5",,Buis ro warmgew kolom 18,121D5DFA-9758-4F28-9FA1-14BADEA6E4AE,Buis ro warmgew kolom 18,00 begane grond,True
03akWG6jD5YvV25Iim327M,IfcColumn,K80/80/4,,Buis vk warmgew kolom 18,0392E810-1AD3-458B-97C2-152B300C21D6,Buis vk warmgew kolom 18,00 begane grond,True
1e5jDbsmzDIxa_hKrQ03J4,IfcColumn,K80/80/4,,Buis vk warmgew kolom 18,6816D365-DB0F-4D4B-B93E-AD4D5A0034C4,Buis vk warmgew kolom 18,00 begane grond,True
2n3hZ9D9H7_hLXKsBS_jtw,IfcColumn,K80/80/4,,Buis vk warmgew kolom 18,B10EB8C9-3494-47FA-B561-5362DCFADDFA,Buis vk warmgew kolom 18,00 begane grond,True
2Ut36uLtj0Jh3lOXK1Cyx8,IfcColumn,K80/80/4,,Buis vk warmgew kolom 18,9EDC31B8-577B-404E-B0EF-62150133CEC8,Buis vk warmgew kolom 18,00 begane grond,True
3ZRYiyNFH08hTnlj_xBf6i,IfcColumn,K80/80/4,,Buis vk warmgew kolom 18,E36E2B3C-5CF4-4022-B771-BEDFBB2E91AC,Buis vk warmgew kolom 18,01 eerste verdieping,True
11mo33UpLFjwOcPbSdqngd,IfcColumn,K80/80/4,,Buis vk warmgew kolom 18,41C320C3-7B35-4FB7-A626-665727D31AA7,Buis vk warmgew kolom 18,01 eerste verdieping,True
1CsGhnRaDAb86NCoCwC08x,IfcColumn,K80/80/4,,Buis vk warmgew kolom 18,4CD90AF1-6E43-4A94-8197-33233A30023B,Buis vk warmgew kolom 18,01 eerste verdieping,True
3OrWvPz0L53vVLOcg_Vn3G,IfcColumn,K80/80/4,,Buis vk warmgew kolom 18,D8D60E59-F405-450F-97D5-626ABE7F10D0,Buis vk warmgew kolom 18,01 eerste verdieping,True
1NYbVKmtL3YP2AXrmS9FLZ,IfcColumn,HEA180,,HEA kolom 18,578A57D4-C375-4389-908A-875C1C24F563,HEA kolom 18,01 eerste verdieping,True
3WwF3ZUyL3_uOcvhLTlqWJ,IfcColumn,balusters,,05 Staal - RAL 7016,E0E8F0E3-7BC5-43FB-8626-E6B55DBF4813,05 Staal - RAL 7016,02 tweede verdieping,True
1L$7w_vsP2O9IsnEN5d1nZ,IfcColumn,balusters,,05 Staal - RAL 7016,55FC7EBE-E766-4260-94B6-C4E5C59C1C63,05 Staal - RAL 7016,02 tweede verdieping,True
159QrTsQb9zu88XvB88A2Z,IfcColumn,balusters,,05 Staal - RAL 7016,4525AD5D-D9A9-49F7-8208-8792C820A0A3,05 Staal - RAL 7016,02 tweede verdieping,True
0MManSxITCBR5hqtmVQft$,IfcColumn,balusters,,05 Staal - RAL 7016,165A4C5C-ED27-4C2D-B16B-D37C1F6A9DFF,05 Staal - RAL 7016,02 tweede verdieping,True
0PwN5MKCnENu413RHBr2sB,IfcColumn,balusters,,05 Staal - RAL 7016,19E97156-50CC-4E5F-8101-0DB44BD42D8B,05 Staal - RAL 7016,02 tweede verdieping,True
3o_mcdn_vDavgeLjgPBtk_,IfcColumn,balusters,,05 Staal - RAL 7016,F2FB09A7-C7EE-4D93-9AA8-56DA992F7BBE,05 Staal - RAL 7016,02 tweede verdieping,True
1C_2jEzdDEK8Xv0nCzYd1Q,IfcColumn,balusters,,05 Staal - RAL 7016,4CF82B4E-F673-4E50-8879-03133D8A705A,05 Staal - RAL 7016,02 tweede verdieping,True
0RXt3SWyX7NQmQgLj8MtLn,IfcColumn,balusters,,05 Staal - RAL 7016,1B8770DC-83C8-475D-AC1A-A95B485B7571,05 Staal - RAL 7016,02 tweede verdieping,True
2MZ_55Sir09gB7BB1JSjYM,IfcColumn,HEB220,,HEB balk 18,968FE145-72CD-4026-A2C7-2CB05372D896,HEB balk 18,03 derde verdieping,True
0_1$ZiaxXBKAoIe0SzFsy4,IfcColumn,HEB220,,HEB balk 18,3E07F8EC-93B8-4B50-AC92-A0073D3F6F04,HEB balk 18,03 derde verdieping,True
03LjPhAPb7YwcCfCKjoBp0,IfcColumn,HEB220,,HEB balk 18,0356D66B-2999-478B-A98C-A4C52DC8BCC0,HEB balk 18,03 derde verdieping,True
0dAofjIyHFM9KgIhqrn1sO,IfcColumn,HEB220,,HEB balk 18,272B2A6D-4BC4-4F58-952A-4ABD35C41D98,HEB balk 18,03 derde verdieping,True
13VGtZxGT04gWQa7ANTKuD,IfcColumn,HEB220,,HEB balk 18,437D0DE3-ED07-4012-A81A-907297754E0D,HEB balk 18,03 derde verdieping,True
1s0bLlfMz1AuEn18W389Ww,IfcCovering,buitenblad,,,7602556F-A56F-412B-83B1-04880320983A,IFC_plastica_gevelbekleding_10mm 10,00 begane grond,True
0G$_CS3ff1993hK4NzYrfs,IfcCovering,gevelisolatie,,,10FFE31C-0E9A-4124-90EB-5045FD8B5A76,IFC_isolatie_115mm_glaswol 115,00 begane grond,True
3zbS9bHsjAMfH79qZjcD$8,IfcCovering,afdekker,,,FD95C265-476B-4A5A-9447-2748ED98DFC8,IFC_Vebo_spekband_SB 60/70x150 150 x 70,00 begane grond,True
0rL_PAeinBlf9R_UAL7XxH,IfcCovering,gevelisolatie,,,3557E64A-A2CC-4BBE-925B-F9E2951E1ED1,IFC_isolatie_74mm_PIR 74,00 begane grond,True
30hciOxbLDbOzTDF5Vcu1C,IfcCovering,gevelisolatie,,,C0AE6B18-EE55-4D95-8F5D-34F15F9B804C,IFC_isolatie_74mm_PIR 74,00 begane grond,True
0ynFSduXr4mhLAjJ0VqVGY,IfcCovering,gevelisolatie,,,3CC4F727-E21D-44C2-B54A-B5301FD1F422,IFC_isolatie_74mm_PIR 74,00 begane grond,True
2SlwHB_6XAI9Q43fjBKav6,IfcCovering,gevelisolatie,,,9CBFA44B-F868-4A48-9684-0E9B4B524E46,IFC_isolatie_74mm_PIR 74,00 begane grond,True
1fRZTlBPj8bQbWnOOJ46GY,IfcCovering,gevelisolatie,,,696E376F-2D9B-4895-A960-C58613106422,IFC_isolatie_74mm_PIR 74,00 begane grond,True
0vQvcXd2L5xvGCyyqliJjE,IfcCovering,gevelisolatie,,,396B99A1-9C25-45EF-940C-F3CD2FB13B4E,IFC_isolatie_74mm_PIR 74,00 begane grond,True
0KSSkhTNb5zfXUtKcJq5dT,IfcCovering,gevelisolatie,,,1471CBAB-7579-45F6-985E-DD4993D059DD,IFC_isolatie_74mm_PIR 74,00 begane grond,True
0Uc$V_B1X3kOau8jzuWFgC,IfcCovering,kantplank,,,1E9BF7FE-2C18-43B9-8938-22DF7880FA8C,IFC_Vebo_kantplank_KP250x50 50 x 249,00 begane grond,True
2llSAjYczCjRE52HLwA8K0,IfcCovering,gevelisolatie,,,AFBDC2AD-8A6F-4CB5-B385-09157A288500,IFC_isolatie_115mm_glaswol 115,00 begane grond,True
0kcNYdLJTBowvecc423git,IfcCovering,gevelisolatie,,,2E9978A7-5537-4BCB-AE68-9A61020EAB37,IFC_isolatie_115mm_glaswol 115,00 begane grond,True
29QpcFU1HFfhh20QSxwrHH,IfcCovering,gevelisolatie,,,896B398F-7814-4FA6-BAC2-01A73BEB5451,IFC_isolatie_115mm_glaswol 115,00 begane grond,True
1vTpOKPPD9zAVtor4V5$LT,IfcCovering,gevelisolatie,,,79773614-6593-49F4-A7F7-CB511F17F55D,IFC_isolatie_74mm_PIR 74,00 begane grond,True
3mZLh0W8r42R$EoPpTN2BR,IfcCovering,gevelisolatie,,,F08D5AC0-808D-4409-BFCE-C99CDD5C22DB,IFC_isolatie_115mm_glaswol 115,00 begane grond,True
17lqRtVdLFtw5VWzBLIBBH,IfcCovering,gevelisolatie,,,47BF46F7-7E75-4FDF-A15F-83D2D548B2D1,IFC_isolatie_115mm_glaswol 115,00 begane grond,True
2xXckW8WTDWuV7agM0FAru,IfcCovering,gevelisolatie,,,BB866BA0-2207-4D83-87C7-92A5803CAD78,IFC_isolatie_115mm_glaswol 115,00 begane grond,True
1rnH4IJMfC9hwWjxLSZbsd,IfcCovering,gevelisolatie,,,75C51112-4D6A-4C26-BEA0-B7B55C8E5DA7,IFC_isolatie_74mm_PIR 74,00 begane grond,True
0M7fWw8sP7YxxwDH7laqLp,IfcCovering,gevelisolatie,,,161E983A-2366-478B-BEFA-3511EF934573,IFC_isolatie_115mm_glaswol 115,00 begane grond,True
1igZ2qJVn7i8mE$95VOSCy,IfcCovering,gevelisolatie,,,6CAA30B4-4DFC-47B0-8C0E-FC915F61C33C,IFC_isolatie_115mm_glaswol 115,00 begane grond,True
3S4_U90onA9gbAV17NeGBS,IfcCovering,gevelisolatie,,,DC13E789-032C-4A26-A94A-7C11D7A102DC,IFC_isolatie_74mm_PIR 74,00 begane grond,True
3d_gk9SnnEjfqyesjN79D9,IfcCovering,gevelisolatie,,,E7FAAB89-731C-4EB6-9D3C-A36B571C9349,IFC_isolatie_115mm_glaswol 115,00 begane grond,True
34S_dnPE52mvdKFxVWV5$I,IfcCovering,gevelisolatie,,,C473E9F1-64E1-42C3-99D4-3FB7E07C5FD2,IFC_isolatie_115mm_glaswol 115,00 begane grond,True
0V9Jfg5Dz3M8asXFqSBgji,IfcCovering,gevelisolatie,,,1F253A6A-14DF-4358-8936-84FD1C2EAB6C,IFC_isolatie_115mm_glaswol 115,00 begane grond,True
3RHm7iL7DDmAeR$SyBSZ4H,IfcCovering,gevelisolatie,,,DB4701EC-5473-4DC0-AA1B-FDCF0B723111,IFC_isolatie_115mm_glaswol 115,00 begane grond,True
2nPFaQ45z8U9f2_BAmUCyJ,IfcCovering,gevelisolatie,,,B164F91A-105F-4878-9A42-F8B2B078CF13,IFC_isolatie_115mm_glaswol 115,00 begane grond,True
3LEHOX6Y97iAwUIvLUq9F1,IfcCovering,gevelisolatie,,,D5391621-1A22-47B0-AE9E-4B955ED093C1,IFC_isolatie_115mm_glaswol 115,00 begane grond,True
0y3k0EYnX7BB$02HiA7MYw,IfcCovering,gevelisolatie,,,3C0EE00E-8B18-472C-BFC0-091B0A1D68BA,IFC_isolatie_115mm_glaswol 115,00 begane grond,True
0GTxLT9yPEGfDRJATbVq1u,IfcCovering,gevelisolatie,,,1077B55D-27C6-4E42-935B-4CA7657F4078,IFC_isolatie_115mm_glaswol 115,00 begane grond,True
3KK_D5_Dj4euIiBkx9JfyI,IfcCovering,gevelisolatie,,,D453E345-F8DB-44A3-84AC-2EEEC94E9F12,IFC_isolatie_115mm_glaswol 115,00 begane grond,True
2dIXpknb9ECBQC8AnftmzZ,IfcCovering,aftimmering,,,A74A1CEE-C652-4E30-B68C-20AC69DF0F63,01 plaatmateriaal - multiplex 12,00 begane grond,True
2S3Jg7tFD85Oqf$4HmpqBr,IfcCovering,gevelisolatie,,,9C0D3A87-DCF3-4815-8D29-FC4470CF42F5,IFC_isolatie_115mm_glaswol 115,00 begane grond,True
0XGDRxCMj6_Q_l6FbzXgmD,IfcCovering,gevelisolatie,,,2140D6FB-316B-46F9-AFAF-18F97D86AC0D,IFC_isolatie_115mm_glaswol 115,00 begane grond,True
3Oxic1E6P5iwS0HVdOFxyZ,IfcCovering,kantplank,,,D8EEC981-3866-45B3-A700-45F9D83FBF23,IFC_Vebo_kantplank_KP250x50 50 x 249,00 begane grond,True
3CKMIRK_D0XOt$X9d5zXr_,IfcCovering,gevelisolatie,,,CC51649B-53E3-4085-8DFF-8499C5F61D7E,IFC_isolatie_74mm_PIR 74,00 begane grond,True
2GD7u1bjzDxgoFVz0HuMW1,IfcCovering,kantplank,,,90347E01-96DF-4DEE-AC8F-7FD011E16801,IFC_Vebo_kantplank_KP250x50 50 x 249,00 begane grond,True
1hDMOvxNzB$86ZriwVGwd3,IfcCovering,kantplank,,,6B356639-ED7F-4BFC-81A3-D6CE9F43A9C3,IFC_Vebo_kantplank_KP250x50 50 x 249,00 begane grond,True
0AOylXdrr4jwoCsKxWObAF,IfcCovering,kantplank,,,0A63CBE1-9F5D-44B7-AC8C-D94EE062528F,IFC_Vebo_kantplank_KP250x50 50 x 249,00 begane grond,True
32v$BB8AH4tvH9Gx3KiQgU,IfcCovering,gevelisolatie,,,C2E7F2CB-20A4-44DF-9449-43B0D4B1AA9E,IFC_isolatie_115mm_glaswol 115,00 begane grond,True
2LIlUfMgTCb9mHFfcE3FMU,IfcCovering,gevelisolatie,,,954AF7A9-5AA7-4C94-9C11-3E998E0CF59E,IFC_isolatie_74mm_PIR 74,00 begane grond,True
34ZmxuLFjCn9_8MIgw1fuF,IfcCovering,gevelisolatie,,,C48F0EF8-54FB-4CC4-9F88-592ABA069E0F,IFC_isolatie_74mm_PIR 74,00 begane grond,True
14FYxPYsD7j8rGZ6UeZ2jx,IfcCovering,gevelisolatie,,,443E2ED9-8B63-47B4-8D50-8C67A88C2B7B,IFC_isolatie_115mm_glaswol 115,00 begane grond,True
2Bc7$ULoT7RRiIct1Cq7UF,IfcCovering,gevelisolatie,,,8B987FDE-5727-476D-BB12-9B704CD0778F,IFC_isolatie_74mm_PIR 74,00 begane grond,True
0t8NeZqKj1l9pRCG11HWeK,IfcCovering,gevelisolatie,,,37217A23-D14B-41BC-9CDB-310041460A14,IFC_isolatie_115mm_glaswol 115,00 begane grond,True
2jZ278N555W9scD32_AuI5,IfcCovering,gevelisolatie,,,AD8C21C8-5C51-4580-9DA6-3430BE2B8485,IFC_isolatie_74mm_PIR 74,00 begane grond,True
2ba5vStMz3F9hyP4U74I$6,IfcCovering,gevelisolatie,,,A5905E5C-DD6F-433C-9AFC-644787112FC6,IFC_isolatie_74mm_PIR 74,00 begane grond,True
3eu$9vdhj6xujIHzZ2dBlK,IfcCovering,gevelisolatie,,,E8E3F279-9EBB-46EF-8B52-47D8C29CBBD4,IFC_isolatie_115mm_glaswol 115,00 begane grond,True
2KZbRJsnn7_RaMxyTFvuKO,IfcCovering,gevelisolatie,,,948E56D3-DB1C-47F9-B916-EFC74FE78518,IFC_isolatie_115mm_glaswol 115,00 begane grond,True
07uBTjVEb1hOPRF99Da2PG,IfcCovering,gevelisolatie,,,07E0B76D-7CE9-41AD-865B-3C924D902650,IFC_isolatie_115mm_glaswol 115,00 begane grond,True
1ZBNC0YsT6mealAthsdPjr,IfcCovering,gevelisolatie,,,632D7300-8B67-46C2-892F-2B7AF69D9B75,IFC_isolatie_74mm_PIR 74,00 begane grond,True
3QNYLB7BzBoB$QOIFhPtSi,IfcCovering,gevelisolatie,,,DA5E254B-1CBF-4BC8-BFDA-6123EB67772C,IFC_isolatie_115mm_glaswol 115,00 begane grond,True
0dILtvsQjA_8uaAbNe4Gzh,IfcCovering,gevelisolatie,,,27495DF9-D9AB-4AF8-8E24-2A55E8110F6B,IFC_isolatie_74mm_PIR 74,00 begane grond,True
23cudkUkXFffl$X$dw0jcL,IfcCovering,gevelisolatie,,,839B89EE-7AE8-4FA6-9BFF-87F9FA02D995,IFC_isolatie_74mm_PIR 74,00 begane grond,True
2jUzI$UaD3AwBo4eAGuYDN,IfcCovering,gevelisolatie,,,AD7BD4BF-7A43-432B-A2F2-128290E22357,IFC_isolatie_115mm_glaswol 115,00 begane grond,True
1TXL3A1nPEK8idavWAAGCn,IfcCovering,gevelisolatie,,,5D8550CA-0716-4E50-8B27-93980A290331,IFC_isolatie_115mm_glaswol 115,00 begane grond,True
1_QnClz8X4GO7TH_ldI$hB,IfcCovering,gevelisolatie,,,7E6B132F-F488-4441-81DD-47EBE74BFACB,IFC_isolatie_115mm_glaswol 115,00 begane grond,True
22U_TxaV59QBFggdSA$$Ue,IfcCovering,gevelisolatie,,,827BE77B-91F1-4968-B3EA-AA770AFFF7A8,IFC_isolatie_74mm_PIR 74,00 begane grond,True
2l15bxeHLDH9C39old5nja,IfcCovering,gevelisolatie,,,AF04597B-A115-4D44-9303-272BE7171B64,IFC_isolatie_115mm_glaswol 115,00 begane grond,True
3EXNknm5b92B4qqbe$TV8N,IfcCovering,kantplank,,,CE857BB1-C059-4908-B134-D25A3F75F217,IFC_Vebo_kantplank_KP250x50 50 x 249,00 begane grond,True
1DprL969PEsgetwjtT0i7r,IfcCovering,gevelisolatie,,,4DCF5549-1896-4EDA-AA37-EADDDD02C1F5,IFC_isolatie_115mm_glaswol 115,00 begane grond,True
0LamN3hmjFKOBJw7zOi2Y0,IfcCovering,gevelisolatie,,,159305C3-AF0B-4F51-82D3-E87F58B02880,IFC_isolatie_115mm_glaswol 115,00 begane grond,True
35K039Te582hh144CIxcYO,IfcCovering,gevelisolatie,,,C55000C9-7681-480A-BAC1-104312EE6898,IFC_isolatie_115mm_glaswol 115,00 begane grond,True
0s391xkdDB5fuxawF9Qjr1,IfcCovering,gevelisolatie,,,360C907B-BA73-4B16-9E3B-93A3C96ADD41,IFC_isolatie_74mm_PIR 74,00 begane grond,True
0auFC5Z7D69uLvTOOFswsW,IfcCovering,gevelisolatie,,,24E0F305-8C73-4627-8579-75860FDBADA0,IFC_isolatie_115mm_glaswol 115,00 begane grond,True
3X6mvbfjT71hnZKhTJn2Mb,IfcCovering,gevelisolatie,,,E11B0E65-A6D7-4706-BC63-52B753C425A5,IFC_isolatie_115mm_glaswol 115,00 begane grond,True
1o9bZ18p5228EGy0f_qkKC,IfcCovering,kantplank,,,722658C1-2331-4208-8390-F00A7ED2E50C,IFC_Vebo_kantplank_KP250x50 50 x 249,00 begane grond,True
3JIGBWlDHEdA7K7Vzu0awc,IfcCovering,gevelisolatie,,,D34902E0-BCD4-4E9C-A1D4-1DFF78024EA6,IFC_isolatie_115mm_glaswol 115,00 begane grond,True
0DCRcrsiT6_PajQXhAP56e,IfcCovering,gevelisolatie,,,0D31B9B5-DAC7-46F9-992D-6A1ACA6451A8,IFC_isolatie_115mm_glaswol 115,00 begane grond,True
0Us_zuuAXA1BFJgFFKN_rM,IfcCovering,gevelisolatie,,,1EDBEF78-E0A8-4A04-B3D3-A8F3D45FED56,IFC_isolatie_115mm_glaswol 115,00 begane grond,True
273QYHjKP5fOpth7AUKmM4,IfcCovering,gevelisolatie,,,870DA891-B546-45A5-8CF7-AC729E530584,IFC_isolatie_115mm_glaswol 115,00 begane grond,True
0ayCQE0On4Rggt$PYU$EId,IfcCovering,gevelisolatie,,,24F0C68E-018C-446E-AAB7-FD989EFCE4A7,IFC_isolatie_115mm_glaswol 115,00 begane grond,True
0ftvjZTyn8GA0hp$NZbH3s,IfcCovering,gevelisolatie,,,29DF9B63-77CC-4840-A02B-CFF5E39510F6,IFC_isolatie_115mm_glaswol 115,00 begane grond,True
2IclHp53L4ABMUAnQ0F3ag,IfcCovering,gevelisolatie,,,929AF473-1435-4428-B59E-2B16803C392A,IFC_isolatie_115mm_glaswol 115,00 begane grond,True
22oHPn4Bb7HhmA9TVk5L0x,IfcCovering,gevelisolatie,,,82C91671-10B9-4746-BC0A-25D7EE15503B,IFC_isolatie_115mm_glaswol 115,00 begane grond,True
3Cck409H5EkA4FI_9Hm2ap,IfcCovering,gevelisolatie,,,CC9AE100-2511-4EB8-A10F-4BE251C02933,IFC_isolatie_74mm_PIR 74,00 begane grond,True
3nioIw4b1FNQTnxvGq973W,IfcCovering,gevelisolatie,,,F1B324BA-1250-4F5D-A771-EF94342470E0,IFC_isolatie_74mm_PIR 74,00 begane grond,True
05IJdASX96BgTG_zRhASdr,IfcCovering,gevelisolatie,,,054939CA-7212-462E-A750-FBD6EB29C9F5,IFC_isolatie_115mm_glaswol 115,00 begane grond,True
0Bno6zpULAkh2OhvYOKhwG,IfcCovering,gevelisolatie,,,0BC721BD-CDE5-4ABA-B098-AF989852BE90,IFC_isolatie_115mm_glaswol 115,00 begane grond,True
1N4DpvbvP7XuGihTjYwJXP,IfcCovering,gevelisolatie,,,5710DCF9-9796-4787-842C-ADDB62E93859,IFC_isolatie_115mm_glaswol 115,00 begane grond,True
0$ABYASOzC7ehJIMHTS4Wj,IfcCovering,gevelisolatie,,,3F28B88A-718F-4C1E-8AD3-49645D70482D,IFC_isolatie_74mm_PIR 74,00 begane grond,True
2ieoJ$iDf5RgC_59APvtre,IfcCovering,gevelisolatie,,,ACA324FF-B0DA-456E-A33E-149299E77D68,IFC_isolatie_74mm_PIR 74,00 begane grond,True
02t9uNa$99ux5VdxLVmjqD,IfcCovering,gevelisolatie,,,02DC9E17-93F2-49E3-B15F-9FB55FC2DD0D,IFC_isolatie_74mm_PIR 74,00 begane grond,True
35WqvDW096wRUfPnv1tQif,IfcCovering,kantplank,,,C5834E4D-8002-46E9-B7A9-671E41DDAB29,IFC_Vebo_kantplank_KP250x50 50 x 249,00 begane grond,True
1QTuQFu596df6MKkzi$gQu,IfcCovering,afdekker,,,5A77868F-E052-469E-9196-52EF6CFEA6B8,IFC_Vebo_spekband_SB 60/70x150 150 x 70,00 begane grond,True
12FVAmtxnFjBi2wmE0SHwS,IfcCovering,afdekker,,,423DF2B0-DFBC-4FB4-BB02-EB0380711E9C,IFC_Vebo_spekband_SB 60/70x150 150 x 70,00 begane grond,True
10kIxmB590Uu_DsLyrcRWg,IfcCovering,afdekker,,,40B92EF0-2C52-407B-8F8D-D95F3599B82A,IFC_Vebo_spekband_SB 60/70x150 150 x 70,00 begane grond,True
1fBYitk$XCff9nBctXSwDJ,IfcCovering,afdekker,,,692E2B37-BBF8-4CA6-9271-2E6DE173A353,IFC_Vebo_spekband_SB 60/70x150 150 x 70,00 begane grond,True
1VW3R9Xjb27PlooMnbpCtR,IfcCovering,gevelisolatie,,,5F8036C9-86D9-421D-9BF2-C96C65CCCDDB,IFC_isolatie_74mm_PIR 74,00 begane grond,True
2stS0M4hL4XhAjbzTQAWC3,IfcCovering,gevelisolatie,,,B6DDC016-12B5-4486-B2AD-97D75A2A0303,IFC_isolatie_74mm_PIR 74,00 begane grond,True
0BRQ4q55H98RaFo5ZchLPA,IfcCovering,gevelisolatie,,,0B6DA134-1454-4921-B90F-C858E6AD564A,IFC_isolatie_74mm_PIR 74,00 begane grond,True
0drw2nO8v71RyofbNJR9ht,IfcCovering,gevelisolatie,,,27D7A0B1-608E-4705-BF32-A655D36C9AF7,IFC_isolatie_74mm_PIR 74,00 begane grond,True
2rgYAcrtT4D8i6qfo6FJnO,IfcCovering,gevelisolatie,,,B5AA22A6-D777-4434-8B06-D29C863D3C58,IFC_isolatie_74mm_PIR 74,00 begane grond,True
2s607XUDLDSupd6_nwKTs3,IfcCovering,gevelisolatie,,,B61801E1-78D5-4D73-8CE7-1BEC7A51DD83,IFC_isolatie_74mm_PIR 74,00 begane grond,True
1GoF$aQNT3COt6RZplrJjc,IfcCovering,afdekker,,,50C8FFE4-6977-4331-8DC6-6E3CEFD53B66,IFC_Vebo_spekband_SB 60/70x150 150 x 70,00 begane grond,True
1fBRuupdr5neoRi4q$1ZWo,IfcCovering,afdekker,,,692DBE38-CE7D-45C6-8C9B-B04D3F063832,IFC_Vebo_spekband_SB 60/70x150 150 x 70,00 begane grond,True
1N0TdpkjX9CQLI_szg4bjG,IfcCovering,afdekker,,,5701D9F3-BAD8-4931-A552-FB6F6A125B50,IFC_Vebo_spekband_SB 60/70x150 150 x 70,00 begane grond,True
2o3EUcyt58j8D23ezovBF0,IfcCovering,afdekker,,,B20CE7A6-F371-48B4-8342-0E8F72E4B3C0,IFC_Vebo_spekband_SB 60/70x150 150 x 70,00 begane grond,True
3Af$owwYvEieXjySRhsK9K,IfcCovering,afdekker,,,CAA7FCBA-EA2E-4EB2-886D-F1C6EBD94254,IFC_Vebo_spekband_SB 60/70x150 150 x 70,00 begane grond,True
0RZLrTQM57ifOvcVZ_JjfH,IfcCovering,afdekker,,,1B8D5D5D-6961-47B2-9639-99F8FE4EDA51,IFC_Vebo_spekband_SB 60/70x150 150 x 70,00 begane grond,True
1eZzQGLO5EhxjUdCgxKzA8,IfcCovering,afdekker,,,688FD690-5581-4EAF-BB5E-9CCABB53D288,IFC_Vebo_spekband_SB 60/70x150 150 x 70,00 begane grond,True
0$AOXJ4rv04x6PfACsvtyN,IfcCovering,afdekker,,,3F298853-135E-4013-B199-A4A336E77F17,IFC_Vebo_spekband_SB 60/70x150 150 x 70,00 begane grond,True
1HZIGd_zb3fPIcHc4bq$Na,IfcCovering,afdekker,,,518D2427-FBD9-43A5-94A6-466125D3F5E4,IFC_Vebo_spekband_SB 60/70x150 150 x 70,00 begane grond,True
0_$0lTaD1BJR1VsExWpSwr,IfcCovering,gevelisolatie,,,3EFC0BDD-90D0-4B4D-B05F-D8EEE0CDCEB5,IFC_isolatie_115mm_glaswol 115,00 begane grond,True
0wdUzknAPEQObqQhFayIXP,IfcCovering,gevelisolatie,,,3A9DEF6E-C4A6-4E69-8974-6AB3E4F12859,IFC_isolatie_74mm_PIR 74,00 begane grond,True
3EXJ1QEmv8298eoQ5AVpx3,IfcCovering,kantplank,,,CE85305A-3B0E-4808-9228-C9A14A7F3EC3,IFC_Vebo_kantplank_KP250x50 50 x 249,00 begane grond,True
05jwMvas5BExxAxCBfRLop,IfcCovering,kantplank,,,05B7A5B9-9361-4B3B-BECA-ECC2E96D5CB3,IFC_Vebo_kantplank_KP250x50 50 x 249,00 begane grond,True
3m85tVndn6f8CiQ5nrQI6C,IfcCovering,gevelisolatie,,,F0205DDF-C67C-46A4-832C-685C7569218C,IFC_isolatie_74mm_PIR 74,00 begane grond,True
2Fu9f7Fb1DRAcGH9qbPP$M,IfcCovering,gevelisolatie,,,8FE09A47-3E50-4D6C-A990-449D25659FD6,IFC_isolatie_74mm_PIR 74,00 begane grond,True
224cx5RSH0k82NLlWgvMhN,IfcCovering,gevelisolatie,,,82126EC5-6DC4-40B8-8097-56F82AE56AD7,IFC_isolatie_115mm_glaswol 115,00 begane grond,True
37NCmh8kH0jOXPtUGzziJL,IfcCovering,gevelisolatie,,,C75CCC2B-22E4-40B5-8859-DDE43DF6C4D5,IFC_isolatie_74mm_PIR 74,00 begane grond,True
1FsFlB8sb1ov8vx6euQ6y$,IfcCovering,gevelisolatie,,,4FD8FBCB-2369-41CB-9239-EC6A38686F3F,IFC_isolatie_74mm_PIR 74,00 begane grond,True
1Eqw$ehTv3OhsrP1reu81x,IfcCovering,afdekker,,,4ED3AFE8-ADDE-4362-BDB5-641D68E0807B,IFC_Vebo_spekband_SB 60/70x150 150 x 70,00 begane grond,True
2HoJKJhGv1_QH4oEZQoVnL,IfcCovering,gevelisolatie,,,91C93513-AD0E-41F9-A444-C8E8DAC9FC55,IFC_isolatie_115mm_glaswol 115,00 begane grond,True
1h9MlNkkHDwP1DhrNLa9bw,IfcCovering,gevelisolatie,,,6B256BD7-BAE4-4DE9-904D-AF55D590997A,IFC_isolatie_115mm_glaswol 115,00 begane grond,True
2YCFMRCMfAygmZtpnj44Ds,IfcCovering,gevelisolatie,,,A230F59B-316A-4AF2-AC23-DF3C6D104376,IFC_isolatie_115mm_glaswol 115,00 begane grond,True
2NOIbxPO19bQQfWGSxxbBk,IfcCovering,gevelisolatie,,,9761297B-6580-4995-A6A9-81073BEE52EE,IFC_isolatie_74mm_PIR 74,00 begane grond,True
0JEwYG_9jBKg43nUnK$yPW,IfcCovering,gevelisolatie,,,133BA890-F89B-4B52-A103-C5EC54FFC660,IFC_isolatie_74mm_PIR 74,00 begane grond,True
2A6z8TSfLDHvNhRc6$B_7K,IfcCovering,gevelisolatie,,,8A1BD21D-7295-4D47-95EB-6E61BF2FE1D4,IFC_isolatie_74mm_PIR 74,00 begane grond,True
13scMpPOL1bRECbB4LOU2H,IfcCovering,gevelisolatie,,,43DA65B3-6585-4195-B38C-94B11561E091,IFC_isolatie_74mm_PIR 74,00 begane grond,True
3RHFFQz4L19gWYRdyn6LFJ,IfcCovering,gevelisolatie,,,DB44F3DA-F445-4126-A822-6E7F311953D3,IFC_isolatie_115mm_glaswol 115,00 begane grond,True
2_2AACzkHEDgGqV1aYqLNQ,IfcCovering,gevelisolatie,,,BE08A28C-F6E4-4E36-A434-7C1922D155DA,IFC_isolatie_74mm_PIR 74,00 begane grond,True
2_mb5_4ED0sxXKtT0W5QtL,IfcCovering,afdekker,,,BEC2517E-10E3-40DB-B854-DDD02015ADD5,IFC_Vebo_spekband_SB 60/70x150 150 x 70,00 begane grond,True
0AuUxPDKrCNvDYzAefthJc,IfcCovering,afdekker,,,0AE1EED9-354D-4C5F-9362-F4AA29DEB4E6,IFC_Vebo_spekband_SB 60/70x150 150 x 70,00 begane grond,True
1ECQBiv8D2BukezynigSBG,IfcCovering,afdekker,,,4E31A2EC-E483-422F-8BA8-F7CC6CA9C2D0,IFC_Vebo_spekband_SB 60/70x150 150 x 70,00 begane grond,True
2blpJy67j2XvLXVds8ogL8,IfcCovering,afdekker,,,A5BF34FC-187B-4287-9561-7E7D88CAA548,IFC_Vebo_spekband_SB 60/70x150 150 x 70,00 begane grond,True
0OZUUWav99_BoIAgqRdHCO,IfcCovering,afdekker,,,188DE7A0-9392-49F8-BC92-2AAD1B9D1318,IFC_Vebo_spekband_SB 60/70x150 150 x 70,00 begane grond,True
2JLW_oCyH6RhjvlTzKi4l9,IfcCovering,afdekker,,,93560FB2-33C4-466E-BB79-BDDF54B04BC9,IFC_Vebo_spekband_SB 60/70x150 150 x 70,00 begane grond,True
2NF0Q0bNX2GxoU8Hwfi5jk,IfcCovering,afdekker,,,973C0680-9578-4243-BC9E-211EA9B05B6E,IFC_Vebo_spekband_SB 60/70x150 150 x 70,00 begane grond,True
0M5c295fzDfhX$5UGwP9df,IfcCovering,gevelisolatie,,,16166089-169F-4DA6-B87F-15E43A6499E9,IFC_isolatie_115mm_glaswol 115,00 begane grond,True
1YPoLPkpnCbxLVHVSCPYZA,IfcCovering,gevelisolatie,,,62672559-BB3C-4C97-B55F-45F70C6628CA,IFC_isolatie_115mm_glaswol 115,00 begane grond,True
2HdHJFeRP4mwyNWMpXnYLS,IfcCovering,gevelisolatie,,,919D14CF-A1B6-44C3-AF17-816CE1C6255C,IFC_isolatie_115mm_glaswol 115,00 begane grond,True
2A7Z3nJ7jFUv4nwhsbAsl4,IfcCovering,gevelisolatie,,,8A1E30F1-4C7B-4F7B-9131-EABDA52B6BC4,IFC_isolatie_115mm_glaswol 115,00 begane grond,True
3l8RLN$$zFbAtLrDgwfW0p,IfcCovering,gevelisolatie,,,EF21B557-FFFF-4F94-ADD5-D4DABAA60033,IFC_isolatie_74mm_PIR 74,00 begane grond,True
3BGNKMFaz6nhBmBYAQEOky,IfcCovering,gevelisolatie,,,CB417516-3E4F-46C6-B2F0-2E229A398BBC,IFC_isolatie_74mm_PIR 74,00 begane grond,True
0NgSgJY7v5_8mqz2$2ur5r,IfcCovering,gevelisolatie,,,17A9CA93-887E-45F8-8C34-F42FC2E35175,IFC_isolatie_74mm_PIR 74,00 begane grond,True
0$RTdmvvT3l9YpswDBjUUh,IfcCovering,gevelisolatie,,,3F6DD9F0-E797-43BC-98B3-DBA34BB5E7AB,IFC_isolatie_74mm_PIR 74,00 begane grond,True
0sg49ecMX4buogVPO4OArg,IfcCovering,afdekker,,,36A84268-9968-4497-8CAA-7D960460AD6A,IFC_Vebo_spekband_SB 60/70x150 150 x 70,00 begane grond,True
0qu$ppJ9f4gffikAqKqNQa,IfcCovering,afdekker,,,34E3FCF3-4C9A-44AA-9A6C-B8AD14D176A4,IFC_Vebo_spekband_SB 60/70x150 150 x 70,00 begane grond,True
32n8HM8Qb9zPxknecRkG1c,IfcCovering,afdekker,,,C2C48456-21A9-49F5-9EEE-C6899BB90066,IFC_Vebo_spekband_SB 60/70x150 150 x 70,00 begane grond,True
1xNrVCR6nEXekwX5$xO1Hb,IfcCovering,afdekker,,,7B5F57CC-6C6C-4E86-8BBA-845FFB601465,IFC_Vebo_spekband_SB 60/70x150 150 x 70,00 begane grond,True
13ZhtChIb3PeTsJ8HNF8NA,IfcCovering,afdekker,,,438EBDCC-AD29-4366-8776-4C84573C85CA,IFC_Vebo_spekband_SB 60/70x150 150 x 70,00 begane grond,True
2spL59QrPCyBA2FiMEdVfl,IfcCovering,gevelisolatie,,,B6CD5149-6B56-4CF0-B282-3EC58E9DFA6F,IFC_isolatie_115mm_glaswol 115,00 begane grond,True
0aNbzgr0DBsBHEsY9ymWxR,IfcCovering,gevelisolatie,,,245E5F6A-D403-4BD8-B44E-DA227CC20EDB,IFC_isolatie_115mm_glaswol 115,00 begane grond,True
1yarHwLaX1cPaBei3L86eE,IfcCovering,afdekker,,,7C93547A-5648-4199-990B-A2C0D5206A0E,IFC_Vebo_spekband_SB 60/70x150 150 x 70,00 begane grond,True
3MtSPJAdHAWfsa7Bz1mBSU,IfcCovering,vensterbank,,,D6DDC653-2A74-4A82-9DA4-1CBF41C0B71E,IFC_Holonite_vensterbank_125x20 125 x 20,00 begane grond,True
1a0p7f$GjCZR$2q8MFuJqH,IfcCovering,vensterbank,,,640331E9-FD0B-4C8D-BFC2-D0858FE13D11,IFC_Holonite_vensterbank_125x20 125 x 20,00 begane grond,True
35zAcqGav04htqTJTCcQ2_,IfcCovering,gevelisolatie,,,C5F4A9B4-424E-4012-BDF4-75374C99A0BE,IFC_isolatie_115mm_glaswol 115,00 begane grond,True
1dvc7LPjj0NQysd3vjcP4A,IfcCovering,gevelisolatie,,,67E661D5-66DB-405D-AF36-9C3E6D99910A,IFC_isolatie_74mm_PIR 74,00 begane grond,True
1Xz3hRjGn87Bkrn9PpbIxz,IfcCovering,gevelisolatie,,,61F43ADB-B50C-481C-BBB5-C49673952EFD,IFC_isolatie_115mm_glaswol 115,00 begane grond,True
1JGPTMW8v6c88uVoiW0t0U,IfcCovering,gevelisolatie,,,53419756-808E-4698-8238-7F2B2003701E,IFC_isolatie_115mm_glaswol 115,00 begane grond,True
2mpqGz7T53CeIxYnhoxTHk,IfcCovering,gevelisolatie,,,B0CF443D-1DD1-4332-84BB-8B1AF2EDD46E,IFC_isolatie_115mm_glaswol 115,00 begane grond,True
3E1jV10ujB2Oh3_iqFBclu,IfcCovering,gevelisolatie,,,CE06D7C1-038B-4B09-8AC3-FACD0F2E6BF8,IFC_isolatie_115mm_glaswol 115,00 begane grond,True
2toL7mOtbC6gr0lmiBHmvE,IfcCovering,aftimmering,,,B7C951F0-6379-4C1A-AD40-BF0B0B470E4E,01 plaatmateriaal - multiplex 12,00 begane grond,True
1FKguul6bELPWJcn1wqtCn,IfcCovering,gevelisolatie,,,4F52AE38-BC69-4E55-9813-9B107AD37331,IFC_isolatie_115mm_glaswol 115,00 begane grond,True
0I4PUaG7P0B9SKICNhglN8,IfcCovering,gevelisolatie,,,121197A4-4076-402C-9714-48C5EBAAF5C8,IFC_isolatie_115mm_glaswol 115,00 begane grond,True
2FbXVh8S1CufZTqwcI6fCY,IfcCovering,kantplank,,,8F9617EB-21C0-4CE2-98DD-D3A9921A9322,IFC_Vebo_kantplank_KP250x50 50 x 249,00 begane grond,True
2$qojtEg11KOlx5dsKOLkd,IfcCovering,kantplank,,,BFD32B77-3AA0-4151-8BFB-167D94615BA7,IFC_Vebo_kantplank_KP250x50 50 x 249,00 begane grond,True
3VckOxSQL879gBLbuo8NUI,IfcCovering,kantplank,,,DF9AE63B-71A5-481C-9A8B-565E32217792,IFC_Vebo_kantplank_KP250x50 50 x 249,00 begane grond,True
3qRUpAlEj79OTp8k$2DPca,IfcCovering,kantplank,,,F46DECCA-BCEB-4725-8773-22EFC23599A4,IFC_Vebo_kantplank_KP250x50 50 x 249,00 begane grond,True
2FqxnBY05BVOe9XL3vEwN4,IfcCovering,vensterbank,,,8FD3BC4B-8801-4B7D-8A09-8550F93BA5C4,IFC_Holonite_vensterbank_125x20 125 x 20,00 begane grond,True
1cwltKASv7eB7ODoxbtBXE,IfcCovering,vensterbank,,,66EAFDD4-29CE-47A0-B1D8-372EE5DCB84E,IFC_Holonite_vensterbank_125x20 125 x 20,00 begane grond,True
17BDxNcKL21xQ_qM309zcb,IfcCovering,waterslag,,,472CDED7-9945-4207-B6BE-D160C027D9A5,IFC_Roval_waterslag_ type_Elegance_15gr/168 168 x 87,00 begane grond,True
3Vto0AkEn5IeJPdZaVtCJ1,IfcCovering,waterslag,,,DFDF200A-B8EC-454A-84D9-9E391FDCC4C1,IFC_Roval_waterslag_ type_Elegance_15gr/168 168 x 87,00 begane grond,True
26A6Pogy9FXQ5X9nwWoteD,IfcCovering,waterslag,,,86286672-ABC2-4F85-A161-271EA0CB7A0D,IFC_Roval_waterslag_ type_Elegance_15gr/168 168 x 87,00 begane grond,True
3v_qb2dxv3R8q4I81XrHGH,IfcCovering,waterslag,,,F9FB4942-9FBE-436C-8D04-488061D51411,IFC_Roval_waterslag_ type_Elegance_15gr/168 168 x 87,00 begane grond,True
1yxHmC9k1EHuZVRzE9eBXA,IfcCovering,waterslag,,,7CED1C0C-26E0-4E47-88DF-6FD389A0B84A,IFC_Roval_waterslag_ type_Elegance_15gr/168 168 x 87,00 begane grond,True
2CVby_gGD56xAfcg1ciDaH,IfcCovering,waterslag,,,8C7E5F3E-A903-451B-B2A9-9AA066B0D911,IFC_Roval_waterslag_ type_Elegance_15gr/168 168 x 87,00 begane grond,True
11BdNNG$13$xCHSCcHPHiQ,IfcCovering,waterslag,,,412E75D7-43F0-43FF-B311-70C991651B1A,IFC_Roval_waterslag_ type_Elegance_15gr/168 168 x 87,00 begane grond,True
0HEV_ZYjz4HhudXQ$HOWUP,IfcCovering,waterslag,,,1139FFA3-8ADF-4446-BE27-85AFD1620799,IFC_Roval_waterslag_ type_Elegance_15gr/168 168 x 87,00 begane grond,True
1qu89B25X16BzBkifJ9W2U,IfcCovering,waterslag,,,74E0824B-0858-4118-BF4B-BACA5326009E,IFC_Roval_waterslag_ type_Elegance_15gr/168 168 x 87,00 begane grond,True
2_cwN$otP9fuKuILmP60Df,IfcCovering,waterslag,,,BE9BA5FF-CB76-49A7-8538-495C19180369,IFC_Roval_waterslag_ type_Elegance_15gr/168 168 x 87,00 begane grond,True
0T7zfl5Zr4HReoQa9zxpYc,IfcCovering,waterslag,,,1D1FDA6F-163D-4445-BA32-6A427DEF38A6,IFC_Roval_waterslag_ type_Elegance_15gr/168 168 x 87,00 begane grond,True
0WsfO0oH184gNrUXRbTJQ_,IfcCovering,waterslag,,,20DA9600-C910-4812-A5F5-7A16E57536BE,IFC_Roval_waterslag_ type_Elegance_15gr/168 168 x 87,00 begane grond,True
0g4dy5QU57w8i6hjZYcxNV,IfcCovering,waterslag,,,2A127F05-69E1-47E8-8B06-AED8E29BB5DF,IFC_Roval_waterslag_ type_Elegance_15gr/168 168 x 87,00 begane grond,True
1dY9Pgo5HEJOJ5WSQMjRzw,IfcCovering,waterslag,,,6788966A-C854-4E4D-84C5-81C696B5BF7A,IFC_Roval_waterslag_ type_Elegance_15gr/168 168 x 87,00 begane grond,True
1wbpuSEZr39x2jRq4SiSuj,IfcCovering,waterslag,,,7A973E1C-3A3D-4327-B0AD-6F411CB1CE2D,IFC_Roval_waterslag_ type_Elegance_15gr/168 168 x 87,00 begane grond,True
0IDwntXkDE1PcB_MwNMVAV,IfcCovering,waterslag,,,1237AC77-86E3-4E05-998B-F96E9759F29F,IFC_Roval_waterslag_ type_Elegance_15gr/168 168 x 87,00 begane grond,True
1FtJutmF19iAGFaW4M3too,IfcCovering,waterslag,,,4FDD3E37-C0F0-49B0-A40F-9201160F7CB2,IFC_Roval_waterslag_ type_Elegance_15gr/168 168 x 87,00 begane grond,True
0LF9sJv4bCBQb2UH_QTmEF,IfcCovering,waterslag,,,153C9D93-E449-4C2D-A942-791F9A77038F,IFC_Roval_waterslag_ type_Elegance_15gr/168 168 x 87,00 begane grond,True
2_zL$iy8jCNgLQFTgvy31s,IfcCovering,waterslag,,,BEF55FEC-F08B-4C5E-A55A-3DDAB9F03076,IFC_Roval_waterslag_ type_Elegance_15gr/168 168 x 87,00 begane grond,True
2q3ytHlvL0bOatcIhxYuTG,IfcCovering,waterslag,,,B40FCDD1-BF95-4095-8937-992AFB8B8750,IFC_Roval_waterslag_ type_Elegance_15gr/168 168 x 87,00 begane grond,True
2_45WHjsXEG9Y56G9CMpL$,IfcCovering,vensterbank,,,BE105811-B768-4E40-9885-19024C5B357F,IFC_Holonite_vensterbank_300x20 300 x 20,00 begane grond,True
2GQh1FGgz0r9ciAdk83jqI,IfcCovering,vensterbank,,,906AB04F-42AF-40D4-99AC-2A7B880EDD12,IFC_Holonite_vensterbank_300x20 300 x 20,00 begane grond,True
3DzuvwCJ53AB6hsYirrbyl,IfcCovering,vensterbank,,,CDF78E7A-3131-4328-B1AB-DA2B35D65F2F,IFC_Holonite_vensterbank_300x20 300 x 20,00 begane grond,True
0Z4s3So2PBnPQ0_GQHemKr,IfcCovering,vensterbank,,,231360DC-C826-4BC5-9680-F90691A30535,IFC_Holonite_vensterbank_300x20 300 x 20,00 begane grond,True
1gUlf0ZXL3cBpxaqLuneut,IfcCovering,vensterbank,,,6A7AFA40-8E15-4398-BCFB-934578C68E37,IFC_Holonite_vensterbank_300x20 300 x 20,00 begane grond,True
1zMuKnGXj2dxbBAY8sqZZC,IfcCovering,vensterbank,,,7D5B8531-421B-429F-B94B-2A2236D238CC,IFC_Holonite_vensterbank_300x20 300 x 20,00 begane grond,True
03$HXMMyP4JgWsGH9JdJ$z,IfcCovering,vensterbank,,,03FD1856-5BC6-444E-A836-4112539D3FFD,IFC_Holonite_vensterbank_300x20 300 x 20,00 begane grond,True
1KvSJrJoHA9gOxWc1S$9NN,IfcCovering,vensterbank,,,54E5C4F5-4F24-4A26-A63B-82605CFC95D7,IFC_Holonite_vensterbank_300x20 300 x 20,00 begane grond,True
3MzWd_2tbDvfStFgq3wljl,IfcCovering,vensterbank,,,D6F609FE-0B79-4DE6-9737-3EAD03EAFB6F,IFC_Holonite_vensterbank_300x20 300 x 20,00 begane grond,True
29qMClNWzDoP9I3UOAfSfe,IfcCovering,vensterbank,,,89D1632F-5E0F-4DC9-9252-0DE60AA5CA68,IFC_Holonite_vensterbank_300x20 300 x 20,00 begane grond,True
263xsg1izFEOvTyYvrqQoQ,IfcCovering,vensterbank,,,860FBDAA-06CF-4F39-8E5D-F22E75D1AC9A,IFC_Holonite_vensterbank_300x20 300 x 20,00 begane grond,True
2tUBmRStvAHwYt4aC8x60b,IfcCovering,vensterbank,,,B778BC1B-737E-4A47-A8B7-124308EC6025,IFC_Holonite_vensterbank_300x20 300 x 20,00 begane grond,True
1w182Ao0XDuA$zn8sF3_Iy,IfcCovering,vensterbank,,,7A04808A-C808-4DE0-AFFD-C48D8F0FE4BC,IFC_Holonite_vensterbank_300x20 300 x 20,00 begane grond,True
1sIkalWm51yARgV1Q7p1M4,IfcCovering,vensterbank,,,764AE92F-8301-41F0-A6EA-7C1687CC1584,IFC_Holonite_vensterbank_300x20 300 x 20,00 begane grond,True
2YV$5iD7z0z8d9Yq3$LpXs,IfcCovering,vensterbank,,,A27FF16C-347F-40F4-89C9-8B40FF573876,IFC_Holonite_vensterbank_300x20 300 x 20,00 begane grond,True
3c$blOc393lO7k1mNSwrez,IfcCovering,vensterbank,,,E6FE5BD8-9832-43BD-81EE-0705DCEB5A3D,IFC_Holonite_vensterbank_300x20 300 x 20,00 begane grond,True
2nZfpoonLDKenc4FqqVAs9,IfcCovering,muurafdekker,,,B18E9CF2-CB15-4D52-8C66-10FD347CAD89,IFC_Holonite_vensterbank_240x20 240 x 20,00 begane grond,True
16Tx9UPJT8Ff0nuYiLOVfS,IfcCovering,gevelisolatie,,,4677B25E-6537-483E-9031-E22B1561FA5C,IFC_isolatie_74mm_PIR 74,00 begane grond,True
1LRccoRIL3pOi1F3fWQ823,IfcCovering,gevelisolatie,,,556E69B2-6D25-43CD-8B01-3C3A60688083,IFC_isolatie_74mm_PIR 74,00 begane grond,True
2qI_o3QLv3xuoCSkXjvJ0W,IfcCovering,aftimmering,,,B44BEC83-695E-43EF-8C8C-72E86DE53020,01 plaatmateriaal - multiplex 12,00 begane grond,True
2hgPVO28L52gA59QIdFtUd,IfcCovering,aftimmering,,,ABA997D8-0885-450A-A285-25A4A73F77A7,01 plaatmateriaal - multiplex 12,00 begane grond,True
1cLzoqhsnEcOo1SZkbM2zq,IfcCovering,aftimmering,,,6657DCB4-AF6C-4E99-8C81-723BA5582F74,01 plaatmateriaal - multiplex 12,00 begane grond,True
1eu5bRwfT8z8G6xGLtt_Cf,IfcCovering,aftimmering,,,68E0595B-EA97-48F4-8406-ED0577DFE329,01 plaatmateriaal - multiplex 12,00 begane grond,True
06zwHDoRv7RRI6sm4YK2to,IfcCovering,wandtegelwerk,,,06F7A44D-C9BE-476D-B486-DB0122502DF2,IFC_wandtegels_250x200 10,00 begane grond,True
2hoMXEy5j8MwHttwLCfUWz,IfcCovering,wandtegelwerk,,,ABC9684E-F05B-485B-A477-DFA54CA5E83D,IFC_wandtegels_250x200 10,00 begane grond,True
0jVfAApHT6axEYd0cn1iPs,IfcCovering,wandtegelwerk,,,2D7E928A-CD17-4693-B3A2-9C09B106C676,IFC_wandtegels_250x200 10,00 begane grond,True
1X5RC2sf597wJqg0gQDANc,IfcCovering,wandtegelwerk,,,6115B302-DA91-491F-A4F4-A80A9A34A5E6,IFC_wandtegels_250x200 10,00 begane grond,True
2Zh1TymiH43gh02RJ$OHyv,IfcCovering,wandtegelwerk,,,A3AC177C-C2C4-440E-AAC0-09B4FF611F39,IFC_wandtegels_250x200 10,00 begane grond,True
2JdgrQ0Kf4Zeu5RqKpB83l,IfcCovering,wandtegelwerk+,,,939EAD5A-014A-448E-8E05-6F45332C80EF,IFC_wandtegels_250x200 10,00 begane grond,True
3PwHZQswn5Pw8_8_QQHc6O,IfcCovering,vloertegelwerk,,,D9E918DA-DBAC-4567-A23E-23E69A466198,IFC_vloertegels_200x200 10,00 begane grond,True
34Wj5VnKz9Jfa5wZ5FC5Jz,IfcCovering,vloertegelwerk,,,C482D15F-C54F-494E-9905-EA314F3054FD,IFC_vloertegels_200x200 10,00 begane grond,True
0NBaWgZEHDGOjCoS61inko,IfcCovering,wandtegelwerk+,,,172E482A-8CE4-4D41-8B4C-C9C181B31BB2,IFC_wandtegels_250x200 10,00 begane grond,True
1vP7es3_fDaejmFjRXxFjf,IfcCovering,wandtegelwerk,,,79647A36-0FEA-4D92-8B70-3ED6E1ECFB69,IFC_wandtegels_250x200 10,00 begane grond,True
1kfeMatBX359yi0X0rNgq1,IfcCovering,wandtegelwerk,,,6EA685A4-DCB8-4314-9F2C-0210355EAD01,IFC_wandtegels_250x200 10,00 begane grond,True
1lc79dIoD8UxshzhmXFF4R,IfcCovering,wandtegelwerk,,,6F987267-4B23-487B-BDAB-F6BC213CF11B,IFC_wandtegels_250x200 10,00 begane grond,True
2jxHTeORDBtfrdAmhYomAJ,IfcCovering,wandtegelwerk,,,ADED1768-61B3-4BDE-9D67-2B0AE2CB0293,IFC_wandtegels_250x200 10,00 begane grond,True
2oGuM38Qz78ODUKOfCB2Dt,IfcCovering,wandtegelwerk,,,B2438583-21AF-4721-835E-518A4C2C2377,IFC_wandtegels_250x200 10,00 begane grond,True
099D7ZtFb1hufN_3w3DMzZ,IfcCovering,vloertegelwerk,,,0924D1E3-DCF9-41AF-8A57-F83E83356F63,IFC_vloertegels_200x200 10,00 begane grond,True
0UQV07lBP76BzsyFYucDre,IfcCovering,wandtegelwerk+,,,1E69F007-BCB6-4718-BF76-F0F8B898DD68,IFC_wandtegels_250x200 10,00 begane grond,True
0VATVlRb19yfxAXdeM2XKA,IfcCovering,wandtegelwerk,,,1F29D7EF-6E50-49F2-9ECA-867A160A150A,IFC_wandtegels_250x200 10,00 begane grond,True
2zuuY$yE97E8B0IIRLN3Hp,IfcCovering,wandtegelwerk,,,BDE388BF-F0E2-4738-82C0-4926D55C3473,IFC_wandtegels_250x200 10,00 begane grond,True
02AP6fTg9CIxeYIOpMoqLB,IfcCovering,wandtegelwerk,,,022991A9-76A2-4C4B-BA22-498CD6CB454B,IFC_wandtegels_250x200 10,00 begane grond,True
1PxVK$n6DAPfpuHK5rhWCm,IfcCovering,vloertegelwerk,,,59EDF53F-C463-4A66-9CF8-454175AE0330,IFC_vloertegels_200x200 10,00 begane grond,True
0mT$Rs_TP7KhKkbup_b3$B,IfcCovering,wandtegelwerk,,,3077F6F6-F9D6-4752-B52E-978CFE943FCB,IFC_wandtegels_250x200 10,00 begane grond,True
38d$pyjuD07P1Gq8jWu0RT,IfcCovering,wandtegelwerk,,,C89FFCFC-B783-401D-9050-D08B60E006DD,IFC_wandtegels_250x200 10,00 begane grond,True
2leudFn4L5D80NgD70QX_z,IfcCovering,wandtegelwerk,,,AFA389CF-C445-4534-8017-A8D1C06A1FBD,IFC_wandtegels_250x200 10,00 begane grond,True
1mOzw6XMjCJfpynvRPT1Cz,IfcCovering,wandtegelwerk,,,7063DE86-856B-4C4E-9CFC-C796D974133D,IFC_wandtegels_250x200 10,00 begane grond,True
2kltNa7Yf4euGd1IofjwnO,IfcCovering,wandtegelwerk,,,AEBF75E4-1E2A-44A3-8427-052CA9B7AC58,IFC_wandtegels_250x200 10,00 begane grond,True
1SaZ7ED7D7kAPv$L$IVKaa,IfcCovering,wandtegelwerk,,,5C9231CE-3473-47B8-A679-FD5FD27D4924,IFC_wandtegels_250x200 10,00 begane grond,True
10nNL1Tz980wuinCcykWNM,IfcCovering,wandtegelwerk,,,40C57541-77D2-4803-AE2C-C4C9BCBA05D6,IFC_wandtegels_250x200 10,00 begane grond,True
15Z3WayYHCXwn9DFh1N60W,IfcCovering,wandtegelwerk,,,458C3824-F224-4C87-AC49-34FAC15C6020,IFC_wandtegels_250x200 10,00 begane grond,True
1wX4XbAN117wjbmE5FFKEn,IfcCovering,wandtegelwerk,,,7A844865-2970-411F-AB65-C0E14F3D43B1,IFC_wandtegels_250x200 10,00 begane grond,True
3YLr44W_T0$hR$y7rYh5os,IfcCovering,wandtegelwerk,,,E2575104-83E7-40FE-B6FF-F07D62AC5CB6,IFC_wandtegels_250x200 10,00 begane grond,True
2kq7NBIADBvQW4LixxXAEg,IfcCovering,wandtegelwerk,,,AED075CB-48A3-4BE5-A804-56CEFB84A3AA,IFC_wandtegels_250x200 10,00 begane grond,True
0hnqG_3NH16uHY$_z75_Xs,IfcCovering,wandtegelwerk,,,2BC7443E-0D74-411B-8462-FFEF4717E876,IFC_wandtegels_250x200 10,00 begane grond,True
3sKQ6QuHD31wtOK0FcID0a,IfcCovering,vloertegelwerk,,,F651A19A-E113-4307-ADD8-5003E648D024,IFC_vloertegels_200x200 10,00 begane grond,True
24M4p$F1r119ERlviSxE9S,IfcCovering,wandtegelwerk,,,84584CFF-3C1D-4104-939B-BF9B1CECE25C,IFC_wandtegels_250x200 10,00 begane grond,True
06TesYVdv1thCfCzos6o8w,IfcCovering,vloertegelwerk,,,06768DA2-7E7E-41DE-B329-33DCB61B223A,IFC_vloertegels_200x200 10,00 begane grond,True
3edVe95sb3vvS_YOfOgGZs,IfcCovering,wandtegelwerk,,,E89DFA09-1769-43E7-973E-898A58A908F6,IFC_wandtegels_250x200 10,00 begane grond,True
1irJfj0SL4w8anti8iD4WI,IfcCovering,wandtegelwerk,,,6CD53A6D-01C5-44E8-8931-DEC22C344812,IFC_wandtegels_250x200 10,00 begane grond,True
25kXaLNpT1OR34GA9k_5Ae,IfcCovering,wandtegelwerk,,,85BA1915-5F37-4161-B0C4-40A26EF852A8,IFC_wandtegels_250x200 10,00 begane grond,True
3uxePrXKL1aeKORMVWqAaA,IfcCovering,wandtegelwerk,,,F8EE8675-8545-4192-8518-6D67E0D0A90A,IFC_wandtegels_250x200 10,00 begane grond,True
2$A8QMu6b0AxOPvjvu_uek,IfcCovering,wandtegelwerk,,,BF288696-E069-402B-B619-E6DE78FB8A2E,IFC_wandtegels_250x200 10,00 begane grond,True
1iiy5t2oz5UOb8YV1F2ogG,IfcCovering,wandtegelwerk,,,6CB3C177-0B2F-4579-8948-89F04F0B2A90,IFC_wandtegels_250x200 10,00 begane grond,True
1b_sCPJHb0$Al1kVaf8RIi,IfcCovering,wandtegelwerk,,,65FB6319-4D19-40FC-ABC1-B9F92921B4AC,IFC_wandtegels_250x200 10,00 begane grond,True
1HEqRkPF16if1EayCMc3bN,IfcCovering,wandtegelwerk,,,513B46EE-64F0-46B2-904E-93C316983957,IFC_wandtegels_250x200 10,00 begane grond,True
3$Xo5rOc162AeEmyfcO6JY,IfcCovering,wandtegelwerk,,,FF872175-6260-4608-AA0E-C3CA666064E2,IFC_wandtegels_250x200 10,00 begane grond,True
0k5MwELanB5fOuvMIKEiXc,IfcCovering,wandtegelwerk,,,2E156E8E-564C-4B16-9638-E564943AC866,IFC_wandtegels_250x200 10,00 begane grond,True
0RnUSCUeb2IfcMaUJY3dSo,IfcCovering,wandtegelwerk,,,1BC5E70C-7A89-424A-9996-91E4E20E7732,IFC_wandtegels_250x200 10,00 begane grond,True
25W5V2ZsTFixgbogqNteUw,IfcCovering,wandtegelwerk,,,858057C2-8F67-4FB3-BAA5-CAAD17DE87BA,IFC_wandtegels_250x200 10,00 begane grond,True
2Yt8ZSuZn3sPcoX7XVxuze,IfcCovering,gevelisolatie,,,A2DC88DC-E23C-43D9-99B2-84785FEF8F68,IFC_isolatie_74mm_PIR 74,01 eerste verdieping,True
1OZNZZELX0XwCImA4RYeiR,IfcCovering,gevelisolatie,,,588D78E3-3958-4087-A312-C0A11B8A8B1B,IFC_isolatie_115mm_glaswol 115,01 eerste verdieping,True
3GJPu5kxLBvf0Insmlf5PM,IfcCovering,gevelisolatie,,,D04D9E05-BBB5-4BE6-9012-C76C2FA45656,IFC_isolatie_74mm_PIR 74,01 eerste verdieping,True
1bTVs4k5XB$fFgNZHol6cv,IfcCovering,dakschroot,,,6575FD84-B858-4BFE-93EA-5E3472BC69B9,01 Hout C,01 eerste verdieping,True
2$sak5qWL2q8AayR67Dy$g,IfcCovering,gevelisolatie,,,BFDA4B85-D205-42D0-82A4-F1B18737CFEA,IFC_isolatie_74mm_PIR 74,01 eerste verdieping,True
3GYOc6f5v3jOhImzWIofdL,IfcCovering,gevelisolatie,,,D0898986-A45E-43B5-8AD2-C3D812CA99D5,IFC_isolatie_115mm_glaswol 115,01 eerste verdieping,True
0WHRbm10D7muBvYq0dF24R,IfcCovering,gevelisolatie,,,2045B970-0403-47C3-82F9-8B40273C211B,IFC_isolatie_115mm_glaswol 115,01 eerste verdieping,True
1Ck68Did9E4B2fA9fyUEXs,IfcCovering,betontegels,,,4CB8620D-B272-4E10-B0A9-289A7C78E876,02 Beton ongewapend,01 eerste verdieping,True
3b41GOPlH4X9uO1ucau44K,IfcCovering,gevelisolatie,,,E5101418-66F4-4484-9E18-0789A4E04114,IFC_isolatie_74mm_PIR 74,01 eerste verdieping,True
35sAWZR6bDMRrY8uivI1iM,IfcCovering,gevelisolatie,,,C5D8A823-6C69-4D59-BD62-238B39481B16,IFC_isolatie_74mm_PIR 74,01 eerste verdieping,True
35JM_qF093s8yLaLO1uiYc,IfcCovering,gevelisolatie,,,C54D6FB4-3C02-43D8-8F15-915601E2C8A6,IFC_isolatie_74mm_PIR 74,01 eerste verdieping,True
2GTbEneYj79xLXxpgN8Jiz,IfcCovering,gevelisolatie,,,907653B1-A22B-4727-B561-EF3A97213B3D,IFC_isolatie_74mm_PIR 74,01 eerste verdieping,True
19ad1u4bjB19T4Oy8Xd_Xy,IfcCovering,gevelisolatie,,,49927078-125B-4B04-9744-63C2219FE87C,IFC_isolatie_74mm_PIR 74,01 eerste verdieping,True
0cvbypZZTEfOd$plu0l_E0,IfcCovering,betontegels,,,26E65F33-8E37-4EA5-89FF-CEFE00BFE380,02 Beton ongewapend,01 eerste verdieping,True
1foRFZ_wb0X9VPnSZX6AgO,IfcCovering,betontegels,,,69C9B3E3-FBA9-4084-97D9-C5C8E118AA98,02 Beton ongewapend,01 eerste verdieping,True
2FFdH9XVzCpBfbvDlHuTHe,IfcCovering,betontegels,,,8F3E7449-85FF-4CCC-BA65-E4DBD1E1D468,02 Beton ongewapend,01 eerste verdieping,True
0XJbqTCUb1Mfg6xCyGDt0J,IfcCovering,betontegels,,,214E5D1D-31E9-415A-9A86-ECCF10377013,02 Beton ongewapend,01 eerste verdieping,True
3sMAjbPMf6S8WJzjjX5v9R,IfcCovering,betontegels,,,F658AB65-656A-4670-8813-F6DB6117925B,02 Beton ongewapend,01 eerste verdieping,True
2uRAATSq1CaBQDXhlDaB$n,IfcCovering,betontegels,,,B86CA29D-7340-4C90-B68D-86BBCD90BFF1,02 Beton ongewapend,01 eerste verdieping,True
3IkOzqNc96T8R$0Xjbgh7t,IfcCovering,betontegels,,,D2B98F74-5E62-4674-86FF-021B65AAB1F7,02 Beton ongewapend,01 eerste verdieping,True
3CqtPNXCP7fwM3faGkw2Gf,IfcCovering,betontegels,,,CCD37657-84C6-47A7-A583-A6442EE82429,02 Beton ongewapend,01 eerste verdieping,True
2z3oZcqgHDeBN1U8yocAmc,IfcCovering,betontegels,,,BD0F28E6-D2A4-4DA0-B5C1-788F3298AC26,02 Beton ongewapend,01 eerste verdieping,True
3uxlWIT193ngNVyN6msB1q,IfcCovering,betontegels,,,F8EEF812-7412-43C6-A5DF-F171B0D8B074,02 Beton ongewapend,01 eerste verdieping,True
3INx$bNv51UAf8M55OdhQj,IfcCovering,betontegels,,,D25FBFE5-5F91-4178-AA48-5851589EB6AD,02 Beton ongewapend,01 eerste verdieping,True
3DfKkZKSDAXvDjeZ9ivXuC,IfcCovering,betontegels,,,CDA54BA3-51C3-4A87-936D-A2326CE61E0C,02 Beton ongewapend,01 eerste verdieping,True
2i8QzWRNPBw8PJKRvI47QC,IfcCovering,betontegels,,,AC21AF60-6D76-4BE8-8653-51BE5210768C,02 Beton ongewapend,01 eerste verdieping,True
2G6lQ95FPBqvla$IXbFUxb,IfcCovering,betontegels,,,901AF689-14F6-4BD3-9BE4-FD28653DEEE5,02 Beton ongewapend,01 eerste verdieping,True
1JdNK56yH2MfZU69$ODUDl,IfcCovering,betontegels,,,539D7505-1BC4-425A-98DE-189FD835E36F,02 Beton ongewapend,01 eerste verdieping,True
0Cp5JUscrBswxyq7gaT1bs,IfcCovering,betontegels,,,0CCC54DE-DA6D-4BDB-AEFC-D07AA4741976,02 Beton ongewapend,01 eerste verdieping,True
2WePGJIkTE98lz29UD$HzT,IfcCovering,betontegels,,,A0A19413-4AE7-4E24-8BFD-08978DFD1F5D,02 Beton ongewapend,01 eerste verdieping,True
2P6wPbxc91mwatfXb1WD2v,IfcCovering,betontegels,,,991BA665-EE62-41C3-A937-A6194180D0B9,02 Beton ongewapend,01 eerste verdieping,True
2lscuoMs9B8gEA_Af43mvB,IfcCovering,betontegels,,,AFDA6E32-5B62-4B22-A38A-F8AA440F0E4B,02 Beton ongewapend,01 eerste verdieping,True
1Vuvsl0V50eR798emqSXKI,IfcCovering,betontegels,,,5FE39DAF-01F1-40A1-B1C9-228C34721512,02 Beton ongewapend,01 eerste verdieping,True
2hvpvsxF9EtQcx932AzaCs,IfcCovering,betontegels,,,ABE73E76-ECF2-4EDD-A9BB-24308AF64336,02 Beton ongewapend,01 eerste verdieping,True
17FgCgOj1AWxEkDCNKnx4j,IfcCovering,betontegels,,,473EA32A-62D0-4A83-B3AE-34C5D4C7B12D,02 Beton ongewapend,01 eerste verdieping,True
0AofIsg4r8DglvfkS$opEm,IfcCovering,betontegels,,,0ACA94B6-A84D-4836-ABF9-A6E73FCB33B0,02 Beton ongewapend,01 eerste verdieping,True
0cbTUdrIX8OwIrU2VSaQUm,IfcCovering,betontegels,,,2695D7A7-D528-4863-A4B5-7827DC91A7B0,02 Beton ongewapend,01 eerste verdieping,True
32kWVqwOLABB2WhehE8BWF,IfcCovering,betontegels,,,C2BA07F4-E985-4A2C-B0A0-AE8ACE20B80F,02 Beton ongewapend,01 eerste verdieping,True
170xGwZ3n63ADCoe9qdg_h,IfcCovering,betontegels,,,4703B43A-8C3C-460C-A34C-CA82749EAFAB,02 Beton ongewapend,01 eerste verdieping,True
17xGjrW1zASOA17QWHquI5,IfcCovering,betontegels,,,47ED0B75-801F-4A71-8281-1DA811D38485,02 Beton ongewapend,01 eerste verdieping,True
0OrxX4Pjf0VhIuPu2Q_Bh6,IfcCovering,betontegels,,,18D7B844-66DA-407E-B4B8-67809AF8BAC6,02 Beton ongewapend,01 eerste verdieping,True
0oXXd01C14k9HYVVsO1hL_,IfcCovering,betontegels,,,328619C0-04C0-44B8-9462-7DFD9806B57E,02 Beton ongewapend,01 eerste verdieping,True
3mQatHsMn0N8AZptiXou6P,IfcCovering,gevelisolatie,,,F06A4DD1-D96C-405C-82A3-CF7B21CB8199,IFC_isolatie_115mm_glaswol 115,01 eerste verdieping,True
0NaYvd00T0beaNe$aa5rg_,IfcCovering,gevelisolatie,,,17922E67-0007-4096-8917-A3F924175ABE,IFC_isolatie_115mm_glaswol 115,01 eerste verdieping,True
2_aINKuYjFsQg1_65zaa$9,IfcCovering,gevelisolatie,,,BE9125D4-E22B-4FD9-AA81-F8617D924FC9,IFC_isolatie_74mm_PIR 74,01 eerste verdieping,True
1ObIqJw7rFy9OY6yKz5MQ3,IfcCovering,gevelisolatie,,,58952D13-E87D-4FF0-9622-1BC53D156683,IFC_isolatie_115mm_glaswol 115,01 eerste verdieping,True
0fChCulg96eO$6aP86Jn$j,IfcCovering,gevelisolatie,,,2932B338-BEA2-46A1-8FC6-9192064F1FED,IFC_isolatie_115mm_glaswol 115,01 eerste verdieping,True
3HrKqMLlj3sOIsPF1bovZS,IfcCovering,gevelisolatie,,,D1D54D16-56FB-43D9-84B6-64F065CB98DC,IFC_isolatie_115mm_glaswol 115,01 eerste verdieping,True
3z8Fs6pIX9EPwoqYt0JHPY,IfcCovering,gevelisolatie,,,FD20FD86-CD28-4939-9EB2-D22DC04D1662,IFC_isolatie_115mm_glaswol 115,01 eerste verdieping,True
2dVpD4FC1858RqVi$M8ZWM,IfcCovering,gevelisolatie,,,A77F3344-3CC0-4814-86F4-7ECFD6223816,IFC_isolatie_74mm_PIR 74,01 eerste verdieping,True
2UgpVLUffE4PH7SbkNj5E$,IfcCovering,gevelisolatie,,,9EAB37D5-7A9A-4E11-9447-725B97B453BF,IFC_isolatie_115mm_glaswol 115,01 eerste verdieping,True
1SMsfaxcr5kg_SP0691Gnm,IfcCovering,gevelisolatie,,,5C5B6A64-EE6D-45BA-AF9C-640189050C70,IFC_isolatie_74mm_PIR 74,01 eerste verdieping,True
3KybCjw2rDie4$Ag$hObNx,IfcCovering,gevelisolatie,,,D4F2532D-E82D-4DB2-813F-2AAFEB6255FB,IFC_isolatie_115mm_glaswol 115,01 eerste verdieping,True
0bdU_rPrL4NRYla5Xz0PS6,IfcCovering,gevelisolatie,,,259DEFB5-6755-445D-B8AF-90587D019706,IFC_isolatie_115mm_glaswol 115,01 eerste verdieping,True
2PPcYTdUDFufh9f6t76mfR,IfcCovering,gevelisolatie,,,9966689D-9DE3-4FE2-9AC9-A46DC71B0A5B,IFC_isolatie_115mm_glaswol 115,01 eerste verdieping,True
2YlG6DNuXEsR_m12gtEuL7,IfcCovering,afschotisolatie,,,A2BD018D-5F88-4ED9-BFB0-042AB73B8547,99 Isolatie - PIR 120mm,01 eerste verdieping,True
2fLq_DnNr4xe7m6OLMvxRO,IfcCovering,gevelisolatie,,,A9574F8D-C57D-44EE-81F0-198556E7B6D8,IFC_isolatie_74mm_PIR 74,01 eerste verdieping,True
1dh3Rm96T0KBiNV4YREjkf,IfcCovering,gevelisolatie,,,67AC36F0-2467-4050-BB17-7C489B3ADBA9,IFC_isolatie_115mm_glaswol 115,01 eerste verdieping,True
39_N4owkz2_PIwMtC0YzzJ,IfcCovering,gevelisolatie,,,C9F97132-EAEF-42F9-94BA-5B73008BDF53,IFC_isolatie_115mm_glaswol 115,01 eerste verdieping,True
1$zIItsnfC0Pb7rBOvl1Et,IfcCovering,afdekker,,,7FF524B7-DB1A-4C01-9947-D4B639BC13B7,IFC_Vebo_raamdorpel_RD 60/100x160 160 x 100,01 eerste verdieping,True
1V0z3AM4X0pfYdkhj$FP0B,IfcCovering,afdekker,,,5F03D0CA-5848-40CE-98A7-BABB7F3D900B,IFC_Vebo_raamdorpel_RD 60/100x160 160 x 100,01 eerste verdieping,True
3f4JHvusn5YfqFJdcA33Jh,IfcCovering,afdekker,,,E9113479-E36C-458A-9D0F-4E798A0C34EB,IFC_Vebo_raamdorpel_RD 60/100x160 160 x 100,01 eerste verdieping,True
3ZXRWgKsj4gvuw5hS0uiF_,IfcCovering,afdekker,,,E385B82A-536B-44AB-9E3A-16B700E2C3FE,IFC_Vebo_raamdorpel_RD 60/100x160 160 x 100,01 eerste verdieping,True
21oQ3BxYz2_gYi_AADd26p,IfcCovering,afdekker,,,81C9A0CB-EE2F-42FA-A8AC-F8A28D9C21B3,IFC_Vebo_raamdorpel_RD 60/100x160 160 x 100,01 eerste verdieping,True
21JlL31CnAuxjs7XNVWPQm,IfcCovering,afdekker,,,814EF543-04CC-4AE3-BB76-1E15DF8196B0,IFC_Vebo_raamdorpel_RD 60/100x160 160 x 100,01 eerste verdieping,True
1yUnbMngL2IOZVI7pqk0W9,IfcCovering,gevelisolatie,,,7C7B1956-C6A5-4249-88DF-487CF4B80809,"IFC_HSB_184_wandelement_Rc=3,67 184",01 eerste verdieping,True
0n$SsfOAv1_xergLljtKQ1,IfcCovering,gevelisolatie,,,31FDCDA9-60AE-41FB-BA35-A95BEDDD4681,"IFC_HSB_184_wandelement_Rc=3,67 184",01 eerste verdieping,True
1Dtu9vg8r8AxuZpgexvX$t,IfcCovering,gevelisolatie,,,4DDF8279-A88D-482B-BE23-CEAA3BE61FF7,IFC_isolatie_115mm_glaswol 115,01 eerste verdieping,True
1Fc8tgPsz3M8_u8HKDjKhS,IfcCovering,gevelisolatie,,,4F988DEA-676F-4358-8FB8-21150DB54ADC,IFC_isolatie_115mm_glaswol 115,01 eerste verdieping,True
31Guep27XBugy1wxllwitf,IfcCovering,gevelisolatie,,,C1438A33-0878-4BE2-AF01-EBBBEFEACDE9,IFC_isolatie_115mm_glaswol 115,01 eerste verdieping,True
1HRHuOChTEnwF5I0bHkFsT,IfcCovering,gevelisolatie,,,516D1E18-32B7-4EC7-A3C5-480951B8FD9D,IFC_isolatie_115mm_glaswol 115,01 eerste verdieping,True
2oL7X5mKr9bwjp_qoAJBRw,IfcCovering,gevelisolatie,,,B2547845-C14D-4997-AB73-FB4C8A4CB6FA,IFC_isolatie_115mm_glaswol 115,01 eerste verdieping,True
08TRwy5zH2XOmXsTzIRyne,IfcCovering,gevelisolatie,,,0875BEBC-17D4-4285-8C21-D9DF526FCC68,IFC_isolatie_115mm_glaswol 115,01 eerste verdieping,True
3OpJquxb920folUBQFnHnR,IfcCovering,gevelisolatie,,,D8CD3D38-EE52-4202-9CAF-78B68FC51C5B,IFC_isolatie_115mm_glaswol 115,01 eerste verdieping,True
10vwEi4PL7R957Ao$QN0VF,IfcCovering,betontegels,,,40E7A3AC-1195-476C-9147-2B2FDA5C07CF,02 Beton ongewapend,01 eerste verdieping,True
0RKZ1T3ev9Ku2b$B8li20l,IfcCovering,betontegels,,,1B52305D-0E8E-4953-80A5-FCB22FB0202F,02 Beton ongewapend,01 eerste verdieping,True
3LTKMCeajCDfRLs7Ca04Tp,IfcCovering,gevelisolatie,,,D575458C-A24B-4C36-96D5-D87324004773,IFC_isolatie_115mm_glaswol 115,01 eerste verdieping,True
3cpxkAv$10$PgDeMJwfCPL,IfcCovering,betontegels,,,E6CFBB8A-E7F0-40FD-9A8D-A164FAA4C655,02 Beton ongewapend,01 eerste verdieping,True
3FoypEz3L1afXc_6qgavRq,IfcCovering,kantafwerking,,,CFCBCCCE-F435-4192-9866-F86D2A9396F4,01 plaatmateriaal - multiplex 12,01 eerste verdieping,True
2wNbDgKcj8JBeaqMAeU1Zg,IfcCovering,betontegels,,,BA5E536A-526B-484C-BA24-D162A87818EA,02 Beton ongewapend,01 eerste verdieping,True
0tVNhKdXX6iRrAd1v9PFLt,IfcCovering,gevelisolatie,,,377D7AD4-9E18-46B1-BD4A-9C1E4964F577,IFC_isolatie_115mm_glaswol 115,01 eerste verdieping,True
1JDR_1TC5CLv5mIC0n42pj,IfcCovering,gevelisolatie,,,5335BF81-74C1-4C57-9170-48C031102CED,IFC_isolatie_115mm_glaswol 115,01 eerste verdieping,True
0aPhR8leT20hF96pIUEO5o,IfcCovering,gevelisolatie,,,2466B6C8-BE87-4202-B3C9-1B349E398172,IFC_isolatie_115mm_glaswol 115,01 eerste verdieping,True
0w8l8sxGf2ChmdtOf8DRFQ,IfcCovering,gevelisolatie,,,3A22F236-ED0A-4232-BC27-DD8A4835B3DA,IFC_isolatie_115mm_glaswol 115,01 eerste verdieping,True
0LMFw3$CP11eQyOyFpx56b,IfcCovering,gevelisolatie,,,1558FE83-FCC6-4106-86BC-63C3F3EC51A5,IFC_isolatie_74mm_PIR 74,01 eerste verdieping,True
0LJYF2C4T9a8D4cGzuGC4O,IfcCovering,gevelisolatie,,,154E23C2-3047-4990-8344-990F7840C118,IFC_isolatie_115mm_glaswol 115,01 eerste verdieping,True
3oLzKCfPH6txb7mMIAPQlw,IfcCovering,betontegels,,,F257D50C-A594-46DF-B947-C1648A65ABFA,02 Beton ongewapend,01 eerste verdieping,True
28TwRgPBf0Dw3TgI_VPbfp,IfcCovering,betontegels,,,8877A6EA-64BA-4037-A0DD-A92F9F665A73,02 Beton ongewapend,01 eerste verdieping,True
0yJedBOe16beS9_7mCiqJJ,IfcCovering,betontegels,,,3C4E89CB-6280-4696-8709-F87C0CB344D3,02 Beton ongewapend,01 eerste verdieping,True
34z7xXuPPDW87zaP5IVfw0,IfcCovering,betontegels,,,C4F47EE1-E196-4D80-81FD-9191527E9E80,02 Beton ongewapend,01 eerste verdieping,True
0BtjoSsUD44AJQnNSO7djo,IfcCovering,betontegels,,,0BDEDC9C-D9E3-4410-A4DA-C577181E7B72,02 Beton ongewapend,01 eerste verdieping,True
0Y7_E9Q41D1OGCk6r_scqM,IfcCovering,betontegels,,,221FE389-6840-4D05-840C-B86D7EDA6D16,02 Beton ongewapend,01 eerste verdieping,True
0DuzvdVuzFFQ8DZUdYbnaa,IfcCovering,betontegels,,,0DE3DE67-7F8F-4F3D-A20D-8DE9E2971924,02 Beton ongewapend,01 eerste verdieping,True
0rimlyz8L6sPbwfqNigbVm,IfcCovering,gevelisolatie,,,35B30BFC-F485-46D9-997A-A745ECAA57F0,IFC_isolatie_74mm_PIR 74,01 eerste verdieping,True
2IhDlsyQ92mRGC$LrgFBU5,IfcCovering,gevelisolatie,,,92ACDBF6-F1A2-42C1-B40C-FD5D6A3CB785,IFC_isolatie_115mm_glaswol 115,01 eerste verdieping,True
2RResjRXbFNR1haDgDFXFc,IfcCovering,gevelisolatie,,,9B6E8DAD-6E19-4F5D-B06B-90DA8D3E13E6,IFC_isolatie_74mm_PIR 74,01 eerste verdieping,True
2pXTAYjP941Rdtj2yQ9mdR,IfcCovering,gevelisolatie,,,B385D2A2-B592-4405-B9F7-B42F1A2709DB,IFC_isolatie_115mm_glaswol 115,01 eerste verdieping,True
1rTCV1PYv9FwGUZ8YS9K8Y,IfcCovering,gevelisolatie,,,7574C7C1-662E-493F-A41E-8C889C254222,IFC_isolatie_74mm_PIR 74,01 eerste verdieping,True
1sU45VbZjDeep3OnoPApSs,IfcCovering,gevelisolatie,,,7678415F-963B-4DA2-8CC3-631C992B3736,IFC_isolatie_115mm_glaswol 115,01 eerste verdieping,True
11gM1tAq54AhT_YU1Hg684,IfcCovering,gevelisolatie,,,41A96077-2B41-442A-B77E-89E051A86204,IFC_isolatie_115mm_glaswol 115,01 eerste verdieping,True
3Z2IaYz6L6Bu7aBHwfdkGF,IfcCovering,gevelisolatie,,,E3092922-F465-462F-81E4-2D1EA99EE40F,IFC_isolatie_115mm_glaswol 115,01 eerste verdieping,True
1Il65gOCnF$hIa8tiNxeQK,IfcCovering,betontegels,,,52BC616A-60CC-4FFE-B4A4-237B17EE8694,02 Beton ongewapend,01 eerste verdieping,True
089cpUZQjCx8BKKyNd2aQI,IfcCovering,betontegels,,,08266CDE-8DAB-4CEC-82D4-53C5E70A4692,02 Beton ongewapend,01 eerste verdieping,True
2FxI7SHGHB0BRsVpkHSiyF,IfcCovering,betontegels,,,8FED21DC-4504-4B00-B6F6-7F3B9172CF0F,02 Beton ongewapend,01 eerste verdieping,True
0kV0clmE5E3vOSOgxD5nk3,IfcCovering,betontegels,,,2E7C09AF-C0E1-4E0F-961C-62AECD171B83,02 Beton ongewapend,01 eerste verdieping,True
3RowobfFD5GAQ0ZqXpmyu8,IfcCovering,betontegels,,,DBCBACA5-A4F3-4540-A680-8F4873C3CE08,02 Beton ongewapend,01 eerste verdieping,True
3AuSOzb05ETBCkVB2uaARm,IfcCovering,betontegels,,,CAE1C63D-9401-4E74-B32E-7CB0B890A6F0,02 Beton ongewapend,01 eerste verdieping,True
1FqwrPu3f1XA2prZi_iJgV,IfcCovering,betontegels,,,4FD3AD59-E03A-4184-A0B3-D63B3EB13A9F,02 Beton ongewapend,01 eerste verdieping,True
1Le_dYOIDEghnYdjhn7rRy,IfcCovering,betontegels,,,55A3E9E2-6123-4EAA-BC62-9EDAF11F56FC,02 Beton ongewapend,01 eerste verdieping,True
3JRAoEEpT2SxcKwxxNFDth,IfcCovering,betontegels,,,D36CAC8E-3B37-4273-B994-EBBED73CDDEB,02 Beton ongewapend,01 eerste verdieping,True
1XXY9WUOTEKgS_fom2rIbi,IfcCovering,afschotisolatie,,,61862260-7987-4E52-A73E-A72C02D5296C,99 Isolatie - PIR 120mm,01 eerste verdieping,True
0pOTiLV4f8sPaaSzeveSvS,IfcCovering,gevelisolatie,,,3361DB15-7C4A-48D9-9924-73DA39A1CE5C,IFC_isolatie_74mm_PIR 74,01 eerste verdieping,True
2jigcolzv9$QeRoTZdu66y,IfcCovering,gevelisolatie,,,ADB2A9B2-BFDE-49FD-AA1B-C9D8E7E061BC,IFC_isolatie_74mm_PIR 74,01 eerste verdieping,True
3BYnWVy5XAW8dc0gN79St4,IfcCovering,gevelisolatie,,,CB8B181F-F058-4A80-89E6-02A5C725CDC4,IFC_isolatie_74mm_PIR 74,01 eerste verdieping,True
3s5Hs_jG95KRyeMrNYANQ5,IfcCovering,gevelisolatie,,,F6151DBE-B502-4551-BF28-5B55E2297685,IFC_isolatie_74mm_PIR 74,01 eerste verdieping,True
3PdTXDECXBpw24P2utW5Lq,IfcCovering,gevelisolatie,,,D99DD84D-38C8-4BCF-A084-642E37805574,IFC_isolatie_74mm_PIR 74,01 eerste verdieping,True
0AqLcmunn6fPgUIaWYqjrt,IfcCovering,betontegels,,,0AD159B0-E31C-46A5-9A9E-4A4822D2DD77,02 Beton ongewapend,01 eerste verdieping,True
2qSHpPW053XAbTKEASJkQt,IfcCovering,betontegels,,,B4711CD9-8001-4384-A95D-50E29C4EE6B7,02 Beton ongewapend,01 eerste verdieping,True
1Gz$aNhiX46uZ2kIHS6A4$,IfcCovering,betontegels,,,50F7F917-AEC8-441B-88C2-B9245C18A13F,02 Beton ongewapend,01 eerste verdieping,True
3v71gVY7HBtAb2tWYXdOg3,IfcCovering,betontegels,,,F91C1A9F-8874-4BDC-A942-DE08A19D8A83,02 Beton ongewapend,01 eerste verdieping,True
2MNoLmdST0gB1k1ha8dRRH,IfcCovering,betontegels,,,965F2570-9DC7-40A8-B06E-06B9089DB6D1,02 Beton ongewapend,01 eerste verdieping,True
1lhtG8WpH9TgyVAK7hmr$C,IfcCovering,betontegels,,,6FAF7408-8334-4976-AF1F-2941EBC35FCC,02 Beton ongewapend,01 eerste verdieping,True
2Rcjlb5nP3hv0sgvkOSFF3,IfcCovering,betontegels,,,9B9ADBE5-1716-43AF-9036-AB9B9870F3C3,02 Beton ongewapend,01 eerste verdieping,True
1X0L1iySL0zPV8u7UuI3z8,IfcCovering,betontegels,,,6101506C-F1C5-40F5-97C8-E077B8483F48,02 Beton ongewapend,01 eerste verdieping,True
1Z3u2xHoj4xuak$BDRjbYn,IfcCovering,betontegels,,,630F80BB-472B-44EF-892E-FCB35BB658B1,02 Beton ongewapend,01 eerste verdieping,True
3NFZfS3FLBOh42HoJXrpRO,IfcCovering,betontegels,,,D73E3A5C-0CF5-4B62-B102-4724E1D736D8,02 Beton ongewapend,01 eerste verdieping,True
1h$joxVmv17gGmc8GSiG4s,IfcCovering,gevelisolatie,,,6BFEDCBB-7F0E-411E-A430-98841CB10136,IFC_isolatie_115mm_glaswol 115,01 eerste verdieping,True
1RjfOwL2X27gBAj_JDDrzY,IfcCovering,gevelisolatie,,,5BB6963A-5428-421E-A2CA-B7E4CD375F62,IFC_isolatie_74mm_PIR 74,01 eerste verdieping,True
2k61quJib60BdECkgtFwG9,IfcCovering,gevelisolatie,,,AE181D38-4EC9-4600-B9CE-32EAB73FA409,IFC_isolatie_115mm_glaswol 115,01 eerste verdieping,True
2byQdPEt96tg_HJ80PfF8X,IfcCovering,gevelisolatie,,,A5F1A9D9-3B72-46DE-AF91-4C8019A4F221,IFC_isolatie_115mm_glaswol 115,01 eerste verdieping,True
0V0i3PiaXFCxNA$vJ9OUvY,IfcCovering,gevelisolatie,,,1F02C0D9-B248-4F33-B5CA-FF94C961EE62,IFC_isolatie_115mm_glaswol 115,01 eerste verdieping,True
2SKBF5ytXEMhVA45DtpFHm,IfcCovering,gevelisolatie,,,9C50B3C5-F378-4E5A-B7CA-105377CCF470,IFC_isolatie_74mm_PIR 74,01 eerste verdieping,True
2zxTOubUb67uBpLBPeju7T,IfcCovering,gevelisolatie,,,BDEDD638-95E9-461F-82F3-54B668B781DD,IFC_isolatie_74mm_PIR 74,01 eerste verdieping,True
2$y5GIwOj6yxq93SG0Y2mc,IfcCovering,gevelisolatie,,,BFF05412-E98B-46F3-BD09-0DC400882C26,IFC_isolatie_74mm_PIR 74,01 eerste verdieping,True
07iVQKOB9EfvvsOb5j0_7m,IfcCovering,gevelisolatie,,,07B1F694-60B2-4EA7-9E76-62516D03E1F0,IFC_isolatie_74mm_PIR 74,01 eerste verdieping,True
1i6DR6fr563ubDz_9Z$444,IfcCovering,gevelisolatie,,,6C18D6C6-A751-460F-894D-F7E263FC4104,IFC_isolatie_74mm_PIR 74,01 eerste verdieping,True
0hQ1ZzN0D3Xvc5E9qAX0bq,IfcCovering,gevelisolatie,,,2B6818FD-5C03-4387-9985-389D0A840974,IFC_isolatie_74mm_PIR 74,01 eerste verdieping,True
20gg3VDJDEC9Q6rqCIaM0P,IfcCovering,gevelisolatie,,,80AAA0DF-3533-4E30-9686-D74312916019,IFC_isolatie_74mm_PIR 74,01 eerste verdieping,True
0tr0Uq8C58kP$4E9iN2yw1,IfcCovering,zinkwerk,,,37D407B4-20C1-48B9-9FC4-389B170BCE81,04 Zink,01 eerste verdieping,True
1pq2owMHj7dB_me$Ri9BiA,IfcCovering,gevelisolatie,,,73D02CBA-591B-479C-BFB0-A3F6EC24BB0A,IFC_isolatie_74mm_PIR 74,01 eerste verdieping,True
1rPuMVQML7s9DG_xTI3yik,IfcCovering,gevelisolatie,,,7567859F-6965-47D8-9350-FBB7520FCB2E,IFC_isolatie_74mm_PIR 74,01 eerste verdieping,True
2IP4sYGhL0tg5eKCTQCky2,IfcCovering,gevelisolatie,,,92644DA2-42B5-40DE-A168-50C75A32EF02,IFC_isolatie_74mm_PIR 74,01 eerste verdieping,True
146v73cmP2b8ns_5yF15Ok,IfcCovering,gevelisolatie,,,441B91C3-9B06-4294-8C76-F85F0F04562E,IFC_isolatie_74mm_PIR 74,01 eerste verdieping,True
0CM3l7xSzDIgDiUz7eST9M,IfcCovering,gevelisolatie,,,0C583BC7-EDCF-4D4A-A36C-7BD1E871D256,IFC_isolatie_74mm_PIR 74,01 eerste verdieping,True
0w6rmqPP9DWwZRnS68r8yY,IfcCovering,gevelisolatie,,,3A1B5C34-6592-4D83-A8DB-C5C188D48F22,IFC_isolatie_74mm_PIR 74,01 eerste verdieping,True
02OgoTqBbAyxpkb$7g6oA2,IfcCovering,gevelisolatie,,,0262AC9D-D0B9-4AF3-BCEE-97F1EA1B2282,IFC_isolatie_74mm_PIR 74,01 eerste verdieping,True
3eh4$UfD1DBu4$9FT7XnZG,IfcCovering,gevelisolatie,,,E8AC4FDE-A4D0-4D2F-813F-24F7478718D0,IFC_isolatie_74mm_PIR 74,01 eerste verdieping,True
3rQPehOsbCpPeNdyQZncGb,IfcCovering,gevelisolatie,,,F5699A2B-6369-4CCD-9A17-9FC6A3C66425,IFC_isolatie_74mm_PIR 74,01 eerste verdieping,True
00fSj8UXfAn8lUGu3HP6DA,IfcCovering,boeideel,,,00A5CB48-7A1A-4AC4-8BDE-4380D164634A,01 plaatmateriaal - platsica 10mm,01 eerste verdieping,True
08WjeJHbH2i8ZzT$OzgxLB,IfcCovering,boeideel,,,0882DA13-4654-42B0-88FD-77F63DABB54B,01 plaatmateriaal - platsica 10mm,01 eerste verdieping,True
0j$MqPEI98Du8GtlA_gCZ$,IfcCovering,dakopstand,,,2DFD6D19-3922-4837-8210-DEF2BEA8C8FF,IFC_dakopstand_laagbouw_hout_38x120 38 x 120,01 eerste verdieping,True
3YCwgfnoPAZA4Wom7rNcwG,IfcCovering,dakopstand,,,E233AAA9-C726-4A8C-A120-CB01F55E6E90,IFC_dakopstand_laagbouw_hout_38x95 38 x 95,01 eerste verdieping,True
2I7Eif$QL2JAhitt5X2W36,IfcCovering,dakopstand,,,921CEB29-FDA5-424C-AAEC-DF71610A00C6,IFC_dakopstand_laagbouw_hout_38x120 38 x 120,01 eerste verdieping,True
3S0eySObjCH9WIw9td9uEf,IfcCovering,dakopstand,,,DC028F1C-625B-4C44-9812-E89DE72783A9,IFC_dakopstand_laagbouw_hout_38x95 38 x 95,01 eerste verdieping,True
1eL$DjWLL138w23Y_$XKti,IfcCovering,dakopstand,,,6857F36D-8155-410C-8E82-0E2FBF854DEC,IFC_dakopstand_laagbouw_hout_38x95 38 x 95,01 eerste verdieping,True
2iwLoVLv54FhuSMAoydMcA,IfcCovering,dakopstand,,,ACE95C9F-5791-443E-BE1C-58ACBC9D698A,IFC_dakopstand_laagbouw_hout_38x95 38 x 95,01 eerste verdieping,True
1fLtSegQT3MvCbSgybB8Rq,IfcCovering,boeideel,,,69577728-A9A7-435B-9325-72AF252C86F4,01 plaatmateriaal - platsica 10mm,01 eerste verdieping,True
2yucz8OGPDb8TmSNSoHkNY,IfcCovering,boeideel,,,BCE26F48-6106-4D94-8770-71773246E5E2,01 plaatmateriaal - platsica 10mm,01 eerste verdieping,True
1ivCDD$er0ov4nbPMmyKyU,IfcCovering,dakopstand,,,6CE4C34D-FE8D-40CB-9131-9595B0F14F1E,IFC_dakopstand_laagbouw_hout_38x120 38 x 120,01 eerste verdieping,True
0dZFYDKpDCG93HwrAg1gGt,IfcCovering,dakopstand,,,278CF88D-5333-4C40-90D1-EB52AA06A437,IFC_dakopstand_laagbouw_hout_38x95 38 x 95,01 eerste verdieping,True
27RBRk52jFzRj7SdB_vX0Q,IfcCovering,gootplafond,,,876CB6EE-142B-4FF5-BB47-7272FEE6101A,01 plaatmateriaal - platsica 10mm 10,01 eerste verdieping,True
1P5SE$JPLEgP0ctVQ8_W85,IfcCovering,gootplafond,,,5915C3BF-4D95-4EA9-9026-DDF688FA0205,01 plaatmateriaal - platsica 10mm 10,01 eerste verdieping,True
3zazqHQu53OgKjJuHCL9_s,IfcCovering,gootplafond,,,FD93DD11-6B81-4362-A52D-4F844C549FB6,01 plaatmateriaal - platsica 10mm 10,01 eerste verdieping,True
0oD9nF_An0vhy_ldFgYa0v,IfcCovering,gootplafond,,,32349C4F-F8AC-40E6-BF3E-BE73EA8A4039,01 plaatmateriaal - platsica 10mm 10,01 eerste verdieping,True
3rd_REpuj17BE2lrkhW3pm,IfcCovering,gootplafond,,,F59FE6CE-CF8B-411C-B382-BF5BAB803CF0,01 plaatmateriaal - platsica 10mm 10,01 eerste verdieping,True
2raCbTgHb52vuE6qdpZRn2,IfcCovering,dakpan (vlak),,,B590C95D-A919-450B-9E0E-1B49F38DBC42,IFC_dakpan_Coramic_301_leipan_vlak 50,01 eerste verdieping,True
1ZNir8Ykb5_eoXCXVaPrPD,IfcCovering,dakpan (vlak),,,635ECD48-8AE9-45FA-8CA1-3217E467564D,IFC_dakpan_Coramic_301_leipan_vlak 50,01 eerste verdieping,True
2YOF6gsgjALu$nRsDPSaPl,IfcCovering,zinkwerk,,,A260F1AA-DAAB-4A57-8FF1-6F635972466F,04 Zink,01 eerste verdieping,True
2XvzNoaWf2VPiUgz2lIrHt,IfcCovering,zinkwerk,,,A1E7D5F2-920A-427D-9B1E-ABD0AF4B5477,04 Zink,01 eerste verdieping,True
28yqi6sLP7qhIWx56LPe2F,IfcCovering,zinkwerk,,,88F34B06-D956-47D2-B4A0-EC519566808F,04 Zink,01 eerste verdieping,True
3UjcHq3Cv7NQaWZRG0iMF4,IfcCovering,zinkwerk,,,DEB66474-0CCE-475D-A920-8DB400B163C4,04 Zink,01 eerste verdieping,True
3N2NpPWLjDuRoDM30StYL9,IfcCovering,dak dakkapel,,,D7097CD9-815B-4DE1-BC8D-58301CDE2549,IFC_underlayment_dakbeschot_22mm 22,01 eerste verdieping,True
0q93xN1zn0VvDN$fSZYxIV,IfcCovering,dakschroot,,,34243ED7-07DC-407F-9357-FE97238BB49F,01 Hout C,01 eerste verdieping,True
2Fqo6e6oL3$RkN9pXYFPdc,IfcCovering,dak dakkapel,,,8FD321A8-1B25-43FD-BB97-2738623D99E6,IFC_underlayment_dakbeschot_22mm 22,01 eerste verdieping,True
3Go8JCEwzDGf3mU78C$WMO,IfcCovering,dakschroot,,,D0C884CC-3BAF-4D42-90F0-78720CFE0598,01 Hout C,01 eerste verdieping,True
0AxVSwDQ90PfbBvFbPBxDk,IfcCovering,zinkwerk,,,0AEDF73A-35A2-4066-994B-E4F9592FB36E,04 Zink,01 eerste verdieping,True
3EIL$DABrAvgHMuhAWT8Vu,IfcCovering,vensterbank,,,CE495FCD-28BD-4AE6-A456-E2B2A07487F8,IFC_Holonite_vensterbank_320x20 320 x 20,01 eerste verdieping,True
3cMufpl85DXfFuJDrrhhUO,IfcCovering,vensterbank,,,E65B8A73-BC81-4D86-93F8-4CDD75AEB798,IFC_Holonite_vensterbank_320x20 320 x 20,01 eerste verdieping,True
1lS_$siaH7TfOR_6qbzXnN,IfcCovering,vensterbank,,,6F73EFF6-B244-4776-961B-F86D25F61C57,IFC_Holonite_vensterbank_300x20 300 x 20,01 eerste verdieping,True
1angzO43X0Oe6T4R5o66EN,IfcCovering,vensterbank,,,64C6AF58-1038-4062-819D-11B172186397,IFC_Holonite_vensterbank_260x20 260 x 20,01 eerste verdieping,True
3KsvbjaYb8IwdPQHuATNSp,IfcCovering,vensterbank,,,D4DB996D-9229-484B-A9D9-691E0A757733,IFC_Holonite_vensterbank_300x20 300 x 20,01 eerste verdieping,True
137ACDKaz4lBzQ2wnHkBX6,IfcCovering,vensterbank,,,431CA30D-524F-44BC-BF5A-0BAC51B8B846,IFC_Holonite_vensterbank_260x20 260 x 20,01 eerste verdieping,True
27tJ3ud8bDRwNzIcaOlD$Z,IfcCovering,vensterbank,,,87DD30F8-9C89-4D6F-A5FD-4A6918BCDFE3,IFC_Holonite_vensterbank_260x20 260 x 20,01 eerste verdieping,True
24mQ8wZbX6UfPVqBrSZYX0,IfcCovering,vensterbank,,,84C1A23A-8E58-467A-965F-D0BD5C8E2840,IFC_Holonite_vensterbank_260x20 260 x 20,01 eerste verdieping,True
2jJ$Htazn4wuzmZrbCCkR9,IfcCovering,gipsplafond,,,AD4FF477-93DC-44EB-8F70-8F594C32E6C9,"IFC_gipsplafond_2*12,5 25",01 eerste verdieping,True
3Jsgjxb9r4o9DSskuuMee3,IfcCovering,vensterbank,,,D3DAAB7B-949D-44C8-935C-DAEE385A8A03,IFC_Holonite_vensterbank_300x20 300 x 20,01 eerste verdieping,True
0xFC6yX2n81PSyA$vyDmvK,IfcCovering,gevelisolatie,,,3B3CC1BC-842C-4805-973C-2BFE7C370E54,IFC_isolatie_115mm_glaswol 115,01 eerste verdieping,True
39PsI2z$f6vQnkkup2fuPO,IfcCovering,zinkwerk,,,C9676482-F7FA-46E5-AC6E-BB8CC2A78658,99 Brandwering,01 eerste verdieping,True
2gNGurvqHBrhRAcq_MFZug,IfcCovering,zinkwerk,,,AA5D0E35-E744-4BD6-B6CA-9B4F963E3E2A,99 Brandwering,01 eerste verdieping,True
3PXKrr9Qf2L8DT7NqSIjWi,IfcCovering,zinkwerk,,,D9854D75-25AA-4254-835D-1D7D1C4AD82C,99 Brandwering,01 eerste verdieping,True
2PIy9Fmgv7ihQnSSUUHQjL,IfcCovering,zinkwerk,,,994BC24F-C2AE-47B2-B6B1-71C79E45AB55,99 Brandwering,01 eerste verdieping,True
2TJr9Tafr1cABs8J3mAJh4,IfcCovering,zinkwerk,,,9D4F525D-929D-4198-A2F6-2130F0293AC4,99 Brandwering,01 eerste verdieping,True
3iBNOOJYj2D9VwdQzb$ZqY,IfcCovering,zinkwerk,,,EC2D7618-4E2B-4234-97FA-9DAF65FE3D22,99 Brandwering,01 eerste verdieping,True
0HB1dnAjH1LuAKHZPQCT5q,IfcCovering,vensterbank,,,112C19F1-2AD4-4157-8294-46365A31D174,IFC_Holonite_vensterbank_300x20 300 x 20,01 eerste verdieping,True
3LpcgpaYjB098PvAvBgcE8,IfcCovering,gevelisolatie,,,D5CE6AB3-922B-4B00-9219-E4AE4BAA6388,IFC_isolatie_115mm_glaswol 115,01 eerste verdieping,True
3mVvl9$an3XhC5BNfi8hQU,IfcCovering,gevelisolatie,,,F07F9BC9-FE4C-4386-B305-2D7A6C22B69E,IFC_isolatie_115mm_glaswol 115,01 eerste verdieping,True
0_y6tRI5jEuxbyiWePyS_g,IfcCovering,zinkwerk,,,3EF06DDB-485B-4EE3-B97C-B20A19F1CFAA,99 Brandwering,01 eerste verdieping,True
1lBqjB4iH54w08sfEo1wvH,IfcCovering,zinkwerk,,,6F2F4B4B-12C4-4513-A008-DA93B207AE51,99 Brandwering,01 eerste verdieping,True
1kaj0v18n2CeBKy9jZwf9U,IfcCovering,zinkwerk,,,6E92D039-048C-4232-82D4-F09B63EA925E,99 Brandwering,01 eerste verdieping,True
09eyE4_YL9d8tPWxq7C1HO,IfcCovering,zinkwerk,,,09A3C384-FA25-499C-8DD9-83BD07301458,99 Brandwering,01 eerste verdieping,True
0m60OQVhH8CxWn8FAjBVc1,IfcCovering,zinkwerk,,,3018061A-7EB4-4833-B831-20F2AD2DF981,99 Brandwering,01 eerste verdieping,True
1fsJuj2YPBhwt5Oe4kF9oI,IfcCovering,zinkwerk,,,69D93E2D-0A26-4BAF-ADC5-62812E3C9C92,99 Brandwering,01 eerste verdieping,True
2GSraZFs9BqRsq2bw93u7y,IfcCovering,zinkwerk,,,90735923-3F62-4BD1-BDB4-0A5E890F81FC,99 Brandwering,01 eerste verdieping,True
3qcL8hdTr4jxQwQPhb0jSy,IfcCovering,zinkwerk,,,F499522B-9DDD-44B7-B6BA-699AE502D73C,99 Brandwering,01 eerste verdieping,True
1KC2GMGjj1Q8KK$8MjW5d6,IfcCovering,zinkwerk,,,54302416-42DB-4168-8514-FC85AD8059C6,99 Brandwering,01 eerste verdieping,True
0IYnx7SOL3YBzxebWvFcCV,IfcCovering,zinkwerk,,,128B1EC7-7185-4388-BF7B-A258393E631F,99 Brandwering,01 eerste verdieping,True
1TlHtcbm15eOcrp$_oGhrr,IfcCovering,zinkwerk,,,5DBD1DE6-9700-45A1-89B5-CFFFB242BD75,99 Brandwering,01 eerste verdieping,True
2jRhoV0ev1VAq3KZazh2sK,IfcCovering,zinkwerk,,,AD6EBC9F-028E-417C-AD03-52393DAC2D94,99 Brandwering,01 eerste verdieping,True
3ZRTDE$C96I85Tz1OtxuqC,IfcCovering,zinkwerk,,,E36DD34E-FCC2-4648-815D-F41637EF8D0C,99 Brandwering,01 eerste verdieping,True
0gkV4NZqDAWgRSPa4jqBv5,IfcCovering,zinkwerk,,,2AB9F117-8F43-4A82-A6DC-66412DD0BE45,99 Brandwering,01 eerste verdieping,True
0DZmI2RXv8c858uA5nQiLP,IfcCovering,zinkwerk,,,0D8F0482-6E1E-4898-8148-E0A1716AC559,99 Brandwering,01 eerste verdieping,True
0p_7314vT4BhkGG9k0x5Lu,IfcCovering,afdekker,,,33F870C1-1397-442E-BB90-409B80EC5578,IFC_Vebo_raamdorpel_RD 60/100x160 160 x 100,01 eerste verdieping,True
0e7PtYW8nDpgk7SFQZf7aY,IfcCovering,afdekker,,,281D9DE2-808C-4DCE-AB87-70F6A3A47922,IFC_Vebo_raamdorpel_RD 60/100x160 160 x 100,01 eerste verdieping,True
0dHpREmJf3jwoAHTALOknt,IfcCovering,afdekker,,,274736CE-C13A-43B7-AC8A-45D29562EC77,IFC_Vebo_raamdorpel_RD 60/100x160 160 x 100,01 eerste verdieping,True
0CrHGieGn0sgXKAhktshgq,IfcCovering,afdekker,,,0CD5142C-A10C-40DA-A854-2ABBB7DABAB4,IFC_Vebo_raamdorpel_RD 60/100x160 160 x 100,01 eerste verdieping,True
2HOGtMDHb02uN$Ug7vg0Sq,IfcCovering,afdekker,,,91610DD6-3519-400B-85FF-7AA1F9A80734,IFC_Vebo_raamdorpel_RD 60/100x160 160 x 100,01 eerste verdieping,True
2oUrtchb99ehqqD7tXASaT,IfcCovering,afdekker,,,B27B5DE6-AE52-49A2-BD34-347DE129C91D,IFC_Vebo_raamdorpel_RD 60/100x160 160 x 100,01 eerste verdieping,True
3G5n9Nodf0RxCqOsqQk8Tc,IfcCovering,gevelisolatie,,,D0171257-CA7A-406F-B334-636D1AB88766,"IFC_HSB_184_wandelement_Rc=3,67 184",01 eerste verdieping,True
12OyChLMz8KxpdSCxM$EiO,IfcCovering,gevelisolatie,,,4263C32B-556F-4853-BCE7-70CED6FCEB18,"IFC_HSB_184_wandelement_Rc=3,67 184",01 eerste verdieping,True
1FYvP9cozFmwZW6OwBaJV8,IfcCovering,gevelisolatie,,,4F8B9649-9B2F-4FC3-A8E0-198E8B9137C8,IFC_isolatie_115mm_glaswol 115,01 eerste verdieping,True
2hkHQgJcHB7xhhzYCk3ti3,IfcCovering,gevelisolatie,,,ABB916AA-4E64-4B1F-BAEB-F6232E0F7B03,IFC_isolatie_115mm_glaswol 115,01 eerste verdieping,True
3sorX0hcb4kPZ40d648mq4,IfcCovering,gevelisolatie,,,F6CB5840-AE69-44B9-98C4-027184230D04,IFC_isolatie_115mm_glaswol 115,01 eerste verdieping,True
3zzV$_q8T7qxl9dxu$HNCP,IfcCovering,gevelisolatie,,,FDF5FFFE-D087-47D3-BBC9-9FBE3F457319,IFC_isolatie_115mm_glaswol 115,01 eerste verdieping,True
3eHPhK$CT0gfRbBtf5g6Q0,IfcCovering,gevelisolatie,,,E8459AD4-FCC7-40AA-96E5-2F7A45A86680,IFC_isolatie_115mm_glaswol 115,01 eerste verdieping,True
3q3WciIXv9KPoKwtHXCYkU,IfcCovering,gevelisolatie,,,F40E09AC-4A1E-4951-9C94-EB7461322B9E,IFC_isolatie_115mm_glaswol 115,01 eerste verdieping,True
3OtXPqbEbEiv7pCs7YCRS9,IfcCovering,gevelisolatie,,,D8DE1674-94E9-4EB3-91F3-3361E231B709,IFC_isolatie_115mm_glaswol 115,01 eerste verdieping,True
1N731qefH9nvvAQ4rFN0NA,IfcCovering,gevelisolatie,,,571C3074-A294-49C7-9E4A-684D4F5C05CA,IFC_isolatie_115mm_glaswol 115,01 eerste verdieping,True
1aEoeCjSbABuQvNYMa99bT,IfcCovering,zinkwerk,,,643B2A0C-B5C9-4A2F-86B9-5E25A424995D,99 Brandwering,01 eerste verdieping,True
21OBDgLiTCGuO7opZNZj72,IfcCovering,zinkwerk,,,8160B36A-56C7-4C43-8607-CB38D78ED1C2,99 Brandwering,01 eerste verdieping,True
0HWABp_y95G8vFX_TpmXk4,IfcCovering,zinkwerk,,,1180A2F3-FBC2-4540-8E4F-87E773C21B84,99 Brandwering,01 eerste verdieping,True
23ABJ7kb59FO558BUKqnas,IfcCovering,zinkwerk,,,8328B4C7-BA51-493D-8145-20B794D31936,99 Brandwering,01 eerste verdieping,True
0OVDxvBbnAReyyc2pv8qjC,IfcCovering,zinkwerk,,,187CDEF9-2E5C-4A6E-8F3C-982CF9234B4C,99 Brandwering,01 eerste verdieping,True
0zpM1D6AzCyu5y1VzqYKkr,IfcCovering,zinkwerk,,,3DCD604D-18AF-4CF3-817C-05FF74894BB5,99 Brandwering,01 eerste verdieping,True
1lBGR9DFf9g8lO__WK3pc$,IfcCovering,zinkwerk,,,6F2D06C9-34FA-49A8-8BD8-FBE8140F39BF,99 Brandwering,01 eerste verdieping,True
0qswTtaZb1oPP54vRhc7oe,IfcCovering,zinkwerk,,,34DBA777-9239-41C9-9645-1396EB987CA8,99 Brandwering,01 eerste verdieping,True
3FaI05M7X5kv3wBk4KGBvW,IfcCovering,zinkwerk,,,CF912005-5878-45BB-90FA-2EE11440BE60,99 Brandwering,01 eerste verdieping,True
3dtbPxib96nvx2p80Me_ML,IfcCovering,zinkwerk,,,E7DE567B-B252-46C7-9EC2-CC8016A3E595,99 Brandwering,01 eerste verdieping,True
3Nw1PVtJHCcOZMHQML5DhR,IfcCovering,zinkwerk,,,D7E8165F-DD34-4C99-88D6-45A59514DADB,99 Brandwering,01 eerste verdieping,True
1jqZ4MyC10kABpPIccsYPc,IfcCovering,zinkwerk,,,6DD23116-F0C0-40B8-A2F3-6529A6DA2666,99 Brandwering,01 eerste verdieping,True
28El0FIUjEvgO9hdNx8YuW,IfcCovering,zinkwerk,,,883AF00F-49EB-4EE6-A609-AE75FB222E20,99 Brandwering,01 eerste verdieping,True
2ErwQIq_bAg8fKmz8mLaAR,IfcCovering,vensterbank,,,8ED7A692-D3E9-4AA8-8A54-C3D23056429B,IFC_Holonite_vensterbank_300x20 300 x 20,01 eerste verdieping,True
3ADxZ3cgzEeuvON05saOSG,IfcCovering,vensterbank,,,CA37B8C3-9AAF-4EA3-8E58-5C0176918710,IFC_Holonite_vensterbank_300x20 300 x 20,01 eerste verdieping,True
0phwV4rLn6nPanDypaFHCr,IfcCovering,vensterbank,,,33AFA7C4-D55C-46C5-9931-37CCE43D1335,IFC_Holonite_vensterbank_300x20 300 x 20,01 eerste verdieping,True
1LODwiyWT2UwMzhuYIlYa2,IfcCovering,muurafdekker,,,5560DEAC-F207-427B-A5BD-AF8892BE2902,IFC_Roval_muurafdekker_type_H1 350 x 60,01 eerste verdieping,False
3cFaeOo3n2YeWSJjavwqxj,IfcCovering,waterslag,,,E63E4A18-C83C-428A-881C-4ED939EB4EED,IFC_Roval_waterslag_type_Elegance_15gr/138 138 x 79,01 eerste verdieping,True
1ZcdqEadr88v99jOk0sNh$,IfcCovering,waterslag,,,639A7D0E-927D-4823-9249-B58B80D97AFF,IFC_Roval_waterslag_type_Elegance_15gr/138 138 x 79,01 eerste verdieping,True
1B3L37O9nFrBtLIVKIGucO,IfcCovering,waterslag,,,4B0D50C7-609C-4FD4-BDD5-49F512438998,IFC_Roval_waterslag_type_Elegance_15gr/138 138 x 79,01 eerste verdieping,True
1viEgnkOT4Uf9X2$BPTnUd,IfcCovering,waterslag,,,79B0EAB1-B987-447A-9261-0BF2D97717A7,IFC_Roval_waterslag_type_Elegance_15gr/138 138 x 79,01 eerste verdieping,True
1yOZPHwsD7C9MCrKl$90iA,IfcCovering,waterslag,,,7C623651-EB63-4730-958C-D54BFF240B0A,IFC_Roval_waterslag_type_Elegance_15gr/138 138 x 79,01 eerste verdieping,True
0Kvw2yChTBXuQ4cILhgS7P,IfcCovering,zinkwerk,,,14E7A0BC-32B7-4B87-8684-99256BA9C1D9,IFC_zinken_afdekker_dakrand_laagbouw 97 x 40,01 eerste verdieping,False
07cuRabSn7ofP$cYt02X4i,IfcCovering,zinkwerk,,,079B86E4-95CC-47CA-967F-9A2DC00A112C,IFC_zinken_afdekker_dakrand_laagbouw 97 x 40,01 eerste verdieping,False
1QAOzVcfjCIgepdR9u6YaR,IfcCovering,zinkwerk,,,5A298F5F-9A9B-4C4A-AA33-9DB2781A291B,IFC_zinken_afdekker_dakrand_laagbouw 97 x 40,01 eerste verdieping,False
1fdeSVh5D5i8W2EHiVl1zX,IfcCovering,zinkwerk,,,699E871F-AC53-45B0-8802-391B1FBC1F61,04 Zink,01 eerste verdieping,True
0qpBWaAanEoR5V$fq4r3RS,IfcCovering,zinkwerk,,,34CCB824-2A4C-4EC9-B15F-FE9D04D436DC,IFC_zinken_afdekker_dakrand_laagbouw 97 x 40,01 eerste verdieping,False
2ojoT3QkX9_xyO2CmkhazA,IfcCovering,zinkwerk,,,B2B72743-6AE8-49FB-BF18-08CC2EAE4F4A,IFC_zinken_afdekker_dakrand_laagbouw 97 x 40,01 eerste verdieping,False
0kBoEfgQzCZwcAITqZnDkN,IfcCovering,zinkwerk,,,2E2F23A9-A9AF-4C8F-A98A-49DD23C4DB97,IFC_zinken_afdekker_dakrand_laagbouw 97 x 40,01 eerste verdieping,False
3noobKcgb4T8IB_hcID3EE,IfcCovering,zinkwerk,,,F1CB2954-9AA9-4474-848B-FAB99234338E,04 Zink,01 eerste verdieping,True
1AGXqM6FXE$PKWFpHb0tD1,IfcCovering,zinkwerk,,,4A421D16-18F8-4EFD-9520-3F3465037341,IFC_zinken_afdekker_dakrand_laagbouw 97 x 40,01 eerste verdieping,False
1q7DPgykr9lATuR9kfU1JJ,IfcCovering,zinkwerk,,,741CD66A-F2ED-49BC-A778-6C9BA97814D3,IFC_zinken_afdekker_dakrand_laagbouw 97 x 40,01 eerste verdieping,False
378PhhaAzBouh7u_VJLngX,IfcCovering,gevelisolatie,,,C7219AEB-90AF-4BCB-8AC7-E3E7D3571AA1,IFC_isolatie_115mm_glaswol 115,01 eerste verdieping,True
3a6hoiwS5ALQTYbFhAtpMx,IfcCovering,muurafdekker,,,E41ABCAC-E9C1-4A55-A762-94FACADF35BB,IFC_Roval_muurafdekker_type_H1 350 x 60,01 eerste verdieping,False
0Aoj1Fkgn3UATZpBNlMNaf,IfcCovering,muurafdekker,,,0ACAD04F-BAAC-4378-A763-CCB5EF597929,IFC_Roval_muurafdekker_type_H1 350 x 60,01 eerste verdieping,False
0NegscEpLBHfCO0cOvWvWD,IfcCovering,muurafdekker,,,17A2ADA6-3B35-4B46-9318-02663983980D,IFC_Roval_muurafdekker_type_H1 350 x 60,01 eerste verdieping,False
23IDpa5hfBCAToeuOPibhu,IfcCovering,muurafdekker,,,8348DCE4-16BA-4B30-A772-A38619B25AF8,IFC_Roval_muurafdekker_type_H1 350 x 60,01 eerste verdieping,False
11SSFTmvfAsh7uffkbAkHw,IfcCovering,muurafdekker,,,4171C3DD-C39A-4ADA-B1F8-A69BA52AE47A,IFC_Roval_muurafdekker_type_H1 350 x 60,01 eerste verdieping,False
27WrhAYm1BZPvD28dvpS7$,IfcCovering,dakschroot,,,87835ACA-8B00-4B8D-9E4D-0889F9CDC1FF,01 Hout C,01 eerste verdieping,True
17Dgk40i12N8tiiHUeJJu1,IfcCovering,zinkwerk,,,4736AB84-02C0-425C-8DEC-B117A84D3E01,04 Zink,01 eerste verdieping,True
1iUvAoVVb0tgbRNcb1zrnS,IfcCovering,zinkwerk,,,6C7B92B2-7DF9-40DE-A95B-5E6941F75C5C,04 Zink,01 eerste verdieping,True
2ppzKELLP76xwbcituxbyF,IfcCovering,zinkwerk,,,B3CFD50E-5556-471B-BEA5-9ACDF8EE5F0F,04 Zink,01 eerste verdieping,True
3QIJ7wTIj1OvdDiFbf2t_8,IfcCovering,dak dakkapel,,,DA4931FA-752B-4163-99CD-B0F9690B7F88,IFC_underlayment_dakbeschot_22mm 22,01 eerste verdieping,True
1cjJR6nDTEneUqSEHxNFyL,IfcCovering,zinkwerk,,,66B536C6-C4D7-4EC6-87B4-70E47B5CFF15,04 Zink,01 eerste verdieping,True
1tg2oTaiH5lx9Qucb8BF1x,IfcCovering,vensterbank,,,77A82C9D-92C4-45BF-B25A-E269482CF07B,IFC_Holonite_vensterbank_320x20 320 x 20,01 eerste verdieping,True
01cPWrrSTCXhTovWawdd4n,IfcCovering,vensterbank,,,01999835-D5C7-4C86-B772-E6093A9E7131,IFC_Holonite_vensterbank_300x20 300 x 20,01 eerste verdieping,True
19$a_prTH9p8qwny211Ufx,IfcCovering,vensterbank,,,49FE4FB3-D5D4-49CC-8D3A-C7C08105EA7B,IFC_Holonite_vensterbank_300x20 300 x 20,01 eerste verdieping,True
1GYmSY9aPFyP12UItiG3xc,IfcCovering,vensterbank,,,508B0722-2646-4FF1-9042-792DEC403EE6,IFC_Holonite_vensterbank_300x20 300 x 20,01 eerste verdieping,True
28Nf_b1D181RHLqwPkhWaI,IfcCovering,vensterbank,,,885E9FA5-04D0-4805-B455-D3A66EAE0912,IFC_Holonite_vensterbank_320x20 320 x 20,01 eerste verdieping,True
02F6_Ydh18Dg$NN2Rb$Hbi,IfcCovering,waterslag,,,023C6FA2-9EB0-4836-AFD7-5C26E5FD196C,IFC_Roval_waterslag_type_Elegance_15gr/138 138 x 79,01 eerste verdieping,True
1kRlic98TFdv9F$kYgSv39,IfcCovering,waterslag,,,6E6EFB26-2487-4F9F-924F-FEE8AA7390C9,IFC_Roval_waterslag_type_Elegance_15gr/138 138 x 79,01 eerste verdieping,True
2$3tltG5j5z9H$2McXEj3a,IfcCovering,waterslag,,,BF0F7BF7-405B-45F4-947F-0969A13AD0E4,IFC_Roval_waterslag_type_Elegance_15gr/138 138 x 79,01 eerste verdieping,True
0sl41bnY16bOhIOz6I0T$B,IfcCovering,waterslag,,,36BC4065-C620-4695-8AD2-63D19201DFCB,IFC_Roval_waterslag_type_Elegance_15gr/138 138 x 79,01 eerste verdieping,True
39XgyYfIb9Z8WISMUqxRJX,IfcCovering,waterslag,,,C986AF22-A529-498C-8812-7167B4EDB4E1,IFC_Roval_waterslag_type_Elegance_15gr/138 138 x 79,01 eerste verdieping,True
0aCjKRplbBBuS_FFOHyzjh,IfcCovering,waterslag,,,2432D51B-CEF9-4B2F-873E-3CF611F3DB6B,IFC_Roval_waterslag_type_Elegance_15gr/138 138 x 79,01 eerste verdieping,True
3V94Qk0Wr4Mg8_s6TY6qzx,IfcCovering,waterslag,,,DF2446AE-020D-445A-A23E-D867621B4F7B,IFC_Roval_waterslag_type_Elegance_15gr/138 138 x 79,01 eerste verdieping,True
1w1D$WYLrBP9UKRAKm2oDR,IfcCovering,waterslag,,,7A04DFE0-895D-4B64-9794-6CA5300B235B,IFC_Roval_waterslag_type_Elegance_15gr/138 138 x 79,01 eerste verdieping,True
3sa_sCWEb7z99pQCJldZ5F,IfcCovering,waterslag,,,F693ED8C-80E9-47F4-9273-68C4EF9E314F,IFC_Roval_waterslag_type_Elegance_15gr/138 138 x 79,01 eerste verdieping,True
0OyZ359bDD8R2fHtdcUcRq,IfcCovering,vensterbank,,,18F230C5-2653-4D21-B0A9-4779E67A66F4,IFC_Holonite_vensterbank_300x20 300 x 20,01 eerste verdieping,True
1bUaPPMoL54u5srhyyfUCi,IfcCovering,vensterbank,,,657A4659-5B25-4513-8176-D6BF3CA5E32C,IFC_Holonite_vensterbank_300x20 300 x 20,01 eerste verdieping,True
3iJdNB4vzBwOO6RdHCSy3a,IfcCovering,vensterbank,,,EC4E75CB-139F-4BE9-8606-6E744C73C0E4,IFC_Holonite_vensterbank_300x20 300 x 20,01 eerste verdieping,True
0YXNK7cRD3GRWcloR_CNXx,IfcCovering,vensterbank,,,22857507-99B3-4341-B826-BF26FE31787B,IFC_Holonite_vensterbank_300x20 300 x 20,01 eerste verdieping,True
14DxImg7XC8h1KJp6wXVhe,IfcCovering,zinkwerk,,,4437B4B0-A878-4C22-B054-4F31BA85FAE8,04 Zink,01 eerste verdieping,True
2NzsfLBnz43R5cy8gHV1eH,IfcCovering,kantafwerking,,,97F76A55-2F1F-440D-B166-F08A917C1A11,01 plaatmateriaal - multiplex 12,01 eerste verdieping,True
0KOIvJyqbFcuFeGyLdVonv,IfcCovering,kantafwerking,,,14612E53-F349-4F9B-83E8-43C5677F2C79,01 plaatmateriaal - multiplex 12,01 eerste verdieping,True
1Sr4z35Cf9O9$YQvAN1CQC,IfcCovering,kantafwerking,,,5CD44F43-14CA-4960-9FE2-6B929704C68C,01 plaatmateriaal - multiplex 12,01 eerste verdieping,True
2HALswnkP8jxQed$12A6mB,IfcCovering,zinkwerk,,,91295DBA-C6E6-48B7-B6A8-9FF042286C0B,04 Zink,01 eerste verdieping,True
1nbTe5YC93De9Jqdh8$uRP,IfcCovering,zinkwerk,,,7195DA05-88C2-4336-8253-D27AC8FF86D9,04 Zink,01 eerste verdieping,True
2Y_zzBBab0yAcY6kmezdDQ,IfcCovering,zinkwerk,,,A2FBDF4B-2E49-40F0-A9A2-1AEC28F6735A,04 Zink,01 eerste verdieping,True
19RgNKB4z6_Px54csNAQwk,IfcCovering,zinkwerk,,,496EA5D4-2C4F-46F9-9EC5-126D9729AEAE,04 Zink,01 eerste verdieping,True
0dSb9o5y18Vev1JBZhHGOK,IfcCovering,zinkwerk,,,27725272-17C0-487E-8E41-4CB8EB450614,04 Zink,01 eerste verdieping,True
1l9L7qKrzEL9azLVBcAE3S,IfcCovering,zinkwerk,,,6F2551F4-535F-4E54-993D-55F2E628E0DC,04 Zink,01 eerste verdieping,True
2A0ZpBGSf4lwKiojpjtxNw,IfcCovering,zinkwerk,,,8A023CCB-41CA-44BF-A52C-CADCEDDFB5FA,04 Zink,01 eerste verdieping,True
3sdTjsAM5COeMYI3pHyp1b,IfcCovering,zinkwerk,,,F69DDB76-2961-4C62-85A2-483CD1F33065,04 Zink,01 eerste verdieping,True
0E$Iuob5TCqPngYFXFiRbv,IfcCovering,zinkwerk,,,0EFD2E32-9457-4CD1-9C6A-88F84FB1B979,04 Zink,01 eerste verdieping,True
3pA$WYrYP1DuYLUrdLtnfO,IfcCovering,dak dakkapel,,,F32BF822-D626-4137-8895-7B59D5DF1A58,IFC_underlayment_dakbeschot_22mm 22,01 eerste verdieping,True
15gCFxDqTFGeXp3rw588Eu,IfcCovering,zinkwerk,,,45A8C3FB-3747-4F42-8873-0F5E852083B8,04 Zink,01 eerste verdieping,True
0PzW_1s$j5Hhf0VKXOBNKJ,IfcCovering,zinkwerk,,,19F60F81-DBFB-4546-BA40-7D48582D7513,04 Zink,01 eerste verdieping,True
0T2xEmBsD8hef7q6Q3UZEF,IfcCovering,zinkwerk,,,1D0BB3B0-2F63-48AE-8A47-D066837A338F,04 Zink,01 eerste verdieping,True
2J4jaHUTj6QuyupNqpGpNH,IfcCovering,wandtegelwerk,,,9312D911-79DB-466B-8F38-CD7D334335D1,IFC_wandtegels_250x200 10,01 eerste verdieping,True
3gmbLSXg94Veo9QjV0_FQ_,IfcCovering,wandtegelwerk,,,EAC2555C-86A2-447E-8C89-6AD7C0F8F6BE,IFC_wandtegels_250x200 10,01 eerste verdieping,True
3Z_wSWf0j1Yv1sGf3wyK5p,IfcCovering,wandtegelwerk,,,E3FBA720-A40B-418B-9076-4290FAF14173,IFC_wandtegels_250x200 10,01 eerste verdieping,True
1ltyI7S3P4mwz4x_DPd4ip,IfcCovering,wandtegelwerk,,,6FDFC487-7036-44C3-AF44-EFE3599C4B33,IFC_wandtegels_250x200 10,01 eerste verdieping,True
2s9pC1Bur7yhDBMBjnyMDz,IfcCovering,wandtegelwerk+,,,B6273301-2F8D-47F2-B34B-58BB71F1637D,IFC_wandtegels_250x200 10,01 eerste verdieping,True
2OePtHlZD4veCWM$r7QF$A,IfcCovering,vloertegelwerk,,,98A19DD1-BE33-44E6-8320-5BFD4768FFCA,IFC_vloertegels_200x200 10,01 eerste verdieping,True
17o5Wakn51XhQGduOtQuuf,IfcCovering,wandtegelwerk,,,47C85824-BB11-4186-B690-9F86376B8E29,IFC_wandtegels_250x200 10,01 eerste verdieping,True
0hFMnFZ150QvyAjapyUXs4,IfcCovering,wandtegelwerk+,,,2B3D6C4F-8C11-406B-9F0A-B64CFC7A1D84,IFC_wandtegels_250x200 10,01 eerste verdieping,True
2AKTAcdGv9pvyPERUR8PhG,IfcCovering,vloertegelwerk,,,8A51D2A6-9D0E-49CF-9F19-39B79B219AD0,IFC_vloertegels_200x200 10,01 eerste verdieping,True
1EWx4t$_zEZfeHYCnux3G9,IfcCovering,wandtegelwerk,,,4E83B137-FFEF-4E8E-9A11-88CC78EC3409,IFC_wandtegels_250x200 10,01 eerste verdieping,True
2vf3Ec9JHEEwpuR0oQ1dvm,IfcCovering,wandtegelwerk,,,B9A433A6-2534-4E3B-ACF8-6C0C9A067E70,IFC_wandtegels_250x200 10,01 eerste verdieping,True
202Kd$DLL62gxbDkQDy0ro,IfcCovering,wandtegelwerk,,,800949FF-3555-460A-AEE5-36E68DF00D72,IFC_wandtegels_250x200 10,01 eerste verdieping,True
014cl7EXz7Oure_B4J7Bbu,IfcCovering,wandtegelwerk,,,01126BC7-3A1F-4763-8D68-F8B1131CB978,IFC_wandtegels_250x200 10,01 eerste verdieping,True
0v7gU_2Lf1Hu6rjxKBhMk2,IfcCovering,vloertegelwerk,,,391EA7BE-095A-4147-81B5-B7B50BAD6B82,IFC_vloertegels_200x200 10,01 eerste verdieping,True
1MDAfRq49AqAZ51$ka5Ziv,IfcCovering,wandtegelwerk+,,,5634AA5B-D042-4AD0-A8C5-07FBA4163B39,IFC_wandtegels_250x200 10,01 eerste verdieping,True
02szt$q6z0z8XRnEkaqK_U,IfcCovering,wandtegelwerk,,,02DBDDFF-D06F-40F4-885B-C4EBA4D14F9E,IFC_wandtegels_250x200 10,01 eerste verdieping,True
1F5cnqHXHARR2W9W5YwVNd,IfcCovering,wandtegelwerk,,,4F166C74-4614-4A6D-B0A0-260162E9F5E7,IFC_wandtegels_250x200 10,01 eerste verdieping,True
0PYQm_GwnErAy9SmlTu7Kn,IfcCovering,wandtegelwerk,,,1989AC3E-43AC-4ED4-AF09-730BDDE07531,IFC_wandtegels_250x200 10,01 eerste verdieping,True
2yOgYLez9EDw_$g73FRWAJ,IfcCovering,wandtegelwerk,,,BC62A895-A3D2-4E37-AFBF-A870CF6E0293,IFC_wandtegels_250x200 10,01 eerste verdieping,True
1cMWfkw2r0nexy9J1eIrgW,IfcCovering,wandtegelwerk,,,665A0A6E-E82D-40C6-8EFC-2530684B5AA0,IFC_wandtegels_250x200 10,01 eerste verdieping,True
2kF53bHFnFMvuaRuGEYDUH,IfcCovering,wandtegelwerk,,,AE3C50E5-44FC-4F5B-9E24-6F840E88D791,IFC_wandtegels_250x200 10,01 eerste verdieping,True
1sT4IHpZr3me_3$srzb_zp,IfcCovering,vloertegelwerk,,,76744491-CE3D-43C2-8F83-FF6D7D97EF73,IFC_vloertegels_200x200 10,01 eerste verdieping,True
3u9ICMfQvBrwBmNYyzTEFv,IfcCovering,wandtegelwerk,,,F8252316-A5AE-4BD7-A2F0-5E2F3D74E3F9,IFC_wandtegels_250x200 10,01 eerste verdieping,True
2e4ECFXMD8BvrD3mX8V7G3,IfcCovering,wandtegelwerk,,,A810E30F-8563-482F-9D4D-0F08487C7403,IFC_wandtegels_250x200 10,01 eerste verdieping,True
2TrSxl9iLB6g7_$z0XVtQL,IfcCovering,wandtegelwerk,,,9DD5CEEF-26C5-4B1A-A1FE-FFD0217F7695,IFC_wandtegels_250x200 10,01 eerste verdieping,True
1J9r4Yftj7Ixm9V32QS7kQ,IfcCovering,vloertegelwerk,,,53275122-A77B-474B-BC09-7C309A707B9A,IFC_vloertegels_200x200 10,01 eerste verdieping,True
2HrQbzI2v0keF7aIMDUIKO,IfcCovering,wandtegelwerk,,,91D5A97D-482E-40BA-83C7-91258D792518,IFC_wandtegels_250x200 10,01 eerste verdieping,True
1xTHU9jCrAhRVxJqldaIGp,IfcCovering,wandtegelwerk,,,7B751789-B4CD-4AAD-B7FB-4F4BE7912433,IFC_wandtegels_250x200 10,01 eerste verdieping,True
3Aj6RCh2PBG8TtyzUO_JmR,IfcCovering,wandtegelwerk,,,CAB466CC-AC26-4B40-8777-F3D798F93C1B,IFC_wandtegels_250x200 10,01 eerste verdieping,True
3O1K7bHTX4RQjszz0lzWKP,IfcCovering,wandtegelwerk,,,D80541E5-45D8-446D-AB76-F7D02FF60519,IFC_wandtegels_250x200 10,01 eerste verdieping,True
3fmaQg0BnB2PtRL8Ugp1gC,IfcCovering,wandtegelwerk,,,E9C246AA-00BC-4B09-9DDB-5487AACC1A8C,IFC_wandtegels_250x200 10,01 eerste verdieping,True
0GF4P9$lH0GQxrb5w2JDMA,IfcCovering,vloertegelwerk,,,103C4649-FEF4-4041-AEF5-945E824CD58A,IFC_vloertegels_200x200 10,01 eerste verdieping,True
2w7HPsyfD6YAKsRsj_lPfM,IfcCovering,wandtegelwerk,,,BA1D1676-F293-4688-A536-6F6B7EBD9A56,IFC_wandtegels_250x200 10,01 eerste verdieping,True
0HU6Dt_oX6gfMcWTvgsnmg,IfcCovering,wandtegelwerk,,,11786377-FB28-46AA-95A6-81DE6ADB1C2A,IFC_wandtegels_250x200 10,01 eerste verdieping,True
1mnr1dUFH5yux_LkiIv6yy,IfcCovering,wandtegelwerk,,,70C75067-78F4-45F3-8EFE-56EB12E46F3C,IFC_wandtegels_250x200 10,01 eerste verdieping,True
05W6iujV10t8vSIQYZiCK$,IfcCovering,wandtegelwerk,,,05806B38-B5F0-40DC-8E5C-49A8A3B0C53F,IFC_wandtegels_250x200 10,01 eerste verdieping,True
3I55$8w4b0lgiFDRxrdA1X,IfcCovering,wandtegelwerk,,,D2145FC8-E849-40BE-AB0F-35BEF59CA061,IFC_wandtegels_250x200 10,01 eerste verdieping,True
38pf78gRf0PBuoI$JT2jSV,IfcCovering,wandtegelwerk,,,C8CE91C8-A9BA-4064-BE32-4BF4DD0AD71F,IFC_wandtegels_250x200 10,01 eerste verdieping,True
24UINa5pn5BOE0PQg97UsF,IfcCovering,wandtegelwerk,,,847925E4-173C-452D-8380-65AA891DED8F,IFC_wandtegels_250x200 10,01 eerste verdieping,True
2JkxuIJ6D4th9P5Xn6Ijlu,IfcCovering,wandtegelwerk,,,93BBBE12-4C63-44DE-B259-161C464ADBF8,IFC_wandtegels_250x200 10,01 eerste verdieping,True
2SiVC8JQrCXQDD_PoHv2b0,IfcCovering,wandtegelwerk,,,9CB1F308-4DAD-4C85-A34D-F99C91E42940,IFC_wandtegels_250x200 10,01 eerste verdieping,True
2uXHx2CjvC1xt2Vp$Xz$Qk,IfcCovering,wandtegelwerk,,,B8851EC2-32DE-4C07-BDC2-7F3FE1F7F6AE,IFC_wandtegels_250x200 10,01 eerste verdieping,True
03vzxGI4X7evZo676O9JkP,IfcCovering,gevelisolatie,,,03E7DED0-4848-47A3-98F2-187198253B99,IFC_isolatie_115mm_glaswol 115,02 tweede verdieping,True
1FR0Idbbf0BRgRNJ5AUB8M,IfcCovering,gevelisolatie,,,4F6C04A7-965A-402D-BA9B-5D314A78B216,IFC_isolatie_115mm_glaswol 115,02 tweede verdieping,True
3_atpi3CTD694A3ayispWr,IfcCovering,gevelisolatie,,,FE937CEC-0CC7-4D18-910A-0E4F2CDB3835,IFC_isolatie_115mm_glaswol 115,02 tweede verdieping,True
2zh1NqsW1ChBi9Z57BGFqC,IfcCovering,gevelisolatie,,,BDAC15F4-DA00-4CAC-BB09-8C51CB40FD0C,"IFC_HSB_184_wandelement_Rc=3,67 184",02 tweede verdieping,True
20iVMmXRTEkRLIvYLQ32fE,IfcCovering,gevelisolatie,,,80B1F5B0-85B7-4EB9-B552-E6255A0C2A4E,IFC_isolatie_115mm_glaswol 115,02 tweede verdieping,True
3ebnG4YODBZQAlNzct_BwS,IfcCovering,afdekker,,,E8971404-8983-4B8D-A2AF-5FD9B7F8BE9C,IFC_Vebo_raamdorpel_RD 60/100x160 160 x 100,02 tweede verdieping,True
2OaWk9rRvFyefiWVUbJTzQ,IfcCovering,gevelisolatie,,,98920B89-D5BE-4FF2-8A6C-81F7A54DDF5A,IFC_isolatie_115mm_glaswol 115,02 tweede verdieping,True
2FH1Q_4cv99Akv_jVWI22f,IfcCovering,afdekker,,,8F4416BE-126E-4924-ABB9-FAD7E04820A9,IFC_Vebo afdekker AB 80/106x300 300 x 106,02 tweede verdieping,True
1cSbLB4pb1JPrqT31vT2KO,IfcCovering,afdekker,,,6672554B-1339-414D-9D74-743079742518,IFC_Vebo afdekker AB 80/106x300 300 x 106,02 tweede verdieping,True
0$q$PY5Mf708hn_C6HiVvh,IfcCovering,afdekker,,,3FD3F662-156A-4700-8AF1-F8C191B1FE6B,IFC_Vebo afdekker AB 80/106x300 300 x 106,02 tweede verdieping,True
3_2bi4A5X7MBRBMITDn1dX,IfcCovering,afdekker,,,FE0A5B04-2858-4758-B6CB-59274DC419E1,IFC_Vebo afdekker AB 80/106x300 300 x 106,02 tweede verdieping,True
0JdqwUCQX6CurvApVimVvI,IfcCovering,afdekker,,,139F4E9E-31A8-4633-8D79-2B37ECC1FE52,IFC_Vebo afdekker AB 80/106x300 300 x 106,02 tweede verdieping,True
3Pdsbcrx146h$l$a_tLLYJ,IfcCovering,gevelisolatie,,,D99F6966-D7B0-441A-BFEF-FE4FB7555893,IFC_isolatie_115mm_glaswol 115,02 tweede verdieping,True
1bHDxxTzT0rx$O99J7ylAQ,IfcCovering,gevelisolatie,,,6544DEFB-77D7-40D7-BFD8-2494C7F2F29A,IFC_isolatie_115mm_glaswol 115,02 tweede verdieping,True
2naRuBVUH3Yh7oeSY6SmD9,IfcCovering,gevelisolatie,,,B191BE0B-7DE4-438A-B1F2-A1C886730349,IFC_isolatie_115mm_glaswol 115,02 tweede verdieping,True
2xc4LGmP53zBIZZGT69CqS,IfcCovering,gevelisolatie,,,BB984550-C191-43F4-B4A3-8D074624CD1C,IFC_isolatie_115mm_glaswol 115,02 tweede verdieping,True
3DkTn09dL9YgpOoaNGWTmW,IfcCovering,gevelisolatie,,,CDB9DC40-2675-498A-ACD8-CA45D081DC20,IFC_isolatie_74mm_PIR 74,02 tweede verdieping,True
0lHOgInPr0SAVBxvVzSiIO,IfcCovering,gevelisolatie,,,2F458A92-C59D-4070-A7CB-EF97FD72C498,IFC_isolatie_74mm_PIR 74,02 tweede verdieping,True
2149$5wdDEdRiMODM04403,IfcCovering,gevelisolatie,,,81109FC5-EA73-4E9D-BB16-60D580104003,IFC_isolatie_115mm_glaswol 115,02 tweede verdieping,True
2ZoneogLb9PxmsYbU90n9s,IfcCovering,gevelisolatie,,,A3CB1A32-A959-4967-BC36-8A5789031276,IFC_isolatie_115mm_glaswol 115,02 tweede verdieping,True
28o_wq6IvBlPFwdDjDfTrb,IfcCovering,gevelisolatie,,,88CBEEB4-192E-4BBD-93FA-9CDB4DA5DD65,IFC_isolatie_115mm_glaswol 115,02 tweede verdieping,True
2hmC1vL$z9lwFSHKLCMOcq,IfcCovering,gevelisolatie,,,ABC0C079-57FF-49BF-A3DC-45454C5989B4,IFC_isolatie_115mm_glaswol 115,02 tweede verdieping,True
1cpYzlibb5wgBSsqiNjEbW,IfcCovering,gevelisolatie,,,66CE2F6F-B259-45EA-A2DC-DB4B17B4E960,IFC_isolatie_74mm_PIR 74,02 tweede verdieping,True
3MrRQ65JzCGfyCtuRjyIh2,IfcCovering,gevelisolatie,,,D6D5B686-153F-4C42-9F0C-DF86EDF12AC2,IFC_isolatie_74mm_PIR 74,02 tweede verdieping,True
2Qj3avZbnF_gC$xBHc62L1,IfcCovering,gevelisolatie,,,9AB43939-8E5C-4FFA-A33F-ECB466182541,IFC_isolatie_115mm_glaswol 115,02 tweede verdieping,True
3DThtwUqv2o9bYOifyeGBc,IfcCovering,gevelisolatie,,,CD76BDFA-7B4E-42C8-9962-62CA7CA102E6,IFC_isolatie_115mm_glaswol 115,02 tweede verdieping,True
0IXyiOyEf1yO4br47SQ71n,IfcCovering,gevelisolatie,,,1287CB18-F0EA-41F1-8125-D441DC687071,IFC_isolatie_115mm_glaswol 115,02 tweede verdieping,True
3UjenlqTf3vfvrC5A36Npo,IfcCovering,gevelisolatie,,,DEB68C6F-D1DA-43E6-9E75-305283197CF2,IFC_isolatie_115mm_glaswol 115,02 tweede verdieping,True
1j05Z3SDH3q9WABADhhvOa,IfcCovering,gevelisolatie,,,6D0058C3-70D4-43D0-980A-2CA36BAF9624,IFC_isolatie_115mm_glaswol 115,02 tweede verdieping,True
047Xt4g1X1dQ4qxGFlsUCK,IfcCovering,gevelisolatie,,,041E1DC4-A818-419D-A134-ED03EFD9E314,IFC_isolatie_74mm_PIR 74,02 tweede verdieping,True
3hjlY$RsDAuBFQLJZcCyIp,IfcCovering,gevelisolatie,,,EBB6F8BF-6F63-4AE0-B3DA-5538E633C4B3,IFC_isolatie_74mm_PIR 74,02 tweede verdieping,True
1lcuBTr3j6iRyb1TRL74ha,IfcCovering,afdekker,,,6F9B82DD-D43B-46B1-BF25-05D6D51C4AE4,IFC_Vebo_spekband_SB 60/70x150 150 x 70,02 tweede verdieping,True
04KiqUZMr2SPrl8LeF3T2F,IfcCovering,afdekker,,,0452CD1E-8D6D-4271-9D6F-215A0F0DD08F,IFC_Vebo_spekband_SB 60/70x150 150 x 70,02 tweede verdieping,True
2Rku1alz91LwdFLclTDGNj,IfcCovering,afdekker,,,9BBB8064-BFD2-4157-A9CF-566BDD3505ED,IFC_Vebo_raamdorpel_RD 60/100x160 160 x 100,02 tweede verdieping,True
33ePFpbjDFK9HIN3oR4j1m,IfcCovering,afdekker,,,C3A193F3-96D3-4F50-9452-5C3C9B12D070,IFC_Vebo_spekband_SB 60/70x150 150 x 70,02 tweede verdieping,True
282iugtHPBIOCRTIqC3ynv,IfcCovering,afdekker,,,880ACE2A-DD16-4B49-831B-752D0C0FCC79,IFC_Vebo_raamdorpel_RD 60/100x160 160 x 100,02 tweede verdieping,True
2BTRKzXrrBzPY5rgfwn_Qt,IfcCovering,afdekker,,,8B75B53D-875D-4BF5-9885-D6AA7AC7E6B7,IFC_Vebo_spekband_SB 60/70x150 150 x 70,02 tweede verdieping,True
1evFl9H193TxHd1Anw7BcU,IfcCovering,afdekker,,,68E4FBC9-4412-4377-B467-04AC7A1CB99E,IFC_Vebo_spekband_SB 60/70x150 150 x 70,02 tweede verdieping,True
1L5mPDcBvEjf$1hzvdeZq2,IfcCovering,afdekker,,,5517064D-98BE-4EB6-9FC1-AFDE67A23D02,IFC_Vebo_raamdorpel_RD 60/100x160 160 x 100,02 tweede verdieping,True
39QOtBOIL3Mgqggx2J$Je_,IfcCovering,gevelisolatie,,,C9698DCB-6125-435A-AD2A-ABB093FD3A3E,IFC_isolatie_115mm_glaswol 115,02 tweede verdieping,True
2ldvbiNRL7hvdXnDk6N6rq,IfcCovering,gevelisolatie,,,AF9F996C-5DB5-47AF-99E1-C4DB865C6D74,IFC_isolatie_74mm_PIR 74,02 tweede verdieping,True
1X2EJxNH53TxxucEqXiwwn,IfcCovering,gevelisolatie,,,6108E4FB-5D11-4377-BEF8-98ED21B3AEB1,IFC_isolatie_115mm_glaswol 115,02 tweede verdieping,True
3kHxtIul5EIvpPKkBz3g0o,IfcCovering,gevelisolatie,,,EE47BDD2-E2F1-4E4B-9CD9-52E2FD0EA032,IFC_isolatie_115mm_glaswol 115,02 tweede verdieping,True
10Hce5b$11APm5y4M4aoMC,IfcCovering,gevelisolatie,,,40466A05-97F0-4129-9C05-F0458493258C,IFC_isolatie_74mm_PIR 74,02 tweede verdieping,True
2C4gALCWrA1BElQuDmnmnD,IfcCovering,gevelisolatie,,,8C12A295-320D-4A04-B3AF-6B8370C70C4D,IFC_isolatie_115mm_glaswol 115,02 tweede verdieping,True
0mN9Ejwh94eAp1_RKwPV81,IfcCovering,afdekker,,,305C93AD-EAB2-44A0-ACC1-F9B53A65F201,IFC_Vebo_spekband_SB 60/70x150 150 x 70,02 tweede verdieping,True
3$Bh1RumvBavysqljJX9oY,IfcCovering,afdekker,,,FF2EB05B-E30E-4B93-9F36-D2FB53849CA2,IFC_Vebo_spekband_SB 60/70x150 150 x 70,02 tweede verdieping,True
10wnBMWL9BcgHQHZMr4qH4,IfcCovering,gevelisolatie,,,40EB12D6-8152-4B9A-A45A-4635B5134444,IFC_isolatie_74mm_PIR 74,02 tweede verdieping,True
38Ggaa131DFQpZA5wNK7YM,IfcCovering,afdekker,,,C842A924-0430-4D3D-ACE3-285E97507896,IFC_Vebo_spekband_SB 60/70x150 150 x 70,02 tweede verdieping,True
3bZoeQrEzADfF11vk51h6j,IfcCovering,afdekker,,,E58F2A1A-D4EF-4A36-93C1-079B8506B1AD,IFC_Vebo_spekband_SB 60/70x150 150 x 70,02 tweede verdieping,True
28KhQGvZzDXue6zTKoRyNh,IfcCovering,afdekker,,,8852B690-E63F-4D87-8A06-F5D5326FC5EB,IFC_Vebo_spekband_SB 60/70x150 150 x 70,02 tweede verdieping,True
0Yk4NQp758yerM1OGkbvYt,IfcCovering,afdekker,,,22B845DA-CC71-48F2-8D56-05842E9798B7,IFC_Vebo_spekband_SB 60/70x150 150 x 70,02 tweede verdieping,True
2OsYamQwD3Zfyg4StrW4N6,IfcCovering,gevelisolatie,,,98DA2930-6BA3-438E-9F2A-11CDF58045C6,IFC_isolatie_115mm_glaswol 115,02 tweede verdieping,True
0CEHRNzOL9fhqRF4vF3auS,IfcCovering,buitenblad,,,0C3916D7-F585-49A6-BD1B-3C4E4F0E4E1C,01 plaatmateriaal - multiplex 12,02 tweede verdieping,True
3AXMOs2mHFk9arsSjHF_wD,IfcCovering,gevelisolatie,,,CA856636-0B04-4FB8-9935-D9CB513FEE8D,IFC_isolatie_115mm_glaswol 115,02 tweede verdieping,True
0hLjdDDuP1vAMJ07179bOS,IfcCovering,gevelisolatie,,,2B56D9CD-3786-41E4-A593-00704726561C,IFC_isolatie_115mm_glaswol 115,02 tweede verdieping,True
2USTWXfp1DFeXcxe2oI$oR,IfcCovering,gevelisolatie,,,9E71D821-A730-4D3E-8866-EE80B24BFC9B,IFC_isolatie_115mm_glaswol 115,02 tweede verdieping,True
3gXcOMtCP38eYagyrOdAaB,IfcCovering,gevelisolatie,,,EA866616-DCC6-4322-88A4-ABCD589CA90B,"IFC_HSB_184_wandelement_Rc=3,67 184",02 tweede verdieping,True
1YKfbENDbBjATAs1P9Gz3i,IfcCovering,gevelisolatie,,,6252994E-5CD9-4BB4-A74A-D8164943D0EC,IFC_isolatie_115mm_glaswol 115,02 tweede verdieping,True
1ZgaXIl1fDCxZVIsRcLsM$,IfcCovering,gevelisolatie,,,63AA4852-BC1A-4D33-B8DF-4B66E65765BF,IFC_isolatie_74mm_PIR 74,02 tweede verdieping,True
004cGRbKz9AA8Au2wNMlH0,IfcCovering,gevelisolatie,,,0012641B-954F-4928-A20A-E02E975AF440,IFC_isolatie_115mm_glaswol 115,02 tweede verdieping,True
2h3kl4obP4i85EuOjifEDQ,IfcCovering,gevelisolatie,,,AB0EEBC4-CA56-44B0-814E-E18B6CA4E35A,IFC_isolatie_115mm_glaswol 115,02 tweede verdieping,True
0mlGmEWOXALgBBE3oYvJlY,IfcCovering,gevelisolatie,,,30BD0C0E-8188-4A56-A2CB-383CA2E53BE2,IFC_isolatie_74mm_PIR 74,02 tweede verdieping,True
1SCGDGXHv2tfm1vfh_bOP2,IfcCovering,gevelisolatie,,,5C310350-851E-42DE-9C01-E69AFE958642,IFC_isolatie_115mm_glaswol 115,02 tweede verdieping,True
3tsY_firTFrOfyBPJqkVmY,IfcCovering,gevelisolatie,,,F7DA2FA9-B357-4FD5-8A7C-2D94F4B9FC22,IFC_isolatie_74mm_PIR 74,02 tweede verdieping,True
3_ttdHFODBmQ0xnoVcqoUL,IfcCovering,gevelisolatie,,,FEDF79D1-3D83-4BC1-A03B-C727E6D32795,IFC_isolatie_115mm_glaswol 115,02 tweede verdieping,True
0Vgkkp4GX1hhcsrIN$lI3W,IfcCovering,gevelisolatie,,,1FAAEBB3-1108-41AE-B9B6-D525FFBD20E0,IFC_isolatie_74mm_PIR 74,02 tweede verdieping,True
31xjz2grDBiOUKHRt1HGeo,IfcCovering,gevelisolatie,,,C1EEDF42-AB53-4BB1-8794-45BDC1450A32,IFC_isolatie_115mm_glaswol 115,02 tweede verdieping,True
1qoMLOZlL0ff$IVuhU6uPV,IfcCovering,gevelisolatie,,,74C96558-8EF5-40A6-9FD2-7F8ADE1B865F,IFC_isolatie_115mm_glaswol 115,02 tweede verdieping,True
13ZP4hqC56suYaFpsrqzdl,IfcCovering,gevelisolatie,,,438D912B-D0C1-46DB-88A4-3F3DB5D3D9EF,IFC_isolatie_115mm_glaswol 115,02 tweede verdieping,True
3tCFavAyb0mOySpC9O2fGY,IfcCovering,gevelisolatie,,,F730F939-2BC9-40C1-8F1C-CCC2580A9422,IFC_isolatie_115mm_glaswol 115,02 tweede verdieping,True
0kgYUdirv59839ubl8YTAB,IfcCovering,gevelisolatie,,,2EAA27A7-B35E-4524-80C9-E25BC889D28B,IFC_isolatie_115mm_glaswol 115,02 tweede verdieping,True
10OJYemj96YgTfe$uEdIQ8,IfcCovering,gevelisolatie,,,406138A8-C2D2-468A-A769-A3FE0E9D2688,IFC_isolatie_74mm_PIR 74,02 tweede verdieping,True
05AJh0x1DCeef_Pns95BCI,IfcCovering,gevelisolatie,,,05293AC0-EC13-4CA2-8A7E-671D8914B312,IFC_isolatie_74mm_PIR 74,02 tweede verdieping,True
3SOMRORzr6ceIdIms2W9Tc,IfcCovering,gevelisolatie,,,DC6166D8-6FDD-469A-84A7-4B0D82809766,IFC_isolatie_115mm_glaswol 115,02 tweede verdieping,True
1sDNfpCwTFEwjeEn3YKRsW,IfcCovering,gevelisolatie,,,76357A73-33A7-4F3B-AB68-3B10E251BDA0,IFC_isolatie_115mm_glaswol 115,02 tweede verdieping,True
2I98nWlIT7WuqzmwWnvP2V,IfcCovering,gevelisolatie,,,92248C60-BD27-4783-8D3D-C3A831E5909F,IFC_isolatie_74mm_PIR 74,02 tweede verdieping,True
2N5WJIlljBBuqHkf8tMkOV,IfcCovering,gevelisolatie,,,971604D2-BEFB-4B2F-8D11-BA92375AE61F,IFC_isolatie_115mm_glaswol 115,02 tweede verdieping,True
0S$FGbQcr7$9zToKg5DcEb,IfcCovering,gevelisolatie,,,1CFCF425-6A6D-47FC-9F5D-C94A853663A5,IFC_isolatie_74mm_PIR 74,02 tweede verdieping,True
22OR30V5D4mvWSrZoK$yyR,IfcCovering,gevelisolatie,,,8261B0C0-7C53-44C3-981C-D63C94FFCF1B,IFC_isolatie_74mm_PIR 74,02 tweede verdieping,True
2jYmOq5xL25REF0CKcqvL3,IfcCovering,gevelisolatie,,,AD8B0634-17B5-4215-B38F-00C526D39543,IFC_isolatie_115mm_glaswol 115,02 tweede verdieping,True
3zAcOgOOD1fuctwGX3UrwP,IfcCovering,gevelisolatie,,,FD2A662A-6183-41A7-89B7-E908437B5E99,IFC_isolatie_115mm_glaswol 115,02 tweede verdieping,True
1ZJ$06pwzCiODdkjNAbAbT,IfcCovering,gevelisolatie,,,634FF006-CFAF-4CB1-8367-BAD5CA94A95D,IFC_isolatie_115mm_glaswol 115,02 tweede verdieping,True
28dCPiGYfBP89XOObhDkMD,IfcCovering,gevelisolatie,,,889CC66C-422A-4B64-8261-61896B36E58D,IFC_isolatie_115mm_glaswol 115,02 tweede verdieping,True
2wUBwa0HT3Bv4imQ5k4zSS,IfcCovering,gevelisolatie,,,BA78BEA4-0117-432F-912C-C1A16E13D71C,IFC_isolatie_115mm_glaswol 115,02 tweede verdieping,True
0YiaLKzsTBDuRqdrl5ioU5,IfcCovering,gevelisolatie,,,22B24554-F767-4B37-86F4-9F5BC5B32785,IFC_isolatie_115mm_glaswol 115,02 tweede verdieping,True
3yp24Y_VTA$gEU$IkhzuVa,IfcCovering,afdekker,,,FCCC2122-F9F7-4AFE-A39E-FD2BABF787E4,IFC_Vebo afdekker AB 80/106x300 300 x 106,02 tweede verdieping,True
2idEjti6zFIgYm2tBrhV$n,IfcCovering,afdekker,,,AC9CEB77-B06F-4F4A-A8B0-0B72F5ADFFF1,IFC_Vebo afdekker AB 80/106x300 300 x 106,02 tweede verdieping,True
3c4E9lSYPEtPr3zsOvj9Jv,IfcCovering,afdekker,,,E610E26F-7226-4EDD-9D43-F76639B494F9,IFC_Vebo afdekker AB 80/106x300 300 x 106,02 tweede verdieping,True
263rt6Wzn3vxT63VaOKkMi,IfcCovering,afdekker,,,860F5DC6-83DC-43E7-B746-0DF91852E5AC,IFC_Vebo afdekker AB 80/106x300 300 x 106,02 tweede verdieping,True
0wX$oOwjDDQfT3lXtLd29i,IfcCovering,afdekker,,,3A87FC98-EAD3-4D6A-9743-BE1DD59C226C,IFC_Vebo afdekker AB 80/106x300 300 x 106,02 tweede verdieping,True
1TsqjLCEH6wwLEj8X29Kep,IfcCovering,afdekker,,,5DDB4B55-30E4-46EB-A54E-B48842254A33,IFC_Vebo_spekband_SB 60/70x150 150 x 70,02 tweede verdieping,True
3HUnDXx2X9g9alxST4L_Dg,IfcCovering,afdekker,,,D17B1361-EC28-49A8-992F-EDC74457E36A,IFC_Vebo_spekband_SB 60/70x150 150 x 70,02 tweede verdieping,True
1LsBCGZFP28wvaL2L_3ALn,IfcCovering,afdekker,,,55D8B310-8CF6-4223-AE64-54257E0CA571,IFC_Vebo_raamdorpel_RD 60/100x160 160 x 100,02 tweede verdieping,True
2spHCP7LbD6fYB2ksSEAD_,IfcCovering,afdekker,,,B6CD1319-1D59-4D1A-988B-0AED9C38A37E,IFC_Vebo_spekband_SB 60/70x150 150 x 70,02 tweede verdieping,True
3_SFBy9y17dBR7BmiMv2Qi,IfcCovering,afdekker,,,FE70F2FC-27C0-479C-B6C7-2F0B16E426AC,IFC_Vebo_raamdorpel_RD 60/100x160 160 x 100,02 tweede verdieping,True
2YxaeDy$P0BujHTOAFp3VQ,IfcCovering,afdekker,,,A2EE4A0D-F3F6-402F-8B51-75828FCC37DA,IFC_Vebo_spekband_SB 60/70x150 150 x 70,02 tweede verdieping,True
1e4wkLYGX09RgInGN0FVNB,IfcCovering,afdekker,,,6813AB95-8908-4025-BA92-C505C03DF5CB,IFC_Vebo_spekband_SB 60/70x150 150 x 70,02 tweede verdieping,True
2fYXhy6j11rRrXwANySkyI,IfcCovering,afdekker,,,A98A1AFC-1AD0-41D5-BD61-E8A5FC72EF12,IFC_Vebo_raamdorpel_RD 60/100x160 160 x 100,02 tweede verdieping,True
3rAxNHcDjF2Rh$VdODxxPq,IfcCovering,afdekker,,,F52BB5D1-98DB-4F09-BAFF-7E760DEFB674,IFC_Vebo_spekband_SB 60/70x150 150 x 70,02 tweede verdieping,True
1NcptYG$9EOxE0lhTG49Is,IfcCovering,afdekker,,,579B3DE2-43F2-4E63-B380-BEB7501094B6,IFC_Vebo_spekband_SB 60/70x150 150 x 70,02 tweede verdieping,True
2aGNj19n92vBih9O4d81X0,IfcCovering,afdekker,,,A4417B41-2712-42E4-BB2B-258127201840,IFC_Vebo_raamdorpel_RD 60/100x160 160 x 100,02 tweede verdieping,True
3_MuN2flbDz9dzzW8pgjxC,IfcCovering,afdekker,,,FE5B85C2-A6F9-4DF4-99FD-F60233AADECC,IFC_Vebo_spekband_SB 60/70x150 150 x 70,02 tweede verdieping,True
1p1w5nacP7OONFsM71OM6$,IfcCovering,afdekker,,,7307A171-9266-4761-85CF-D961C16161BF,IFC_Vebo_spekband_SB 60/70x150 150 x 70,02 tweede verdieping,True
0IG6sF72j8FeR8aRIK4udH,IfcCovering,afdekker,,,12406D8F-1C2B-483E-86C8-91B4941389D1,IFC_Vebo_spekband_SB 60/70x150 150 x 70,02 tweede verdieping,True
0N99hQS3D0yOhomAOUdt9Q,IfcCovering,gevelisolatie,,,17249ADA-7033-40F1-8AF2-C0A61E9F725A,IFC_isolatie_115mm_glaswol 115,02 tweede verdieping,True
2FoeBeMlDA0vJjr2esbP7i,IfcCovering,gevelisolatie,,,8FCA82E8-5AF3-4A03-94ED-D42A369591EC,IFC_isolatie_115mm_glaswol 115,02 tweede verdieping,True
3AWjtizFX39x9Z5E26ApIh,IfcCovering,afdekker,,,CA82DDEC-F4F8-4327-B263-14E0862B34AB,IFC_Vebo_spekband_SB 60/70x150 150 x 70,02 tweede verdieping,True
2E_ASYemDCnwOCLHb_utIl,IfcCovering,gevelisolatie,,,8EF8A722-A303-4CC7-A60C-55197EE374AF,IFC_isolatie_115mm_glaswol 115,02 tweede verdieping,True
1w_cf5um15YeA5EFxBM09Q,IfcCovering,gevelisolatie,,,7AFA6A45-E300-458A-8285-38FECB58025A,IFC_isolatie_115mm_glaswol 115,02 tweede verdieping,True
30ZmlhWbr4VBz3xLcW43Qb,IfcCovering,gevelisolatie,,,C08F0BEB-825D-447C-BF43-ED59A01036A5,IFC_isolatie_74mm_PIR 74,02 tweede verdieping,True
3YaphMQD12wxpovAu7Z8Pn,IfcCovering,gevelisolatie,,,E2933AD6-68D0-42EB-BCF2-E4AE078C8671,IFC_isolatie_115mm_glaswol 115,02 tweede verdieping,True
2$4ln8GEbA0AHrv2xLdRy6,IfcCovering,afdekker,,,BF12FC48-40E9-4A00-A475-E42ED59DBF06,IFC_Vebo_spekband_SB 60/70x150 150 x 70,02 tweede verdieping,True
0hLetPvKL1rf1mDgBZcqk3,IfcCovering,gevelisolatie,,,2B568DD9-E545-41D6-9070-36A2E39B4B83,IFC_isolatie_115mm_glaswol 115,02 tweede verdieping,True
1h6OIrFBnAwum3k54RBlXq,IfcCovering,afdekker,,,6B1984B5-3CBC-4AEB-8C03-B8511B2EF874,IFC_Vebo_raamdorpel_RD 60/100x160 160 x 100,02 tweede verdieping,True
2rH49YgVH7KvIFa22Tb_9f,IfcCovering,gevelisolatie,,,B5444262-A9F4-4753-948F-90209D97E269,IFC_isolatie_74mm_PIR 74,02 tweede verdieping,True
3vP$ytW3j63eSFZgWReeQS,IfcCovering,gevelisolatie,,,F967FF37-803B-460E-870F-8EA81BA2869C,IFC_isolatie_115mm_glaswol 115,02 tweede verdieping,True
25uQiKqNf5bfXw341XHUd6,IfcCovering,afdekker,,,85E1AB14-D17A-4596-987A-0C406145E9C6,IFC_Vebo_spekband_SB 60/70x150 150 x 70,02 tweede verdieping,True
3gur72jAz1kxSp3cfUFZJj,IfcCovering,afdekker,,,EAE351C2-B4AF-41BB-B733-0E6A5E3E34ED,IFC_Vebo_spekband_SB 60/70x150 150 x 70,02 tweede verdieping,True
2MK8zXpo1AGfhA1dFKqBx8,IfcCovering,gevelisolatie,,,96508F61-CF20-4A42-9ACA-0673D4D0BEC8,IFC_isolatie_74mm_PIR 74,02 tweede verdieping,True
1LZFk8TJDB7vB9ESEfO2iI,IfcCovering,gevelisolatie,,,558CFB88-7533-4B1F-92C9-39C3A9602B12,IFC_isolatie_74mm_PIR 74,02 tweede verdieping,True
1$LJ1bwufAdu8NAhDURBqY,IfcCovering,gevelisolatie,,,7F553065-EB8A-4A9F-8217-2AB35E6CBD22,IFC_isolatie_74mm_PIR 74,02 tweede verdieping,True
0ViCxD6BzDnO2eLyPcgBNe,IfcCovering,gevelisolatie,,,1FB0CECD-18BF-4DC5-80A8-57C666A8B5E8,IFC_isolatie_74mm_PIR 74,02 tweede verdieping,True
3m8wkSX5z6dvcXgdaR23OK,IfcCovering,gevelisolatie,,,F023AB9C-845F-469F-99A1-AA791B083614,IFC_isolatie_115mm_glaswol 115,02 tweede verdieping,True
2w6Dec7xf2lPgmSw6K6QTY,IfcCovering,gevelisolatie,,,BA18DA26-1FBA-42BD-9AB0-73A19419A762,IFC_isolatie_115mm_glaswol 115,02 tweede verdieping,True
1y_WxlIob9QeKRNkTLDj9A,IfcCovering,gevelisolatie,,,7CFA0EEF-4B29-496A-851B-5EE75536D24A,IFC_isolatie_115mm_glaswol 115,02 tweede verdieping,True
1wUbVN$lj958cEYVoSJ3lQ,IfcCovering,gevelisolatie,,,7A7A57D7-FEFB-4914-898E-89FC9C4C3BDA,IFC_isolatie_115mm_glaswol 115,02 tweede verdieping,True
2G8BhRIgHEMOEsNcGd5qW2,IfcCovering,gevelisolatie,,,9020BADB-4AA4-4E59-83B6-5E6427174802,IFC_isolatie_115mm_glaswol 115,02 tweede verdieping,True
34UW22WjPAWf6PzRNNXwsh,IfcCovering,afdekker,,,C47A0082-82D6-4A82-9199-F5B5D787ADAB,IFC_Vebo_spekband_SB 60/70x150 150 x 70,02 tweede verdieping,True
0ribQrRunEwfbGqdPh_E8G,IfcCovering,afdekker,,,35B256B5-6F8C-4EEA-9950-D2766BF8E210,IFC_Vebo_raamdorpel_RD 60/100x160 160 x 100,02 tweede verdieping,True
3T3cipRsPB0Rcgks4vKbLd,IfcCovering,afdekker,,,DD0E6B33-6F66-4B01-B9AA-BB6139525567,IFC_Vebo_raamdorpel_RD 60/100x160 160 x 100,02 tweede verdieping,True
3LDABZjVfAZPWX89pADc26,IfcCovering,afdekker,,,D534A2E3-B5FA-4A8D-9821-209CCA366086,IFC_Vebo_raamdorpel_RD 60/100x160 160 x 100,02 tweede verdieping,True
3obd1uuJz97g9xKEEl2gmO,IfcCovering,afdekker,,,F2967078-E13F-491E-A27B-50E3AF0AAC18,IFC_Vebo_raamdorpel_RD 60/100x160 160 x 100,02 tweede verdieping,True
1bUFYp1eHDuxK5XD$fPYhl,IfcCovering,afdekker,,,6578F8B3-0684-4DE3-B505-84DFE9662AEF,IFC_Vebo_spekband_SB 60/70x150 150 x 70,02 tweede verdieping,True
0dIoBkISP8duVBDSa$63CX,IfcCovering,afdekker,,,274B22EE-49C6-489F-87CB-35C93F183321,IFC_Vebo_spekband_SB 60/70x150 150 x 70,02 tweede verdieping,True
1MfHZp3nD3BxafvCGta6YH,IfcCovering,afdekker,,,56A518F3-0F13-432F-B929-E4C437906891,IFC_Vebo_spekband_SB 60/70x150 150 x 70,02 tweede verdieping,True
1ru7RMAQL6mhhKGR1MdL4P,IfcCovering,afdekker,,,75E076D6-29A5-46C2-BAD4-41B0569D5119,99 Isolatie - Glaswol 190mm,02 tweede verdieping,True
0s9t5QP6H55uqtSD11XQbJ,IfcCovering,buitenblad,,,3627715A-6464-4517-8D37-70D04185A953,01 plaatmateriaal - multiplex 12,02 tweede verdieping,True
1o8zw8W1DBxhfuqPTVi40Y,IfcCovering,gevelisolatie,,,7223DE88-8013-4BEE-BA78-D1975FB04022,IFC_isolatie_115mm_glaswol 115,02 tweede verdieping,True
0xlwFvLOn1EP5we8AtJw6$,IfcCovering,afdekker,,,3BBFA3F9-558C-4139-917A-A082B74FA1BF,IFC_Vebo_spekband_SB 60/70x150 150 x 70,02 tweede verdieping,True
17lsx1LbTFLR6JDeuC5LRA,IfcCovering,gevelisolatie,,,47BF6EC1-5657-4F55-B193-368E0C1556CA,IFC_isolatie_74mm_PIR 74,02 tweede verdieping,True
0OCXCn3OLEJPn9Ben$c09G,IfcCovering,plat dak,,,18321331-0D85-4E4D-9C49-2E8C7F980250,IFC_underlayment_dakbeschot_22mm 22,02 tweede verdieping,True
3hqyh3fov9vxvrX2KulWNx,IfcCovering,plat dak,,,EBD3CAC3-A72E-49E7-BE75-842538BE05FB,IFC_underlayment_dakbeschot_22mm 22,02 tweede verdieping,True
3k4Z3diXzAWAnqMaC4UbXG,IfcCovering,afdekker,,,EE1230E7-B21F-4A80-AC74-5A43047A5850,IFC_dakrand_laagbouw 253 x 182,02 tweede verdieping,False
10T_URhX986PdE3NdBihco,IfcCovering,afdekker,,,4077E79B-AE12-4819-99CE-0D79CBB2B9B2,IFC_dakrand_laagbouw 253 x 182,02 tweede verdieping,False
02kNxbdKn4PhabTZKeKZeX,IfcCovering,buitenblad,,,02B97EE5-9D4C-4466-B925-763528523A21,01 plaatmateriaal - multiplex 12,02 tweede verdieping,True
0X2DCRiErF1wPAXKdSeEWq,IfcCovering,dakopstand,,,2108D31B-B0ED-4F07-A64A-8549DCA0E834,IFC_dakopstand_laagbouw_rekwerk_met_boeideel 38 x 170,02 tweede verdieping,True
2D9nuK0m53QxxuIO8ZlCOd,IfcCovering,buitenblad,,,8D271E14-0301-436B-BEF8-498223BCC627,01 plaatmateriaal - multiplex 12,02 tweede verdieping,True
09Nbr_FCL478NyPQWwab1p,IfcCovering,buitenblad,,,095E5D7E-3CC5-441C-85FC-65A83A925073,01 plaatmateriaal - multiplex 12,02 tweede verdieping,True
3WIzlj1Yn7wxhUAR77evUo,IfcCovering,dakopstand,,,E04BDBED-062C-47EB-BADE-29B1C7A397B2,IFC_dakopstand_laagbouw_rekwerk_met_boeideel 38 x 170,02 tweede verdieping,True
1h8PcImEHDV80gZfEGotBQ,IfcCovering,gootplafond,,,6B219992-C0E4-4D7C-802A-8E9390CB72DA,01 plaatmateriaal - platsica 10mm 10,02 tweede verdieping,True
3HfPISjJLBkxOpROaZVqjZ,IfcCovering,gootplafond,,,D1A5949C-B535-4BBB-B633-6D89237F4B63,01 plaatmateriaal - platsica 10mm 10,02 tweede verdieping,True
1MYYNurHr0vwxccpuLtC2G,IfcCovering,vensterbank,,,568A25F8-D51D-40E7-AEE6-9B3E15DCC090,IFC_Holonite_vensterbank_300x20 300 x 20,02 tweede verdieping,True
1n7ltW7NP0IAR8jo$B0Loq,IfcCovering,vensterbank,,,711EFDE0-1D76-4048-A6C8-B72FCB015CB4,IFC_Holonite_vensterbank_300x20 300 x 20,02 tweede verdieping,True
1QPMQOO0b4y9nNJwRC$vND,IfcCovering,vensterbank,,,5A656698-6009-44F0-9C57-4FA6CCFF95CD,IFC_Holonite_vensterbank_300x20 300 x 20,02 tweede verdieping,True
1frhZJ0dn9igmNDJAJJpL7,IfcCovering,vensterbank,,,69D6B8D3-027C-49B2-AC17-3532934F3547,IFC_Holonite_vensterbank_300x20 300 x 20,02 tweede verdieping,True
3DmoEIa8fBMhPKSJSrb6_c,IfcCovering,vensterbank,,,CDC32392-908A-4B5A-B654-713735946FA6,IFC_Holonite_vensterbank_300x20 300 x 20,02 tweede verdieping,True
22Sn1eMR53yR3yAIEQ8Vz$,IfcCovering,vensterbank,,,82731068-59B1-43F1-B0FC-29239A21FF7F,IFC_Holonite_vensterbank_300x20 300 x 20,02 tweede verdieping,True
0QAH$QE0LERORbXUDVkjCO,IfcCovering,vensterbank,,,1A291FDA-3805-4E6D-86E5-85E35FBAD318,IFC_Holonite_vensterbank_300x20 300 x 20,02 tweede verdieping,True
0k$DhH6jfDAwdj687vwW_7,IfcCovering,gevelisolatie,,,2EFCDAD1-1ADA-4D2B-A9ED-1881F9EA0F87,"IFC_HSB_184_wandelement_Rc=3,67 184",02 tweede verdieping,True
3dKbakG2DFL9knNaSiCEtA,IfcCovering,vensterbank,,,E752592E-4023-4F54-9BB1-5E472C30EDCA,IFC_Holonite_vensterbank_300x20 300 x 20,02 tweede verdieping,True
0vRo8zr1r2KPwl$Iz7YO89,IfcCovering,afdekker,,,396F223D-D41D-4251-9EAF-FD2F47898209,99 Isolatie - Glaswol 190mm,02 tweede verdieping,True
12KPhoDIP1SQktcRUxc8_B,IfcCovering,afdekker,,,42519AF2-3526-4171-ABB7-99B7BB988F8B,99 Isolatie - Glaswol 190mm,02 tweede verdieping,True
0VVyp1Gyz4CfN$qlgbz42$,IfcCovering,gevelisolatie,,,1F7FCCC1-43CF-4432-95FF-D2FAA5F440BF,IFC_isolatie_74mm_PIR 74,02 tweede verdieping,True
0OcXrOXLj09gSv4En94PF3,IfcCovering,gevelisolatie,,,189A1D58-855B-4026-A739-10EC491193C3,IFC_isolatie_74mm_PIR 74,02 tweede verdieping,True
3XaMzz5EPFJgWBW8rjlGud,IfcCovering,gevelisolatie,,,E1916F7D-14E6-4F4E-A80B-808D6DBD0E27,IFC_isolatie_115mm_glaswol 115,02 tweede verdieping,True
3nkmlq2$zAAPbH65k$qQft,IfcCovering,gevelisolatie,,,F1BB0BF4-0BFF-4A29-9951-185BBFD1AA77,IFC_isolatie_115mm_glaswol 115,02 tweede verdieping,True
35LDL3pLv0o898Nl7E7WSe,IfcCovering,gevelisolatie,,,C554D543-CD5E-40C8-8248-5EF1CE1E0728,IFC_isolatie_115mm_glaswol 115,02 tweede verdieping,True
0iIJwHQH92pAAY9xCrPg0R,IfcCovering,gevelisolatie,,,2C493E91-6912-42CC-A2A2-27B33566A01B,IFC_isolatie_115mm_glaswol 115,02 tweede verdieping,True
3T1Rrw9vj91Ra66OACNMug,IfcCovering,zinkwerk,,,DD05BD7A-279B-4905-B906-19828C5D6E2A,99 Brandwering,02 tweede verdieping,True
3ANfFVlv96quj0YAXgG2EW,IfcCovering,zinkwerk,,,CA5E93DF-BF92-46D3-8B40-88A86A4023A0,99 Brandwering,02 tweede verdieping,True
1pCWgZVjb7fALaNH9m_8SV,IfcCovering,zinkwerk,,,73320AA3-7ED9-47A4-A564-5D1270F8871F,99 Brandwering,02 tweede verdieping,True
21LJCYmbn9$xZHIqsikfhc,IfcCovering,zinkwerk,,,81553322-C25C-49FF-B8D1-4B4DACBA9AE6,99 Brandwering,02 tweede verdieping,True
1NzfHSjQf0dP8pp4_Q0OQr,IfcCovering,zinkwerk,,,57F6945C-B5AA-409D-9233-CC4F9A0186B5,99 Brandwering,02 tweede verdieping,True
1SWGutEqrBz85OYTimTpPT,IfcCovering,zinkwerk,,,5C810E37-3B4D-4BF4-8158-89DB3077365D,99 Brandwering,02 tweede verdieping,True
0ZCs69aVn4swjErd48MO87,IfcCovering,zinkwerk,,,23336189-91FC-44DB-AB4E-D67108598207,99 Brandwering,02 tweede verdieping,True
2HicuVfDT6OwMJhSmT5izA,IfcCovering,zinkwerk,,,91B26E1F-A4D7-4663-A593-ADCC1D16CF4A,99 Brandwering,02 tweede verdieping,True
0gza7aYaf5hQtRm5IPfjPM,IfcCovering,zinkwerk,,,2AF641E4-8A4A-45AD-ADDB-C05499A6D656,99 Brandwering,02 tweede verdieping,True
2$De7CtqX3Mgoh9zgijQf7,IfcCovering,gevelisolatie,,,BF3681CC-DF48-435A-ACAB-27DAACB5AA47,IFC_isolatie_74mm_PIR 74,02 tweede verdieping,True
1bmL$ar598Uxf0yiGX2cVj,IfcCovering,gevelisolatie,,,65C15FE4-D452-487B-BA40-F2C4210A67ED,IFC_isolatie_115mm_glaswol 115,02 tweede verdieping,True
10DhVls71AXQLFZFJNHFGp,IfcCovering,gevelisolatie,,,4036B7EF-D870-4A85-A54F-8CF4D744F433,IFC_isolatie_115mm_glaswol 115,02 tweede verdieping,True
3mQzaEv2j2tPZFDdVGZ9OE,IfcCovering,gevelisolatie,,,F06BD90E-E42B-42DD-98CF-3677D08C960E,"IFC_HSB_184_wandelement_Rc=3,67 184",02 tweede verdieping,True
3QvgrVNKj7EegodbnVdP_S,IfcCovering,gevelisolatie,,,DAE6AD5F-5D4B-473A-8AB2-9E5C5F9D9F9C,IFC_isolatie_74mm_PIR 74,02 tweede verdieping,True
21kO$RROb3D9Afl5VHwHqA,IfcCovering,gevelisolatie,,,81B98FDB-6D89-4334-92A9-BC57D1E91D0A,IFC_isolatie_115mm_glaswol 115,02 tweede verdieping,True
2kGtcgvTXFYQiDOauRxh1J,IfcCovering,afdekker,,,AE4379AA-E5D8-4F89-AB0D-624E1BEEB053,99 Isolatie - Glaswol 190mm,02 tweede verdieping,True
2OwQUmdIz75gGVCR1d9rsS,IfcCovering,zinkwerk,,,98E9A7B0-9D2F-4716-A41F-31B067275D9C,99 Brandwering,02 tweede verdieping,True
35isLwzrLEMQ5J1PxgwhV2,IfcCovering,zinkwerk,,,C5B3657A-F755-4E59-A153-059EEAEAB7C2,99 Brandwering,02 tweede verdieping,True
2L9I1faw5BH8B7d3U4o0k6,IfcCovering,zinkwerk,,,95252069-93A1-4B44-82C7-9C3784C80B86,99 Brandwering,02 tweede verdieping,True
3AO8rcyk509vx6_biIFGbq,IfcCovering,zinkwerk,,,CA608D66-F2E1-4027-9EC6-FA5B123D0974,99 Brandwering,02 tweede verdieping,True
0Td24v2BHAUet$FM3mUVYG,IfcCovering,zinkwerk,,,1D9C2139-08B4-4A7A-8DFF-3D60F079F890,99 Brandwering,02 tweede verdieping,True
2CF46ZLfjDl9_OThXOL3Ui,IfcCovering,zinkwerk,,,8C3C41A3-569B-4DBC-9F98-76B8585437AC,99 Brandwering,02 tweede verdieping,True
38mNkYl85BqBqgcQF2nPz2,IfcCovering,zinkwerk,,,C8C17BA2-BC81-4BD0-BD2A-99A3C2C59F42,99 Brandwering,02 tweede verdieping,True
0wD8_2cWLCHwIYYV7oiWJR,IfcCovering,zinkwerk,,,3A348F82-9A05-4C47-A4A2-89F1F2B204DB,99 Brandwering,02 tweede verdieping,True
3FSNHKepX1b81SfN2h$in$,IfcCovering,zinkwerk,,,CF717454-A338-4194-805C-A570ABFECC7F,99 Brandwering,02 tweede verdieping,True
2UW8Nuol55RvcYfIIg2t4F,IfcCovering,zinkwerk,,,9E8085F8-CAF1-456F-99A2-A524AA0B710F,99 Brandwering,02 tweede verdieping,True
2iY8GEYm18rvxmJtXrcJUB,IfcCovering,zinkwerk,,,AC88840E-8B00-48D7-9EF0-4F787599378B,99 Brandwering,02 tweede verdieping,True
1cElYUTi9EnwR5DfAu7DbS,IfcCovering,zinkwerk,,,663AF89E-76C2-4EC7-A6C5-3692B81CD95C,99 Brandwering,02 tweede verdieping,True
0yvaZZ5SXBvwsW8c$CiibL,IfcCovering,zinkwerk,,,3CE648E3-15C8-4BE7-ADA0-226FCCB2C955,99 Brandwering,02 tweede verdieping,True
3zMbwuFL99dhfT$bnbCUQh,IfcCovering,zinkwerk,,,FD5A5EB8-3D52-499E-BA5D-FE5C6531E6AB,99 Brandwering,02 tweede verdieping,True
2Vq61W0tTCYekxm1_Frfu6,IfcCovering,zinkwerk,,,9FD06060-0377-4C8A-8BBB-C01F8FD69E06,99 Brandwering,02 tweede verdieping,True
3WPwSEV4PAEepktdz_gSSU,IfcCovering,zinkwerk,,,E067A70E-7C46-4A3A-8CEE-DE7F7EA9C71E,99 Brandwering,02 tweede verdieping,True
0y06tnvd582BNBP8CaSa14,IfcCovering,zinkwerk,,,3C006DF1-E671-4808-B5CB-648324724044,99 Brandwering,02 tweede verdieping,True
2dL94Anh50Eh_VcHmlZFPX,IfcCovering,zinkwerk,,,A754910A-C6B1-403A-BF9F-991C2F8CF661,99 Brandwering,02 tweede verdieping,True
1YUEu0$x5BQftN0VM$J8Lp,IfcCovering,gevelisolatie,,,6278EE00-FFB1-4B6A-9DD7-01F5BF4C8573,IFC_isolatie_115mm_glaswol 115,02 tweede verdieping,True
2Eokw1FhzELA7So9o_Tfos,IfcCovering,zinkwerk,,,8ECAEE81-3EBF-4E54-A1DC-C89CBE769CB6,99 Brandwering,02 tweede verdieping,True
20Zo3pxVH7uAXf86D5hIdN,IfcCovering,zinkwerk,,,808F20F3-EDF4-47E0-A869-206345AD29D7,99 Brandwering,02 tweede verdieping,True
28QaB18Vv0uefl957GYaW8,IfcCovering,zinkwerk,,,886A42C1-21FE-40E2-8A6F-2451D08A4808,99 Brandwering,02 tweede verdieping,True
3Q1T3sQLH32uFM6qfRhP4g,IfcCovering,zinkwerk,,,DA05D0F6-6954-430B-83D6-1B4A5BAD912A,99 Brandwering,02 tweede verdieping,True
1TOSYTO4zAhuQuds2Dcoad,IfcCovering,zinkwerk,,,5D61C89D-604F-4AAF-86B8-9F608D9B2927,99 Brandwering,02 tweede verdieping,True
0glQjezOP3jPGIGXddmdSc,IfcCovering,zinkwerk,,,2ABDAB68-F586-43B5-9412-4219E7C27726,99 Brandwering,02 tweede verdieping,True
36ym$MS0P1GBH7IZQkZWGl,IfcCovering,zinkwerk,,,C6F30FD6-7006-4140-B447-4A36AE8E042F,99 Brandwering,02 tweede verdieping,True
0SedMzh2P71g$vtlS$lB_c,IfcCovering,zinkwerk,,,1CA275BD-AC26-4706-AFF9-DEF73FBCBFA6,99 Brandwering,02 tweede verdieping,True
0b7YxFrHD9YuacR5qdKp2D,IfcCovering,zinkwerk,,,251E2ECF-D513-498B-8926-6C5D2753308D,99 Brandwering,02 tweede verdieping,True
29CewCSbr0$xEvf$Dy0tWX,IfcCovering,zinkwerk,,,89328E8C-725D-40FF-B3B9-A7F37C037821,99 Brandwering,02 tweede verdieping,True
0InzsGrqzC9Bv1Wd9Kbjii,IfcCovering,zinkwerk,,,12C7DD90-D74F-4C24-BE41-82725496DB2C,99 Brandwering,02 tweede verdieping,True
09MYoQ04P8sQ9TfWaBV7Pn,IfcCovering,zinkwerk,,,095A2C9A-0046-48D9-A25D-A6090B7C7671,99 Brandwering,02 tweede verdieping,True
0IQRdkI3TDXwk61BvckJx9,IfcCovering,zinkwerk,,,1269B9EE-4837-4D87-AB86-04BE66B93EC9,99 Brandwering,02 tweede verdieping,True
0panV$MJPFOxsDAUxnXj4h,IfcCovering,zinkwerk,,,339317FF-5936-4F63-BD8D-29EEF186D12B,99 Brandwering,02 tweede verdieping,True
1utO70jx97DuryPw49DqCV,IfcCovering,zinkwerk,,,78DD81C0-B7B2-4737-8D7C-67A10937431F,99 Brandwering,02 tweede verdieping,True
2pp4fNepzE2PJPOxU_AX$v,IfcCovering,zinkwerk,,,B3CC4A57-A33F-4E09-94D9-63B7BE2A1FF9,99 Brandwering,02 tweede verdieping,True
2GYRRAAuX9P8pYnJXc1Q8z,IfcCovering,zinkwerk,,,9089B6CA-2B88-4964-8CE2-C5386605A23D,99 Brandwering,02 tweede verdieping,True
1qGak1w8fBUfMKn246Ht3e,IfcCovering,zinkwerk,,,74424B81-E88A-4B7A-9594-C421064770E8,99 Brandwering,02 tweede verdieping,True
1IDLEGfTv99A6kafhmcwfR,IfcCovering,zinkwerk,,,52355390-A5DE-4924-A1AE-929AF09BAA5B,99 Brandwering,02 tweede verdieping,True
3vKCRqSgT3e86OyZmOT6qe,IfcCovering,zinkwerk,,,F950C6F4-72A7-43A0-8198-F23C18746D28,99 Brandwering,02 tweede verdieping,True
0$rlGvynbClxBjanR1Zjq6,IfcCovering,zinkwerk,,,3FD6F439-F319-4CBF-B2ED-9316C18EDD06,99 Brandwering,02 tweede verdieping,True
1o14ktUjv4HvRfqcWwBdBL,IfcCovering,zinkwerk,,,72044BB7-7ADE-4447-96E9-D2683A2E72D5,99 Brandwering,02 tweede verdieping,True
1VGuGMuYP6_fFqwZcVW2LZ,IfcCovering,zinkwerk,,,5F438416-E226-46FA-93F4-EA399F802563,99 Brandwering,02 tweede verdieping,True
3LR4u6V655Qu_OXaoJNfRI,IfcCovering,buitenblad,,,D56C4E06-7C61-456B-8F98-864C935E96D2,IFC_plastica_gevelbekleding_10mm 10,02 tweede verdieping,True
2EQFGlwUv1WPk51oM8OXVc,IfcCovering,buitenblad,,,8E68F42F-E9EE-4181-9B85-0725886217E6,IFC_plastica_gevelbekleding_10mm 10,02 tweede verdieping,True
0HqyEbXNj9B9pyPkfzqdot,IfcCovering,buitenblad,,,11D3C3A5-857B-492C-9CFC-66EA7DD27CB7,IFC_plastica_gevelbekleding_10mm 10,02 tweede verdieping,True
0bh_izAIvCGR4N2dD46iKk,IfcCovering,zinkwerk,,,25AFEB3D-292E-4C41-B117-0A73441AC52E,IFC_zinken_afdekker_dakrand_laagbouw 97 x 40,02 tweede verdieping,False
1EAotCuNzD2w4dz5DcwpX_,IfcCovering,zinkwerk,,,4E2B2DCC-E17F-4D0B-A127-F45366EB387E,IFC_zinken_afdekker_dakrand_laagbouw 97 x 40,02 tweede verdieping,False
0s32iHDqHCbhVTIurV1DM1,IfcCovering,vensterbank,,,360C2B11-3744-4C96-B7DD-4B8D5F04D581,IFC_Holonite_vensterbank_300x20 300 x 20,02 tweede verdieping,True
0C15Ueyij9Ix_$X6QA82aH,IfcCovering,afdekker,,,0C0457A8-F2CB-494B-BFBF-84668A202911,IFC_Vebo_spekband_SB 60/70x150 150 x 70,02 tweede verdieping,True
2iFPE94rj0YPhjIJrJuRfN,IfcCovering,vensterbank,,,AC3D9389-135B-4089-9AED-493D53E1BA57,IFC_Holonite_vensterbank_300x20 300 x 20,02 tweede verdieping,True
1$ZSmKrKzBfBEkMo2u5OCd,IfcCovering,vensterbank,,,7F8DCC14-D54F-4BA4-B3AE-5B20B8158327,IFC_Holonite_vensterbank_300x20 300 x 20,02 tweede verdieping,True
0AYEJj_YT5aw1Xbm_vQkge,IfcCovering,zinkwerk,,,0A88E4ED-FA27-4593-A061-970FB96AEAA8,IFC_zinken_afdekker_laagbouw 321 x 40,02 tweede verdieping,True
0TR7BhwiDF08mPxtQyahLL,IfcCovering,zinkwerk,,,1D6C72EB-EAC3-4F00-8C19-EF76BC92B555,IFC_zinken_afdekker_laagbouw 321 x 40,02 tweede verdieping,True
0p2RY$A7XBlf$Hm3rYXLDg,IfcCovering,buitenblad,,,3309B8BF-2878-4BBE-9FD1-C03D6285536A,IFC_plastica_gevelbekleding_10mm 10,02 tweede verdieping,True
3ejbAsRG1Fbgj6dreFz_OC,IfcCovering,buitenblad,,,E8B652B6-6D00-4F96-AB46-9F5A0FF7E60C,IFC_plastica_gevelbekleding_10mm 10,02 tweede verdieping,True
1kIOG_bPX9qwW5h_iOhFqI,IfcCovering,gevelisolatie,,,6E49843E-9598-49D3-A805-AFEB18ACFD12,IFC_isolatie_74mm_PIR 74,02 tweede verdieping,True
1UpqXpHkP3EQWExrr2tUs7,IfcCovering,gevelisolatie,,,5ECF4873-46E6-4339-A80E-EF5D42DDED87,IFC_isolatie_74mm_PIR 74,02 tweede verdieping,True
14NwEJAu1AKfKB4isUssF4,IfcCovering,wandtegelwerk,,,445FA393-2B80-4A52-950B-12CD9EDB63C4,IFC_wandtegels_250x200 10,02 tweede verdieping,True
2YHpvYar5Fo9ZjwKqXPKG9,IfcCovering,wandtegelwerk,,,A2473E62-9351-4FC8-98ED-E94D21654409,IFC_wandtegels_250x200 10,02 tweede verdieping,True
1FxXj6eeb9Sv00jRopMo7n,IfcCovering,wandtegelwerk,,,4FEE1B46-A289-4973-9000-B5BCB35B21F1,IFC_wandtegels_250x200 10,02 tweede verdieping,True
057MDqFFb5qgenb6l63N4M,IfcCovering,wandtegelwerk,,,051D6374-3CF9-45D2-AA31-946BC60D7116,IFC_wandtegels_250x200 10,02 tweede verdieping,True
2NQfYbTPr4490iq2kVoJd2,IfcCovering,wandtegelwerk+,,,976A98A5-759D-4410-902C-D02B9FC939C2,IFC_wandtegels_250x200 10,02 tweede verdieping,True
3TOCkdOov3X9ubnqL1EJ$9,IfcCovering,vloertegelwerk,,,DD60CBA7-632E-4384-9E25-C74541393FC9,IFC_vloertegels_200x200 10,02 tweede verdieping,True
0oiaAyK0zBEOjuWZRwpp9J,IfcCovering,wandtegelwerk,,,32B242BC-500F-4B39-8B78-8236FACF3253,IFC_wandtegels_250x200 10,02 tweede verdieping,True
3pbT9Upr5CPhheayA4MaGr,IfcCovering,wandtegelwerk+,,,F395D25E-CF51-4C66-BAE8-93C2845A4435,IFC_wandtegels_250x200 10,02 tweede verdieping,True
11pB9wCfHBlR2L9Uc_W9hr,IfcCovering,vloertegelwerk,,,41CCB27A-3294-4BBD-B095-25E9BE809AF5,IFC_vloertegels_200x200 10,02 tweede verdieping,True
2KU91dhGDBFRhIpbVu$ao1,IfcCovering,wandtegelwerk,,,94789067-AD03-4B3D-BAD2-CE57F8FE4C81,IFC_wandtegels_250x200 10,02 tweede verdieping,True
3295fRUAH0yAb3MiERHCS$,IfcCovering,wandtegelwerk,,,C2245A5B-78A4-40F0-A943-5AC39B44C73F,IFC_wandtegels_250x200 10,02 tweede verdieping,True
28LRiezuj1GOfNsHqZaFZ5,IfcCovering,wandtegelwerk,,,8855BB28-F78B-4141-8A57-D91D2390F8C5,IFC_wandtegels_250x200 10,02 tweede verdieping,True
3NkMLpgyfBJxrhBJ1hWWu6,IfcCovering,wandtegelwerk,,,D7B96573-ABCA-4B4F-BD6B-2D306B820E06,IFC_wandtegels_250x200 10,02 tweede verdieping,True
0jDBRiB254gAJv7ftRYoVm,IfcCovering,wandtegelwerk,,,2D34B6EC-2C21-44A8-A4F9-1E9DDB8B27F0,IFC_wandtegels_250x200 10,02 tweede verdieping,True
2j4Tmo2iX7twR5JVfbF4$h,IfcCovering,wandtegelwerk,,,AD11DC32-0AC8-47DF-A6C5-4DFA653C4FEB,IFC_wandtegels_250x200 10,02 tweede verdieping,True
0ZYEE2X9HFEwyXmDzfDoNL,IfcCovering,wandtegelwerk,,,2388E382-8494-4F3B-AF21-C0DF693725D5,IFC_wandtegels_250x200 10,02 tweede verdieping,True
1hTtFy5GX29gKSYz67rHrm,IfcCovering,vloertegelwerk,,,6B7773FC-1508-4226-A51C-8BD187D51D70,IFC_vloertegels_200x200 10,02 tweede verdieping,True
1JcJ_Zj0fC_gB5ZY0StrZs,IfcCovering,wandtegelwerk,,,53993FA3-B40A-4CFA-A2C5-8E201CDF58F6,IFC_wandtegels_250x200 10,02 tweede verdieping,True
2Vc_vF_XDE_wq26mB7pWiy,IfcCovering,wandtegelwerk,,,9F9BEE4F-FA13-4EFB-AD02-1B02C7CE0B3C,IFC_wandtegels_250x200 10,02 tweede verdieping,True
2480dOKSvFCRp650DQ7Us3,IfcCovering,wandtegelwerk,,,842009D8-51CE-4F31-BCC6-14035A1DED83,IFC_wandtegels_250x200 10,02 tweede verdieping,True
2fYhFjv$X1Wv9AkbHXwz4$,IfcCovering,vloertegelwerk,,,A98AB3ED-E7F8-4183-924A-BA5461EBD13F,IFC_vloertegels_200x200 10,02 tweede verdieping,True
2M9gAhAcz78xKSJ9_HDSSr,IfcCovering,wandtegelwerk,,,9626A2AB-2A6F-4723-B51C-4C9F9135C735,IFC_wandtegels_250x200 10,02 tweede verdieping,True
3JHMbjGtD4zx$tFA6xuKmS,IfcCovering,wandtegelwerk,,,D345696D-4373-44F7-BFF7-3CA1BBE14C1C,IFC_wandtegels_250x200 10,02 tweede verdieping,True
0EC1ShdPLDWA7l0_xCuX64,IfcCovering,wandtegelwerk,,,0E30172B-9D95-4D80-A1EF-03EECCE21184,IFC_wandtegels_250x200 10,02 tweede verdieping,True
3JHI0mVl5FuuvPw0ci59Rr,IfcCovering,wandtegelwerk,,,D3452030-7EF1-4FE3-8E59-E809AC1496F5,IFC_wandtegels_250x200 10,02 tweede verdieping,True
1Sr_DsVDX15PglzR05U4Ap,IfcCovering,wandtegelwerk,,,5CD7E376-7CD8-4115-9AAF-F5B0057842B3,IFC_wandtegels_250x200 10,02 tweede verdieping,True
0LieXO3nv5ieyCsDgjxHp5,IfcCovering,boeideel,,,15B28858-0F1E-45B2-8F0C-D8DAADED1CC5,01 plaatmateriaal - platsica 10mm,03 derde verdieping,True
32vgQ0GJf0z9oImXA6ATmb,IfcCovering,zinkwerk,,,C2E6A680-413A-40F4-9C92-C2128629DC25,01 plaatmateriaal - platsica 10mm,03 derde verdieping,True
3vCCb9ccP9Wf_oMyDMnFBZ,IfcCovering,dakpan (vlak),,,F930C949-9A66-4982-9FB2-5BC356C4F2E3,IFC_dakpan_Coramic_301_leipan_vlak 50,03 derde verdieping,True
1_uOEsbJfFJPp_amZDYIuF,IfcCovering,zinkwerk,,,7EE183B6-953A-4F4D-9CFE-9308CD892E0F,04 Zink,03 derde verdieping,True
1Qq$xL8217iBElIl7o8SO8,IfcCovering,dakschroot,,,5AD3FED5-2020-47B0-B3AF-4AF1F221C608,01 Hout C,03 derde verdieping,True
39GpFl7Sb9COtYLmEq1bBG,IfcCovering,zinkwerk,,,C94333EF-1DC9-4931-8DE2-5703B40652D0,04 Zink,03 derde verdieping,True
1iAvXA9o5BPgAwhGeJ88dm,IfcCovering,dakpan (vlak),,,6C2B984A-2721-4B66-A2BA-AD0A132089F0,IFC_dakpan_Coramic_301_leipan_vlak 50,03 derde verdieping,True
2N2M5zi3L3ghszlmPoJ3z$,IfcCovering,dakpan (vlak),,,9709617D-B035-43AA-BDBD-BF06724C3F7F,IFC_dakpan_Coramic_301_leipan_vlak 50,03 derde verdieping,True
3T7qMysCj85xrHCzTZnlNj,IfcCovering,zinkwerk,,,DD1F45BC-D8CB-4817-BD51-33D763C6F5ED,IFC_zinken_goot 433 x 165,03 derde verdieping,False
060KlqT792Gu$HoedzYDFv,IfcCovering,zinkwerk,,,06014BF4-7472-4243-8FD1-CA89FD88D3F9,IFC_zinken_goot 433 x 165,03 derde verdieping,False
20qaS1_VH8IOJrYDQQgAEV,IfcCovering,afdekker,,,80D24701-F9F4-4849-84F5-88D69AA8A39F,IFC_dakgoot_hoogbouw 585 x 236,03 derde verdieping,False
3w_DN4OXLFLh0fZuG0WNd0,IfcCovering,gipsplafond,,,FAF8D5C4-6215-4F56-B029-8F84008179C0,"IFC_gipsplafond_2*12,5 25",03 derde verdieping,True
0S6yiLKeLFxRxlKQDCeF5Q,IfcCovering,dakopstand,,,1C1BCB15-5285-4FED-BEEF-51A34CA0F15A,01 plaatmateriaal - platsica 10mm,03 derde verdieping,True
0x2Ptqk7D5yQfXDXwRCLJk,IfcCovering,afdekker,,,3B099DF4-B873-45F1-AA61-361E9B3154EE,IFC_dakgoot_hoogbouw 585 x 236,03 derde verdieping,False
0NYuZC_Zn0zxU$8bSIn_dg,IfcCovering,afdekker,,,178B88CC-FA3C-40F7-B7BF-225712C7E9EA,IFC_dakgoot_hoogbouw 585 x 236,03 derde verdieping,False
1MobKlpi5FmRBwmIGJvVe7,IfcCovering,afdekker,,,56CA552F-CEC1-4FC1-B2FA-C12413E5FA07,IFC_dakgoot_hoogbouw 585 x 236,03 derde verdieping,False
18Dp7n99rCLBnu8_b3RxrR,IfcCovering,afdekker,,,483731F1-249D-4C54-BC78-23E9436FBD5B,IFC_dakgoot_hoogbouw 585 x 236,03 derde verdieping,False
0$L4A9UZfDmgw7dxcFJ6jc,IfcCovering,gipsplafond,,,3F544289-7A3A-4DC2-AE87-9FB98F4C6B66,"IFC_gipsplafond_2*12,5 25",03 derde verdieping,True
1C_7pENU9C1f9RE1yHs49C,IfcCovering,zinkwerk,,,4CF87CCE-5DE2-4C06-925B-381F11D8424C,04 Zink,03 derde verdieping,True
1dFKnWr09Ccu32vbYplDwD,IfcCovering,zinkwerk,,,673D4C60-D402-4C9B-80C2-E658B3BCDE8D,04 Zink,03 derde verdieping,True
3vD0BTagr0uhk85$J$0SBn,IfcCovering,zinkwerk,,,F93402DD-92AD-40E2-BB88-17F4FF01C2F1,IFC_zinken_goot 433 x 165,03 derde verdieping,False
3OZhFtFq98_OiNVPZhex1v,IfcCovering,afdekker,,,D88EB3F7-3F42-48F9-8B17-7D98EBA3B079,IFC_dakgoot_hoogbouw 585 x 236,03 derde verdieping,False
03smbr_9zFUvoPc7iSmcEW,IfcCovering,afdekker,,,03DB0975-F89F-4F7B-9C99-987B1CC263A0,IFC_dakgoot_hoogbouw 585 x 236,03 derde verdieping,False
2UvMAz_eX4de4Cch8tic9z,IfcCovering,afdekker,,,9EE562BD-FA88-449E-810C-9AB237B2627D,IFC_dakgoot_hoogbouw 585 x 236,03 derde verdieping,False
2HxXb1h3n16BOCoDJT05OM,IfcCovering,afdekker,,,91EE1941-AC3C-4118-B60C-C8D4DD005616,IFC_dakgoot_hoogbouw 585 x 236,03 derde verdieping,False
2jqRiK6lr5dgbYAtO7O9PM,IfcCovering,afdekker,,,ADD1BB14-1AFD-459E-A962-2B7607609656,IFC_dakgoot_hoogbouw 585 x 236,03 derde verdieping,False
2Ols16Ffn0OfFILBBVBCq0,IfcCovering,vensterbank,,,98BF6046-3E9C-4062-93D2-54B2DF2CCD00,IFC_Holonite_vensterbank_220x20 220 x 20,03 derde verdieping,True
2vR3EzuD938euiaqi_IJrs,IfcCovering,kantafwerking,,,B96C33BD-E0D2-4322-8E2C-934B3E493D76,01 plaatmateriaal - promatect brandwerend 15,03 derde verdieping,True
0NyYxPZUD4yRDYesALtypI,IfcCovering,kantafwerking,,,17F22ED9-8DE3-44F1-B362-A36295DFCCD2,01 plaatmateriaal - promatect brandwerend 15,03 derde verdieping,True
1psA1SFkz46B$nvThSMWVJ,IfcCovering,kantafwerking,,,73D8A05C-3EEF-4418-BFF1-E5DADC5A07D3,01 plaatmateriaal - promatect brandwerend 15,03 derde verdieping,True
0BvgVb7tbFPgONeqDVpmh6,IfcCovering,plafond,,,0BE6A7E5-1F79-4F66-A617-A3435FCF0AC6,01 plaatmateriaal - promatect brandwerend 15,03 derde verdieping,True
22CPiCHcj4Bxue2KiwGzsR,IfcCovering,dakpan (vlak),,,82319B0C-466B-442F-BE28-094B3A43DD9B,IFC_dakpan_Coramic_301_leipan_vlak 50,03 derde verdieping,True
2ImEqCuXv75vgiqlVOUjEf,IfcCovering,zinkwerk,,,92C0ED0C-E21E-4717-9AAC-D2F7D87AD3A9,04 Zink,03 derde verdieping,True
1Gbp9IjqnCH8qFauUzhZdl,IfcCovering,dakpan (vlak),,,50973252-B74C-4C44-8D0F-9387BDAE39EF,IFC_dakpan_Coramic_301_leipan_vlak 50,03 derde verdieping,True
073WUmvbzFVP7tMfJQovg6,IfcCovering,dakpan (vlak),,,070E07B0-E65F-4F7D-91F7-5A94DACB9A86,IFC_dakpan_Coramic_301_leipan_vlak 50,03 derde verdieping,True
1Bl$g4$Xj9_way2hS6t0mR,IfcCovering,dakschroot,,,4BBFFA84-FE1B-49FB-A93C-0AB706DC0C1B,01 Hout C,03 derde verdieping,True
0lF5MOhTPBxPrLOQzM_gU0,IfcCovering,zinkwerk,,,2F3C5598-ADD6-4BED-9D55-61AF56FAA780,IFC_zinken_goot 433 x 165,03 derde verdieping,False
0S1K8Yu71E_un$LwiOlwLx,IfcCovering,zinkwerk,,,1C054222-E070-4EFB-8C7F-57AB18BFA57B,04 Zink 1,03 derde verdieping,True
084MuEGfD4UB54wB7sJMXL,IfcCovering,dakpan (vlak),,,08116E0E-4293-4478-B144-E8B1F64D6855,IFC_dakpan_Coramic_301_leipan_vlak 50,03 derde verdieping,True
076HlgMHrARxcQXjHQlH0F,IfcCovering,boeideel,,,07191BEA-591D-4A6F-B99A-86D45ABD100F,01 plaatmateriaal - platsica 10mm,03 derde verdieping,True
1aaOikRob3bgg_3yQy6Szd,IfcCovering,buitenblad,,,64918B2E-6F29-4396-AABE-0FC6BC19CF67,IFC_plastica_gevelbekleding_10mm 10,03 derde verdieping,True
0pqU6HD255hfeIC1Uq50S1,IfcCovering,buitenblad,,,33D1E191-3421-45AE-9A12-3017B4140701,IFC_plastica_gevelbekleding_10mm 10,03 derde verdieping,True
3Mw6I$3jTDpfnDIqR6LUHT,IfcCovering,dakisolatie,,,D6E864BF-0ED7-4DCE-9C4D-4B46C655E45D,99 Isolatie - PIR 120mm,03 derde verdieping,True
0i7j8tAjD5rRuCqJ6ezihd,IfcCovering,buitenblad,,,2C1ED237-2AD3-45D5-BE0C-D131A8F6CAE7,IFC_plastica_gevelbekleding_10mm 10,03 derde verdieping,True
3xnzCngZjAzvkMG2BR630l,IfcCovering,zinkwerk,,,FBC7D331-AA3B-4AF7-9B96-4022DB18302F,04 Zink,03 derde verdieping,True
1t85DArmT6kf9ywbUlIRFz,IfcCovering,zinkwerk,,,7720534A-D707-46BA-927C-EA57AF49B3FD,04 Zink,03 derde verdieping,True
0ElVppX1z0vxLzi2aJH2W7,IfcCovering,zinkwerk,,,0EBDFCF3-841F-40E7-B57D-B02913442807,04 Zink,03 derde verdieping,True
0Rm1W96cz6D8f3cpOKhmS2,IfcCovering,zinkwerk,,,1BC01809-1A6F-4634-8A43-9B3614AF0702,04 Zink,03 derde verdieping,True
1fB4$oVgn5QAaPzu8vkn5T,IfcCovering,zinkwerk,,,692C4FF2-7EAC-4568-A919-F78239BB115D,04 Zink,03 derde verdieping,True
1YsW3XlsH6jQAy3oVokVoI,IfcCovering,dakpan (vlak),,,62DA00E1-BF64-46B5-A2BC-0F27F2B9FC92,IFC_dakpan_Coramic_301_leipan_vlak 50,03 derde verdieping,True
2SZgOSofP2PBFS$KAhUxu3,IfcCovering,dakpan (vlak),,,9C8EA61C-CA96-4264-B3DC-FD42AB7BBE03,IFC_dakpan_Coramic_301_leipan_vlak 50,03 derde verdieping,True
2m10JreMjEuev6HFzD4D49,IfcCovering,buitenblad,,,B00404F5-A16B-4EE2-8E46-44FF4D10D109,IFC_plastica_gevelbekleding_10mm 10,03 derde verdieping,True
1tjp29RIr40A2eYyYopJsk,IfcCovering,buitenblad,,,77B73089-6D2D-4400-A0A8-8BC8B2CD3DAE,IFC_plastica_gevelbekleding_10mm 10,03 derde verdieping,True
0WsSA1Ed59ug0q7nnFXPve,IfcCovering,buitenblad,,,20D9C281-3A71-49E2-A034-1F1C4F859E68,IFC_plastica_gevelbekleding_10mm 10,03 derde verdieping,True
02XXlov8DEKQFyDiiYoPhg,IfcCovering,dakpan (vlak),,,02861BF2-E483-4E51-A3FC-36CB22C99AEA,IFC_dakpan_Coramic_301_leipan_vlak 50,03 derde verdieping,True
1WKfFPPXz7u9cYPIIKAbtZ,IfcCovering,dakisolatie,,,605293D9-661F-47E0-99A2-6524942A5DE3,99 Isolatie - PIR 120mm,03 derde verdieping,True
3cCcW0W6j2ABG7I6YIUg87,IfcCovering,zinkwerk,,,E6326800-806B-4228-B407-4868927AA207,04 Zink,03 derde verdieping,True
2ty$zyCYf0$xzqKTXJNBRF,IfcCovering,zinkwerk,,,B7F3FF7C-322A-40FF-BF74-51D8535CB6CF,04 Zink,03 derde verdieping,True
3XwZdWLPH69Ryy109kxzfz,IfcCovering,zinkwerk,,,E1EA39E0-5594-4625-BF3C-04026EEFDA7D,04 Zink,03 derde verdieping,True
1R66Mk6E5E4RQ3NyH$65HW,IfcCovering,zinkwerk,,,5B1865AE-18E1-4E11-B683-5FC47F185460,04 Zink,03 derde verdieping,True
2QcbYP419CMQIUe7UH$G10,IfcCovering,dakopstand,,,9A9A5899-1012-4C59-A49E-A07791FD0040,01 plaatmateriaal - platsica 10mm,03 derde verdieping,True
06sD8w3ST4duPuzpbh7oCt,IfcCovering,gootplafond,,,06D8D23A-0DC7-449F-8678-F7396B1F2337,01 plaatmateriaal - platsica 10mm 10,03 derde verdieping,True
1p8tMCSiDA9BMekyCEXxm4,IfcCovering,zinkwerk,,,7323758C-72C3-4A24-B5A8-BBC30E87BC04,04 Zink,03 derde verdieping,True
3ampq18Jf7lwcdUQsC9ELw,IfcCovering,zinkwerk,,,E4C33D01-213A-47BF-A9A7-79AD8C24E57A,04 Zink,03 derde verdieping,True
1Ng355F4jBIeAZAjT89Lch,IfcCovering,zinkwerk,,,57A83145-3C4B-4B4A-82A3-2AD7482559AB,04 Zink,03 derde verdieping,True
2aGRk9dUT3QfRDM$chQJxe,IfcCovering,zinkwerk,,,A441BB89-9DE7-436A-96CD-5BF9AB693EE8,04 Zink,03 derde verdieping,True
1_GzmlO1TBiABQxzSGZZrZ,IfcCovering,vensterbank,,,7E43DC2F-6017-4BB0-A2DA-EFD7108E3D63,IFC_Holonite_vensterbank_240x20 240 x 20,03 derde verdieping,True
2QWMMtVgr0JgWsv2DLzF7c,IfcCovering,kantafwerking,,,9A8165B7-7EAD-404E-A836-E42355F4F1E6,01 plaatmateriaal - multiplex 12,03 derde verdieping,True
00hCT13WfBF8N8FQIt$J2l,IfcCovering,kantafwerking,,,00ACC741-0E0A-4B3C-85C8-3DA4B7FD30AF,01 plaatmateriaal - multiplex 12,03 derde verdieping,True
3HuQGFOlv0Ff2CeiPm6Jvv,IfcCovering,kantafwerking,,,D1E1A40F-62FE-403E-908C-A2C670193E79,01 plaatmateriaal - multiplex 12,03 derde verdieping,True
0Z$DWPfDHFuwWkO48eGofb,IfcCovering,kantafwerking,,,23FCD819-A4D4-4FE3-A82E-604228432A65,01 plaatmateriaal - multiplex 12,03 derde verdieping,True
3IcDiqhvX1g8WQXPyLVg8h,IfcCovering,zinkwerk,,,D298DB34-AF98-41A8-881A-859F157EA22B,04 Zink,03 derde verdieping,True
0UBLnPUmbDfewlJ53v3rRJ,IfcCovering,zinkwerk,,,1E2D5C59-7B09-4DA6-8EAF-4C50F90F56D3,04 Zink,03 derde verdieping,True
3HJ_rxuUXFHABm2sh8TAiD,IfcCovering,zinkwerk,,,D14FED7B-E1E8-4F44-A2F0-0B6AC874AB0D,04 Zink,03 derde verdieping,True
33QM8YIkT8c8TWUTGk5BVl,IfcCovering,zinkwerk,,,C3696222-4AE7-4898-8760-79D42E14B7EF,04 Zink,03 derde verdieping,True
3giNVs41rBVvDbNPTLQa0z,IfcCovering,zinkwerk,,,EAB177F6-101D-4B7F-9365-5D97556A403D,04 Zink,03 derde verdieping,True
2co_J38$rAPgF0BMkaxIMo,IfcCovering,zinkwerk,,,A6CBE4C3-23FD-4A66-A3C0-2D6BA4ED25B2,04 Zink,03 derde verdieping,True
0DYlaEcPbFJutaRlGuFgbt,IfcCovering,gootplafond,,,0D8AF90E-9999-4F4F-8DE4-6EF4383EA977,01 plaatmateriaal - platsica 10mm 10,03 derde verdieping,True
2LWjDdCajEqx6y3aO2HdiR,IfcCovering,zinkwerk,,,9582D367-324B-4ED3-B1BC-0E4602467B1B,IFC_zinken_goot 433 x 165,03 derde verdieping,False
10bN0z379CJhFXHqofjUP_,IfcCovering,boeideel,,,4095703D-0C72-4C4E-B3E1-474CA9B5E67E,01 plaatmateriaal - platsica 10mm,03 derde verdieping,True
2eRxj4gIfFgu0RxCwhz81R,IfcCovering,boeideel,,,A86FBB44-A92A-4FAB-801B-ECCEABF4805B,01 plaatmateriaal - platsica 10mm,03 derde verdieping,True
1Hm6POv9fEk9TWMS0Ns4xj,IfcCovering,vensterbank,,,51C06658-E49A-4EB8-9760-59C017D84EED,IFC_Holonite_vensterbank_240x20 240 x 20,03 derde verdieping,True
0uaYCfrtnEfva0Ru0FR_MR,IfcCovering,vensterbank,,,38922329-D77C-4EA7-9900-6F800F6FE59B,IFC_Holonite_vensterbank_240x20 240 x 20,03 derde verdieping,True
30RNdh5KT3VQO2E1k1mYLD,IfcCovering,boeideel,,,C06D79EB-1547-437D-A602-381B81C2254D,01 plaatmateriaal - platsica 10mm,03 derde verdieping,True
2ZSytQhY57Axfczkpn70w7,IfcCovering,zinkwerk,,,A373CDDA-AE21-472B-BA66-F6ECF11C0E87,04 Zink,03 derde verdieping,True
02aIMWay94eB_0ewOkU2jC,IfcCovering,zinkwerk,,,029125A0-93C2-44A0-BF80-A3A62E782B4C,99 Brandwering,03 derde verdieping,True
1NzdsA9F19C9Sa97jyY$0Z,IfcCovering,boeideel,,,57F67D8A-24F0-4930-9724-247B7C8BF023,01 plaatmateriaal - platsica 10mm,03 derde verdieping,True
0rrkjr7HH6UR1XhYkSKSzD,IfcCovering,gootplafond,,,35D6EB75-1D14-4679-B061-AE2B9C51CF4D,01 plaatmateriaal - platsica 10mm 10,03 derde verdieping,True
06aJsxADj1Lgu$aZGB_IeC,IfcCovering,gootplafond,,,06913DBB-28DB-4156-AE3F-92340BF92A0C,01 plaatmateriaal - platsica 10mm 10,03 derde verdieping,True
0vGLmKskn49Azn9wjmDot0,IfcCovering,boeideel,,,39415C14-DAEC-4424-AF71-27AB70372DC0,01 plaatmateriaal - platsica 10mm,03 derde verdieping,True
1Gi3rj3CLAEOfIqg7z0A0u,IfcCovering,zinkwerk,,,50B03D6D-0CC5-4A39-8A52-D2A1FD00A038,04 Zink,03 derde verdieping,True
3ZGkzxSJn3lxyWq$0GP9a9,IfcCovering,zinkwerk,,,E342EF7B-713C-43BF-BF20-D3F010649909,04 Zink,03 derde verdieping,True
3yNt3UUvrFVuQi0ULeCXl9,IfcCovering,dak dakkapel,,,FC5F70DE-7B9D-4F7F-86AC-01E568321BC9,IFC_underlayment_dakbeschot_22mm 22,03 derde verdieping,True
0r6fpOLj98nubZrzu0liTO,IfcCovering,zinkwerk,,,351A9CD8-56D2-48C7-8963-D7DE00BEC758,04 Zink,03 derde verdieping,True
2I4SuK_bvCfBZvpoyVJP3V,IfcCovering,dak dakkapel,,,9211CE14-FA5E-4CA4-B8F9-CF2F1F4D90DF,IFC_underlayment_dakbeschot_22mm 22,03 derde verdieping,True
3jbVQG98T2EPpi1W1aqOW5,IfcCovering,zinkwerk,,,ED95F690-2487-4239-9CEC-060064D18805,04 Zink,03 derde verdieping,True
1vtw8BuLD8veq8_wmfDR52,IfcCovering,zinkwerk,,,79DFA20B-E153-48E6-8D08-FBAC2935B142,04 Zink,03 derde verdieping,True
1thLGZXUv57v2ItyjMeQXf,IfcCovering,boeideel,,,77AD5423-85EE-451F-9092-DFCB56A1A869,01 plaatmateriaal - platsica 10mm,03 derde verdieping,True
3KwtARMrX7SOZcscyIrGyC,IfcCovering,zinkwerk,,,D4EB729B-5B58-4771-88E6-DA6F12D50F0C,IFC_zinken_goot 433 x 165,03 derde verdieping,False
03pWrikv57TvJ6ZuhGktHh,IfcCovering,zinkwerk,,,03CE0D6C-BB91-4777-94C6-8F8AD0BB746B,IFC_zinken_goot 433 x 165,03 derde verdieping,False
2luRa0gbH7jxkpjjSUl3pE,IfcCovering,zinkwerk,,,AFE1B900-AA54-47B7-BBB3-B6D71EBC3CCE,IFC_zinken_goot 433 x 165,03 derde verdieping,False
1L540sTSbBmBcA50ERiYup,IfcCovering,zinkwerk,,,55144036-75C9-4BC0-B98A-14039BB22E33,IFC_zinken_goot 433 x 165,03 derde verdieping,False
0_FtwVBcH6BQrvFHbzx1Dk,IfcCovering,zinkwerk,,,3E3F7E9F-2E64-462D-AD79-3D197DEC136E,IFC_zinken_goot 433 x 165,03 derde verdieping,False
0UxNakFZTANgAC$rAiuj6F,IfcCovering,dakpan (vlak),,,1EED792E-3E37-4A5E-A28C-FF52ACE2D18F,IFC_dakpan_Coramic_301_leipan_vlak 50,03 derde verdieping,True
0xYczUi_DC$uHsMfWYC1cm,IfcCovering,dakpan (vlak),,,3B8A6F5E-B3E3-4CFF-8476-5A98223019B0,IFC_dakpan_Coramic_301_leipan_vlak 50,03 derde verdieping,True
3WouziRxH4uR2_owFdNFcu,IfcCovering,zinkwerk,,,E0CB8F6C-6FB4-44E1-B0BE-CBA3E75CF9B8,04 Zink 1,03 derde verdieping,True
2MxSh9bCP7ZBz$BGxG_ibw,IfcCovering,zinkwerk,,,96EDCAC9-94C6-478C-BF7F-2D0ED0FAC97A,04 Zink 1,03 derde verdieping,True
0eJBv34Gj84OaBxH3TWGhQ,IfcCovering,zinkwerk,,,284CBE43-110B-4811-890B-ED10DD810ADA,04 Zink 1,03 derde verdieping,True
3cZLLGdR95LRq_SGHsiSEH,IfcCovering,zinkwerk,,,E68D5550-9DB2-4555-BD3E-710476B1C391,04 Zink,03 derde verdieping,True
2ri1rsgxHE2uQ86INwq8Bk,IfcCovering,zinkwerk,,,B5B01D76-ABB4-4E0B-8688-1925FAD082EE,01 plaatmateriaal - platsica 10mm,03 derde verdieping,True
2hzhHecYH4DRxRjMrY7aDF,IfcCovering,zinkwerk,,,ABF6B468-9A24-4435-BEDB-B56D621E434F,99 Brandwering,03 derde verdieping,True
1DP8_RrxDA6OUbCzkhGBkS,IfcCovering,boeideel,,,4D648F9B-D7B3-4A19-87A5-33DBAB40BB9C,01 plaatmateriaal - platsica 10mm,03 derde verdieping,True
0iiUVi2oz1cu456pLIEBrw,IfcCovering,boeideel,,,2CB1E7EC-0B2F-419B-8105-1B355238BD7A,01 plaatmateriaal - platsica 10mm,03 derde verdieping,True
3aRTlU3d1AYfZGcnT9LcMq,IfcCovering,zinkwerk,,,E46DDBDE-0E70-4A8A-98D0-9B17495665B4,99 Brandwering,03 derde verdieping,True
0yLBPKu31D1vDx5GVfY958,IfcCovering,zinkwerk,,,3C54B654-E030-4D07-937B-1507E9889148,99 Brandwering,03 derde verdieping,True
0BKBbpiYr0OgmvCJOzCAvr,IfcCovering,zinkwerk,,,0B50B973-B22D-4062-AC39-31363D30AE75,99 Brandwering,03 derde verdieping,True
3nQzcl9yfDx8XFP1KB1Y7h,IfcCovering,zinkwerk,,,F16BD9AF-27CA-4DEC-884F-64150B0621EB,99 Brandwering,03 derde verdieping,True
3Uc9xy30X1YgbuzfSR_5VR,IfcCovering,zinkwerk,,,DE989EFC-0C08-418A-A978-F6971BF857DB,99 Brandwering,03 derde verdieping,True
0$F05rIB57RRRZiqjaqUll,IfcCovering,zinkwerk,,,3F3C0175-48B1-476D-B6E3-B34B64D1EBEF,99 Brandwering,03 derde verdieping,True
2j0Cjr2VD2Oe4TYfR2IsZN,IfcCovering,zinkwerk,,,AD00CB75-09F3-4262-811D-8A96C24B68D7,99 Brandwering,03 derde verdieping,True
1c67CzKtDF8AmzcD91WzgC,IfcCovering,zinkwerk,,,6618733D-5373-4F20-AC3D-98D24183DA8C,99 Brandwering,03 derde verdieping,True
0Cq0ejyCr8CAZ1dRbJwLxY,IfcCovering,zinkwerk,,,0CD00A2D-F0CD-4830-A8C1-9DB953E95EE2,99 Brandwering,03 derde verdieping,True
2cVWEkvT98owxXzOdVzPb9,IfcCovering,zinkwerk,,,A67E03AE-E5D2-48CB-AEE1-F589DFF59949,99 Brandwering,03 derde verdieping,True
3d2nJgMI9CjQzC$8xbRsav,IfcCovering,zinkwerk,,,E70B14EA-5922-4CB5-AF4C-FC8EE56F6939,99 Brandwering,03 derde verdieping,True
2DVXVfHh19_RWQAlCWweGf,IfcCovering,zinkwerk,,,8D7E17E9-46B0-49F9-B81A-2AF320EA8429,99 Brandwering,03 derde verdieping,True
0TkPiffgH2F9ecpR4cH2fM,IfcCovering,zinkwerk,,,1DB99B29-A6A4-423C-9A26-CDB126442A56,99 Brandwering,03 derde verdieping,True
2bveNickX1ExWAfaczL7h0,IfcCovering,zinkwerk,,,A5E685EC-9AE8-413B-B80A-A649BD547AC0,99 Brandwering,03 derde verdieping,True
1RnQ0vya9EEg9faif0k5Gi,IfcCovering,zinkwerk,,,5BC5A039-F242-4E3A-A269-92CA40B8542C,99 Brandwering,03 derde verdieping,True
3o22TI0vbCtvrgrNz6E9A5,IfcCovering,betontegels,,,F2082752-0399-4CDF-9D6A-D57F46389285,02 Beton ongewapend,03 derde verdieping,True
3BHb_mQO9DKg80Cz6u_Kts,IfcCovering,vensterbank,,,CB465FB0-6982-4D52-A200-33D1B8F94DF6,IFC_Holonite_vensterbank_220x20 220 x 20,03 derde verdieping,True
2B86HCsDbDGhE9ovePDUkY,IfcCovering,betontegels,,,8B20644C-D8D9-4D42-B389-CB9A1935EBA2,02 Beton ongewapend,03 derde verdieping,True
05bROVkHT2bgNF4mUs06Rr,IfcCovering,betontegels,,,0595B61F-B917-4296-A5CF-1307B60066F5,02 Beton ongewapend,03 derde verdieping,True
0THNH9PuLCEvFEu2A7hbcb,IfcCovering,betontegels,,,1D457449-6785-4C3B-93CE-E02287AE59A5,02 Beton ongewapend,03 derde verdieping,True
1RgA6k5QP5fet0BrCTTf3V,IfcCovering,betontegels,,,5BA8A1AE-15A6-45A6-8DC0-2F531D7690DF,02 Beton ongewapend,03 derde verdieping,True
2RQXtiw29B_QRcxLu0wRox,IfcCovering,betontegels,,,9B6A1DEC-E822-4BF9-A6E6-ED5E00E9BCBB,02 Beton ongewapend,03 derde verdieping,True
39t0QG08P7FP1c6XeRS3v0,IfcCovering,betontegels,,,C9DC0690-0086-473D-9066-1A1A1B703E40,02 Beton ongewapend,03 derde verdieping,True
2FjY3Urq17lOf$rlT6tG2h,IfcCovering,betontegels,,,8FB620DE-D740-47BD-8A7F-D6F746DD00AB,02 Beton ongewapend,03 derde verdieping,True
3k0s2gnPH0ZQJPPHVLLxb1,IfcCovering,betontegels,,,EE0360AA-C594-408D-A4D9-6517D557B941,02 Beton ongewapend,03 derde verdieping,True
0q$WK1cVn34PHzUEx1nmKO,IfcCovering,betontegels,,,34FE0501-99FC-4311-947D-78EEC1C70518,02 Beton ongewapend,03 derde verdieping,True
0YT9Ueq0H96xWlmhTRvnZ3,IfcCovering,betontegels,,,227497A8-D004-491B-B82F-C2B75BE718C3,02 Beton ongewapend,03 derde verdieping,True
1QktBndX97RQpItEIfOQaW,IfcCovering,betontegels,,,5ABB72F1-9E12-476D-ACD2-DCE4A961A920,02 Beton ongewapend,03 derde verdieping,True
1FUrcYj0f92PA33k_iZRgM,IfcCovering,betontegels,,,4F7B59A2-B40A-4909-9283-0EEFAC8DBA96,02 Beton ongewapend,03 derde verdieping,True
3j5xSeVaj0aRBDQNtVhx06,IfcCovering,betontegels,,,ED17B728-7E4B-4091-B2CD-697DDFAFB006,02 Beton ongewapend,03 derde verdieping,True
1kmR9XtDn2wePYCP63gW6A,IfcCovering,betontegels,,,6EC1B261-DCDC-42EA-8662-319183AA018A,02 Beton ongewapend,03 derde verdieping,True
2Pzo2PdEz0PReT90aB0bj1,IfcCovering,betontegels,,,99F72099-9CEF-4065-BA1D-24090B025B41,02 Beton ongewapend,03 derde verdieping,True
3QQfRd06z0mO7cU4UjlrQU,IfcCovering,betontegels,,,DA6A96E7-006F-40C1-81E6-7847ADBF569E,02 Beton ongewapend,03 derde verdieping,True
2n_EIQdrb7uPHkAVRk7Nlh,IfcCovering,betontegels,,,B1F8E49A-9F59-47E1-946E-29F6EE1D7BEB,02 Beton ongewapend,03 derde verdieping,True
25zRLsCPHBjemUZ_8XRjHc,IfcCovering,betontegels,,,85F5B576-3194-4BB6-8C1E-8FE2216ED466,02 Beton ongewapend,03 derde verdieping,True
1U4pp7dej93Q3GW4LFiaz4,IfcCovering,betontegels,,,5E133CC7-9E8B-490D-A0D0-80454FB24F44,02 Beton ongewapend,03 derde verdieping,True
1apcpi6JT0EAJrTYBr3zEQ,IfcCovering,betontegels,,,64CE6CEC-1937-4038-A4F5-7622F50FD39A,02 Beton ongewapend,03 derde verdieping,True
2QBL2MUyH5Gwd$UtGRR9kS,IfcCovering,betontegels,,,9A2D5096-7BC4-4543-A9FF-7B741B6C9B9C,02 Beton ongewapend,03 derde verdieping,True
0n8gPopvP4NA5QhJ9UsXZZ,IfcCovering,betontegels,,,3122A672-CF96-445C-A15A-AD325EDA18E3,02 Beton ongewapend,03 derde verdieping,True
1kYQDrm1n9wQiz9bYkEQia,IfcCovering,betontegels,,,6E89A375-C01C-49E9-AB3D-2658AE39AB24,02 Beton ongewapend,03 derde verdieping,True
0GMQjWbZj8b9H6eED4FIfe,IfcCovering,betontegels,,,1059AB60-963B-4894-9446-A0E3443D2A68,02 Beton ongewapend,03 derde verdieping,True
1MLARFXcr57P8bjPE$2f6P,IfcCovering,betontegels,,,5654A6CF-866D-451D-9225-B593BF0A9199,02 Beton ongewapend,03 derde verdieping,True
0iwJfacnTE4gBabkE8YOih,IfcCovering,betontegels,,,2CE93A64-9B17-4E12-A2E4-96E388898B2B,02 Beton ongewapend,03 derde verdieping,True
3UQuFU_p1CW9gyzgi1GDyq,IfcCovering,betontegels,,,DE6B83DE-FB30-4C80-9ABC-F6AB0140DF34,02 Beton ongewapend,03 derde verdieping,True
2KZwlAXZz0VQ6CI37SRcM4,IfcCovering,betontegels,,,948FABCA-863F-407D-A18C-4831DC6E6584,02 Beton ongewapend,03 derde verdieping,True
2qBQA5PKL36voBEFN$NkTp,IfcCovering,betontegels,,,B42DA285-6545-431B-9C8B-38F5FF5EE773,02 Beton ongewapend,03 derde verdieping,True
0A0p_wBZfCQhts_HNwn5bh,IfcCovering,betontegels,,,0A033FBA-2E3A-4C6A-BDF6-F915FAC4596B,02 Beton ongewapend,03 derde verdieping,True
222r0YxQv2zu5UBo1lIlYe,IfcCovering,betontegels,,,820B5022-EDAE-42F7-815E-2F206F4AF8A8,02 Beton ongewapend,03 derde verdieping,True
1Tvv24AGXDfPWtbbyXSJy8,IfcCovering,betontegels,,,5DE79084-2908-4DA5-9837-965F21713F08,02 Beton ongewapend,03 derde verdieping,True
09kERARQP7GeTPyP2$AbXQ,IfcCovering,betontegels,,,09B8E6CA-6DA6-4742-8759-F190BF2A585A,02 Beton ongewapend,03 derde verdieping,True
1iKxKHaUj5WRwwtlFZ6ySs,IfcCovering,betontegels,,,6C53B511-91EB-4581-BEBA-DEF3E31BC736,02 Beton ongewapend,03 derde verdieping,True
0ROquW1Wr0pAjIh1Kh8uPZ,IfcCovering,betontegels,,,1B634E20-060D-40CC-AB52-AC152B238663,02 Beton ongewapend,03 derde verdieping,True
0UAQF4TETFQB5ZdQnHYbMq,IfcCovering,betontegels,,,1E29A3C4-74E7-4F68-B163-9DAC518A55B4,02 Beton ongewapend,03 derde verdieping,True
0L5DWSdZPBF9gCb$CtQ5xK,IfcCovering,betontegels,,,1514D81C-9E36-4B3C-9A8C-97F337685ED4,02 Beton ongewapend,03 derde verdieping,True
0q6iVMN3XBAgcWxQl7eMHz,IfcCovering,betontegels,,,341AC7D6-5C38-4B2A-A9A0-EDABC7A1647D,02 Beton ongewapend,03 derde verdieping,True
1NGYc6Rab18w5pR6Whdcs0,IfcCovering,betontegels,,,57422986-6E49-4123-A173-6C682B9E6D80,02 Beton ongewapend,03 derde verdieping,True
1i1MdPJS9DXeXCmKe2vzmB,IfcCovering,betontegels,,,6C0569D9-4DC2-4D86-884C-C14A02E7DC0B,02 Beton ongewapend,03 derde verdieping,True
2drH0jRgT5bPUk7GSY3q4h,IfcCovering,betontegels,,,A7D5102D-6EA7-4595-97AE-1D07220F412B,02 Beton ongewapend,03 derde verdieping,True
0ykQXo8J98ZPBP3cPP__Qu,IfcCovering,betontegels,,,3CB9A872-2132-488D-92D9-0E6659FBE6B8,02 Beton ongewapend,03 derde verdieping,True
32ttZRjSr4_xv4Cgn3PFOY,IfcCovering,betontegels,,,C2DF78DB-B5CD-44FB-BE44-32AC4364F622,02 Beton ongewapend,03 derde verdieping,True
2lrFnbFfnA6BKIq0SDTlg6,IfcCovering,betontegels,,,AFD4FC65-3E9C-4A18-B512-D0070D76FA86,02 Beton ongewapend,03 derde verdieping,True
1Nti3d$H11khMc$wb05YzL,IfcCovering,betontegels,,,57DEC0E7-FD10-41BA-B5A6-FFA940162F55,02 Beton ongewapend,03 derde verdieping,True
0PAwLRy6fCWep1uxqOr2Dk,IfcCovering,betontegels,,,192BA55B-F06A-4C82-8CC1-E3BD18D4236E,02 Beton ongewapend,03 derde verdieping,True
1zV4q2M6HE5vgsz6OoZ3No,IfcCovering,betontegels,,,7D7C4D02-5864-4E17-9AB6-F466328C35F2,02 Beton ongewapend,03 derde verdieping,True
08X0ng2L12egpsZ8VZA9wm,IfcCovering,zinkwerk,,,08840C6A-0950-42A2-ACF6-8C87E3289EB0,04 Zink,03 derde verdieping,True
0sj$lCc0D4Y8n1IbHDvraD,IfcCovering,dak dakkapel,,,36B7FBCC-9803-4488-8C41-4A544DE7590D,IFC_underlayment_dakbeschot_22mm 22,03 derde verdieping,True
1bmLQ1kqHEDQHLQnafdt5A,IfcCovering,zinkwerk,,,65C15681-BB44-4E35-A455-6B19299F714A,04 Zink,03 derde verdieping,True
2PXu8_JfrAkO_qqIflsULq,IfcCovering,zinkwerk,,,9987823E-4E9D-4AB9-8FB4-D12A6FD9E574,04 Zink,03 derde verdieping,True
3hp1ogHnHEC9eB1EF4bOaz,IfcCovering,kantafwerking,,,EBCC1CAA-4714-4E30-9A0B-04E3C495893D,01 plaatmateriaal - multiplex 12,03 derde verdieping,True
0UHoHjlq907fKvrMiyD5Gz,IfcCovering,kantafwerking,,,1E47246D-BF42-401E-9539-D56B3C34543D,01 plaatmateriaal - multiplex 12,03 derde verdieping,True
1tAQUP$z94UwTQpNeJX4E8,IfcCovering,kantafwerking,,,7729A799-FFD2-447B-A75A-CD7A13844388,01 plaatmateriaal - multiplex 12,03 derde verdieping,True
1I8GdRgtDEoxj2$_ds2ndO,IfcCovering,kantafwerking,,,522109DB-AB73-4ECB-BB42-FFE9F60B19D8,01 plaatmateriaal - multiplex 12,03 derde verdieping,True
0lJ567uOr8MeD_B0FMWVVF,IfcCovering,kantafwerking,,,2F4C5187-E18D-485A-837E-2C03D681F7CF,01 plaatmateriaal - multiplex 12,03 derde verdieping,True
0hT8iB0E1A7wfEmOXSnJvc,IfcCovering,kantafwerking,,,2B748B0B-00E0-4A1F-AA4E-C1885CC53E66,01 plaatmateriaal - multiplex 12,03 derde verdieping,True
05Ymi586r3ggIG8cxB0Rf_,IfcCovering,kantafwerking,,,058B0B05-206D-43AA-A490-226ECB01BA7E,01 plaatmateriaal - multiplex 12,03 derde verdieping,True
24t9qQjNT1bfDuk21kjNTC,IfcCovering,kantafwerking,,,84DC9D1A-B577-4196-9378-B8206EB5774C,01 plaatmateriaal - multiplex 12,03 derde verdieping,True
3ZTwGn2B9BEQU_ALg3yFlg,IfcCovering,kantafwerking,,,E377A431-08B2-4B39-A7BE-295A83F0FBEA,01 plaatmateriaal - multiplex 12,03 derde verdieping,True
0I5QJhEqvDhfQkGLcddUMg,IfcCovering,kantafwerking,,,1215A4EB-3B4E-4DAE-96AE-4159A79DE5AA,01 plaatmateriaal - multiplex 12,03 derde verdieping,True
3guW3U0SD3wgl5jn2hgJEU,IfcCovering,kantafwerking,,,EAE200DE-01C3-43EA-ABC5-B710ABA9339E,01 plaatmateriaal - multiplex 12,03 derde verdieping,True
3ji3uXoaf4uha_5sq561tH,IfcCovering,kantafwerking,,,EDB03E21-CA4A-44E2-B93E-176D05181DD1,01 plaatmateriaal - multiplex 12,03 derde verdieping,True
2HZVTQfvz2_RY0R3QBsj6V,IfcCovering,kantafwerking,,,918DF75A-A79F-42F9-B880-6C368BDAD19F,01 plaatmateriaal - multiplex 12,03 derde verdieping,True
35i9FqpvT028dX6SBVtQmA,IfcCovering,kantafwerking,,,C5B093F4-CF97-4008-89E1-19C2DFDDAC0A,01 plaatmateriaal - multiplex 12,03 derde verdieping,True
334Y17iJr22BXIk291fNGo,IfcCovering,kantafwerking,,,C3122047-B13D-4208-B852-B82241A57432,01 plaatmateriaal - multiplex 12,03 derde verdieping,True
1fj0gUwAz2eAsbUPokBdb0,IfcCovering,kantafwerking,,,69B40A9E-E8AF-42A0-ADA5-799CAE2E7940,01 plaatmateriaal - multiplex 12,03 derde verdieping,True
2xAbe3h_L6bvEukL$DO6Zc,IfcCovering,plafond,,,BB2A5A03-AFE5-4697-93B8-B95FCD6068E6,01 plaatmateriaal - promatect brandwerend 15,03 derde verdieping,True
3ots05Q3fFAv5R1j_x6t5j,IfcCovering,zinkwerk,,,F2DF6005-683A-4F2B-915B-06DFBB1B716D,04 Zink,03 derde verdieping,True
0VN5m9rRvFBfCJL$w6D_zX,IfcCovering,zinkwerk,,,1F5C5C09-D5BE-4F2E-9313-57FE8637EF61,04 Zink,03 derde verdieping,True
2U4A8Ms4v0auESKMfvz85Y,IfcCovering,zinkwerk,,,9E10A216-D84E-4093-839C-516A79F48162,04 Zink,03 derde verdieping,True
2GwL61XzDCFuArXk84Ej5c,IfcCovering,wandtegelwerk,,,90E95181-87D3-4C3F-82B5-86E2043AD166,IFC_wandtegels_250x200 10,03 derde verdieping,True
05jDLn0119e8pQbPNAGZCD,IfcCovering,zinkwerk,,,05B4D571-0010-49A0-8CDA-9595CA42330D,04 Zink,03 derde verdieping,True
1$9qBsSV91vxGdJqqymNZX,IfcCovering,zinkwerk,,,7F2742F6-71F2-41E7-B427-4F4D3CC178E1,04 Zink,03 derde verdieping,True
1rrjjg8zbDu90Ocs57$MGt,IfcCovering,dakschroot,,,75D6DB6A-23D9-4DE0-9018-9B6147FD6437,01 Hout C,03 derde verdieping,True
2cY48rP9H62eHWQuna27bq,IfcCovering,zinkwerk,,,A6884235-6494-460A-8460-6B8C64087974,04 Zink,03 derde verdieping,True
1kHIecCUj4kOFyoUA1bpvA,IfcCovering,zinkwerk,,,6E452A26-31EB-44B9-83FC-C9E281973E4A,04 Zink,03 derde verdieping,True
1ck34j0sjFcR7n6p9GRnpr,IfcCovering,dakschroot,,,66B8312D-036B-4F99-B1F1-1B32506F1CF5,01 Hout C,03 derde verdieping,True
3RG4Ga7W51Jh1knSEm6Fpx,IfcCovering,gootplafond,,,DB404424-1E01-414E-B06E-C5C3B018FCFB,01 plaatmateriaal - platsica 10mm 10,03 derde verdieping,True
2wpm4alUj19feTfDE5fobp,IfcCovering,zinkwerk,,,BACF0124-BDEB-4126-9A1D-A4D385A72973,04 Zink,03 derde verdieping,True
03DVZDcd11$x3EJ5Rh8D4H,IfcCovering,wandtegelwerk,,,0335F8CD-9A70-41FF-B0CE-4C56EB20D111,IFC_wandtegels_250x200 10,03 derde verdieping,True
2Y0iHtQaX1ze$QlTxN7IFj,IfcCovering,wandtegelwerk,,,A202C477-6A48-41F6-8FDA-BDDED71D23ED,IFC_wandtegels_250x200 10,03 derde verdieping,True
0HjhYu7Kj9gQCLGWXDPX5C,IfcCovering,wandtegelwerk,,,11B6B8B8-1D4B-49A9-A315-42084D66114C,IFC_wandtegels_250x200 10,03 derde verdieping,True
3JUqnIn1LEe9tBprrH_hJ_,IfcCovering,wandtegelwerk,,,D37B4C52-C415-4EA0-9DCB-CF5D51FAB4FE,IFC_wandtegels_250x200 10,03 derde verdieping,True
1fCE3RpHvF7fv4kMTIRMt0,IfcCovering,wandtegelwerk,,,6930E0DB-CD1E-4F1E-9E44-B967526D6DC0,IFC_wandtegels_250x200 10,03 derde verdieping,True
3FnxuQphHAD8yQeRloaQi8,IfcCovering,wandtegelwerk,,,CFC7BE1A-CEB4-4A34-8F1A-A1BBF291AB08,IFC_wandtegels_250x200 10,03 derde verdieping,True
3J0KGJrZTAo9UNLfw4elZZ,IfcCovering,wandtegelwerk+,,,D3014413-D637-4AC8-9797-569E84A2F8E3,IFC_wandtegels_250x200 10,03 derde verdieping,True
35t2xHm4DBExLJ0CORgukC,IfcCovering,vloertegelwerk,,,C5DC2ED1-C043-4B3B-B553-00C61BAB8B8C,IFC_vloertegels_200x200 10,03 derde verdieping,True
2j1Fovcvz5HgXIi7FWz81X,IfcCovering,wandtegelwerk,,,AD04FCB9-9B9F-4546-A852-B073E0F48061,IFC_wandtegels_250x200 10,03 derde verdieping,True
3Q9aBeRTv5fBvpRZ$t7jPr,IfcCovering,wandtegelwerk+,,,DA2642E8-6DDE-45A4-BE73-6E3FF71ED675,IFC_wandtegels_250x200 10,03 derde verdieping,True
0GcelRyNX9BOyXRW2rtA00,IfcCovering,vloertegelwerk,,,109A8BDB-F178-492D-8F21-6E00B5DCA000,IFC_vloertegels_200x200 10,03 derde verdieping,True
1ByNMBWGbEo8knuiL7x6Ml,IfcCovering,wandtegelwerk,,,4BF1758B-8109-4EC8-8BB1-E2C547EC65AF,IFC_wandtegels_250x200 10,03 derde verdieping,True
19G_XSBNTBueynel97NaWy,IfcCovering,wandtegelwerk,,,4943E85C-2D77-4BE2-8F31-A2F2475E483C,IFC_wandtegels_250x200 10,03 derde verdieping,True
3V0PMwqR53QR$j9HKqkfvl,IfcCovering,wandtegelwerk,,,DF0195BA-D1B1-4369-BFED-251534BA9E6F,IFC_wandtegels_250x200 10,03 derde verdieping,True
0d7qTzb2vF5OX_8cOpudvE,IfcCovering,wandtegelwerk,,,271F477D-942E-4F15-887E-226633E27E4E,IFC_wandtegels_250x200 10,03 derde verdieping,True
0IGbdkW4T6A9MsGqwIYWS6,IfcCovering,dak dakkapel,,,124259EE-8047-4628-95B6-434E928A0706,IFC_underlayment_dakbeschot_22mm 22,03 derde verdieping,True
0iiILGPCn7m8zSUPKOu9Ne,IfcCovering,wandtegelwerk,,,2CB12550-64CC-47C0-8F5C-799518E095E8,IFC_wandtegels_250x200 10,03 derde verdieping,True
0GAUCrOVz34OZPcDA3MnPN,IfcCovering,wandtegelwerk,,,1029E335-61FF-4311-88D9-98D2835B1657,IFC_wandtegels_250x200 10,03 derde verdieping,True
3ZyOkZwyj6VOP__XwPGRjf,IfcCovering,wandtegelwerk,,,E3F18BA3-EBCB-467D-867E-FA1E9941BB69,IFC_wandtegels_250x200 10,03 derde verdieping,True
3SYCrkVTLBseq0W7bRCSq6,IfcCovering,vloertegelwerk,,,DC88CD6E-7DD5-4BDA-8D00-80795B31CD06,IFC_vloertegels_200x200 10,03 derde verdieping,True
2K35IpSY1ClO$FMKtOlMgx,IfcCovering,wandtegelwerk,,,940C54B3-7220-4CBD-8FCF-594DD8BD6ABB,IFC_wandtegels_250x200 10,03 derde verdieping,True
1uk7d9pNrE8BubY5THsvyO,IfcCovering,wandtegelwerk,,,78B879C9-CD7D-4E20-BE25-885751DB9F18,IFC_wandtegels_250x200 10,03 derde verdieping,True
1s_n81$JD3UhHqGcWYmFxB,IfcCovering,wandtegelwerk,,,76FB1201-FD33-437A-B474-426822C0FECB,IFC_wandtegels_250x200 10,03 derde verdieping,True
15Z5paLVTCWeFsxBI51Mb7,IfcCovering,vloertegelwerk,,,458C5CE4-55F7-4C82-83F6-ECB485056947,IFC_vloertegels_200x200 10,03 derde verdieping,True
1eXj7_MUH4IBVcBlsEW9co,IfcCovering,wandtegelwerk,,,6886D1FE-59E4-4448-B7E6-2EFD8E8099B2,IFC_wandtegels_250x200 10,03 derde verdieping,True
0mmjjgnCX52hcaIrr6r4lq,IfcCovering,wandtegelwerk,,,30C2DB6A-C4C8-450A-B9A4-4B5D46D44BF4,IFC_wandtegels_250x200 10,03 derde verdieping,True
34JNltW1P5fvHFGSejDlC2,IfcCovering,zinkwerk,,,C44D7BF7-8016-45A7-944F-41CA2D36F302,IFC_zinken_afdekker_hoogbouw_voor 598 x 48,04 dak,True
0c9IdEzTz61uKg3zrEBJVm,IfcCovering,dakopstand,,,262529CE-F5DF-4607-852A-0FDD4E2D37F0,IFC_dakopstand_hoogbouw_voor 531 x 858,04 dak,False
2age63NXnAhgoyZ4w51acp,IfcCovering,zinkwerk,,,A4AA8183-5E1C-4AAE-ACBC-8C4E850649B3,04 Zink,04 dak,True
1e$Q88BQnE7O$7835zlGIF,IfcCovering,dakopstand,,,68FDA208-2DAC-4E1D-8FC7-20317DBD048F,IFC_zinken_afdekker_lifttop 329 x 40,04 dak,True
1CPapQAlf4YQ_ggfHZhkiy,IfcCovering,dakopstand,,,4C664CDA-2AFA-4489-AFAA-AA9463AEEB3C,IFC_dakopstand_hoogbouw_achter 451 x 555,04 dak,False
0vzoXh8HfE39$x$uEJYJop,IfcCovering,dakopstand,,,39F7286B-211A-4E0C-9FFB-FF8393893CB3,IFC_dakopstand_hoogbouw_achter 451 x 555,04 dak,False
3nJZgUzE597eilBObAKJsS,IfcCovering,dakopstand,,,F14E3A9E-F4E1-491E-8B2F-2D894A513D9C,IFC_dakopstand_hoogbouw_voor 531 x 858,04 dak,False
2GynMxLJb7Ve_WEsuAUB$o,IfcCovering,dakopstand,,,90F315BB-5539-477E-8FA0-3B6E0A78BFF2,IFC_dakopstand_hoogbouw_voor 531 x 858,04 dak,False
3Y0AN$7uH9RhdeNNvTVRg$,IfcCovering,dakopstand,,,E200A5FF-1F84-496E-B9E8-5D7E5D7DBABF,IFC_dakopstand_hoogbouw_achter 451 x 555,04 dak,False
043PX6AOf83xoc4Zbos9VV,IfcCovering,dakopstand,,,040D9846-298A-480F-BCA6-123972D897DF,IFC_dakopstand_hoogbouw_voor 531 x 858,04 dak,False
0zd_iziX1AY9MZe3svKzqb,IfcCovering,zinkwerk,,,3D9FEB3D-B210-4A88-95A3-A03DB953DD25,04 Zink,04 dak,True
2mZ5fvqSj1euAdxjC9HqAB,IfcCovering,dakopstand,,,B08C5A79-D1CB-41A3-82A7-EED30947428B,IFC_dakopstand_hoogbouw_achter 451 x 555,04 dak,False
0ObAt5weD2MxClwOERiQnw,IfcCovering,dakopstand,,,1894ADC5-EA83-425B-B32F-E9839BB1AC7A,IFC_dakopstand_hoogbouw_voor 531 x 858,04 dak,False
34Be1aT1v1OvkAriYtmErY,IfcCovering,dakopstand,,,C42E8064-741E-4163-9B8A-D6C8B7C0ED62,04 Zink,04 dak,True
0DWNLFS3f90xUoIMNC0Sga,IfcCovering,dakopstand,,,0D81754F-703A-4903-B7B2-4965CC01CAA4,04 Zink,04 dak,True
1DuveohfH4WR1QYJJTIX7y,IfcCovering,dakopstand,,,4DE39A32-AE94-4481-B05A-8934DD4A11FC,01 plaatmateriaal - multiplex,04 dak,True
0JRYbvFdjFAB_tKlo5P96w,IfcCovering,dakopstand,,,136E2979-3E7B-4F28-BFB7-52FC856491BA,04 Zink,04 dak,True
3UQ33BDj906hjRSEychaoC,IfcCovering,dakopstand,,,DE6830CB-36D2-401A-BB5B-70EF26AE4C8C,01 plaatmateriaal - multiplex,04 dak,True
2bpIrXOZ92983I_HbHdZFi,IfcCovering,dakopstand,,,A5CD2D61-6232-4224-80D2-F919519E33EC,04 Zink,04 dak,True
1wykn3KDnCoudJp7QNksnd,IfcCovering,isolatie,,,7AF2EC43-50DC-4CCB-89D3-CC7697BB6C67,99 Isolatie - Glaswol 190mm,04 dak,True
18j3O$xcX2Ih_wQkZiN2od,IfcCovering,dakisolatie,,,48B4363F-EE68-424A-BFBA-6AE8EC5C2CA7,99 Isolatie - EPS,04 dak,True
1iuxXQWBPCYA7Rz0YLIxyA,IfcCovering,isolatie,,,6CE3B85A-80B6-4C88-A1DB-F408954BBF0A,99 Isolatie - Glaswol 190mm,04 dak,True
1k4Rf11O17$OYfDaxGxz3e,IfcCovering,dakopstand,,,6E11BA41-0580-47FD-88A9-364ED0EFD0E8,IFC_dakopstand_hoogbouw_achter_lift 295 x 177,04 dak,False
3pQAnFkeX04g52jtEH0Dvh,IfcCovering,zinkwerk,,,F368AC4F-BA88-4012-A142-B7739100DE6B,IFC_zinken_afdekker_hoogbouw_achter 518 x 46,04 dak,True
09SZlPVEb6r9Ec24AvLDlG,IfcCovering,zinkwerk,,,09723BD9-7CE9-46D4-93A6-0842B954DBD0,IFC_zinken_afdekker_hoogbouw_achter 518 x 46,04 dak,True
1RyDPnl4j9jw8UdQXoPg5I,IfcCovering,zinkwerk,,,5BF0D671-BC4B-49B7-A21E-9DA87266A152,IFC_zinken_afdekker_hoogbouw_voor 598 x 48,04 dak,True
0895cLYvD0efUtx54FTnZC,IfcCovering,zinkwerk,,,08245995-8B93-40A2-97B7-EC510F7718CC,IFC_zinken_afdekker_hoogbouw_voor 598 x 48,04 dak,True
2ni0avf4HBwg_b_tyPlIZ6,IfcCovering,zinkwerk,,,B1B00939-A444-4BEA-AFA5-FB7F19BD28C6,IFC_zinken_afdekker_hoogbouw_achter_lift 334 x 105,04 dak,True
18L80FXaTFqQkxAxe6gxiq,IfcCovering,zinkwerk,,,4854800F-8647-4FD1-ABBB-2BBA06ABBB34,IFC_zinken_afdekker_hoogbouw_voor 598 x 48,04 dak,True
3IB3xrPQX1QRY5aGAACbBk,IfcCovering,zinkwerk,,,D22C3EF5-65A8-4169-B885-91028A3252EE,IFC_zinken_afdekker_hoogbouw_achter 518 x 46,04 dak,True
3u190ZIbnDxO$OBXifkC69,IfcCovering,zinkwerk,,,F8049023-4A5C-4DED-8FD8-2E1B29B8C189,IFC_zinken_afdekker_hoogbouw_achter 518 x 46,04 dak,True
0xL1KS4Jn4tvNr_zsPU2DS,IfcCovering,zinkwerk,,,3B54151C-113C-44DF-95F5-FBDD9978235C,IFC_zinken_afdekker_hoogbouw_voor 598 x 48,04 dak,True
1FklLgvdf6k9P7X6p$cmMH,IfcCovering,dakopstand,,,4FBAF56A-E67A-46B8-9647-846CFF9B0591,IFC_zinken_afdekker_lifttop 329 x 40,04 dak,True
0VymRZHp9BOhjgUfrjAKzq,IfcCovering,dakopstand,,,1FF306E3-4732-4B62-BB6A-7A9D6D294F74,IFC_zinken_afdekker_lifttop 329 x 40,04 dak,True
3es57B9Kr3nxL4uBITV$0e,IfcCovering,dakopstand,,,E8D851CB-254D-43C7-B544-E0B49D7FF028,IFC_zinken_afdekker_lifttop 329 x 40,04 dak,True
0p7yfDe0j4WvQUwDkYbs7$,IfcCovering,betontegels,,,331FCA4D-A00B-4483-969E-E8DBA29761FF,02 Beton ongewapend,04 dak,True
1qusSXTC18mfE4QjdMbQ63,IfcCovering,betontegels,,,74E36721-74C0-48C2-9384-6AD9D695A183,02 Beton ongewapend,04 dak,True
3TFL0Ju9LDQgSJxobHl3$w,IfcCovering,betontegels,,,DD3D5013-E095-4D6A-A713-EF2951BC3FFA,02 Beton ongewapend,04 dak,True
1OZC_D4lr2vvtv4Uzv1h7y,IfcCovering,betontegels,,,588CCF8D-12FD-42E7-9DF9-11EF7906B1FC,02 Beton ongewapend,04 dak,True
1gtT69JG5By9F_0sy4FLYd,IfcCovering,betontegels,,,6ADDD189-4D01-4BF0-93FE-036F043D58A7,02 Beton ongewapend,04 dak,True
3Jf9ZsOdX4lxvB4vA5QFsX,IfcCovering,betontegels,,,D3A498F6-6278-44BF-BE4B-13928568FDA1,02 Beton ongewapend,04 dak,True
2LsC2SPxT4E9ldwfzBGB1q,IfcCovering,betontegels,,,95D8C09C-67B7-4438-9BE7-EA9F4B40B074,02 Beton ongewapend,04 dak,True
1IkmLh_3f0kQF_dY3ZnoJP,IfcCovering,betontegels,,,52BB056B-F83A-40B9-A3FE-9E20E3C724D9,02 Beton ongewapend,04 dak,True
3XIUgXVbnFKQSYryskQU5E,IfcCovering,betontegels,,,E149EAA1-7E5C-4F51-A722-D7CDAE69E14E,02 Beton ongewapend,04 dak,True
170g0N6ubFUhSWd3VkbHb9,IfcCovering,betontegels,,,4702A017-1B89-4F7A-B720-9C37EE951949,02 Beton ongewapend,04 dak,True
3z_Eg_Hdb58RDXlM4R631N,IfcCovering,betontegels,,,FDF8EABE-4679-4521-B361-BD611B183057,02 Beton ongewapend,04 dak,True
0THMhnC3bCkOfmEg9TgXOt,IfcCovering,betontegels,,,1D456AF1-3039-4CB9-8A70-3AA25DAA1637,02 Beton ongewapend,04 dak,True
2zOanEmO58$eeXsC8DOirU,IfcCovering,betontegels,,,BD624C4E-C181-48FE-8A21-D8C20D62CD5E,02 Beton ongewapend,04 dak,True
3EX2aqVhHFQwjjx_PJrXeE,IfcCovering,betontegels,,,CE842934-7EB4-4F6B-AB6D-EFE653D61A0E,02 Beton ongewapend,04 dak,True
08lH9za3P9jecQyNaF4KGb,IfcCovering,betontegels,,,08BD127D-9036-49B6-899A-F1790F114425,02 Beton ongewapend,04 dak,True
3ynDn1ea13$gIzSQ2enRMY,IfcCovering,betontegels,,,FCC4DC41-A240-43FE-A4BD-71A0A8C5B5A2,02 Beton ongewapend,04 dak,True
1QoB6_SpnFPBXRtOPdV9N$,IfcCovering,betontegels,,,5AC8B1BE-733C-4F64-B85B-DD86677C95FF,02 Beton ongewapend,04 dak,True
0p27RiiT19xelAQrqqsftR,IfcCovering,betontegels,,,330876EC-B1D0-49EE-8BCA-6B5D34DA9DDB,02 Beton ongewapend,04 dak,True
28V12FgnD0s9CjoP4l2wQI,IfcCovering,betontegels,,,887C108F-AB13-40D8-932D-C9912F0BA692,02 Beton ongewapend,04 dak,True
1ZtDJBmdr5bR_I261dN0q3,IfcCovering,betontegels,,,63DCD4CB-C27D-4595-BF92-0860675C0D03,02 Beton ongewapend,04 dak,True
3DzOvd0HbA$xhmjmtoOwt7,IfcCovering,betontegels,,,CDF58E67-0119-4AFF-BAF0-B70DF263ADC7,02 Beton ongewapend,04 dak,True
0CcWdkFKHBKAnqgxPTFe1U,IfcCovering,betontegels,,,0C9A09EE-3D44-4B50-AC74-ABB65D3E805E,02 Beton ongewapend,04 dak,True
28RZKVZWPCs9FnstAi4TbZ,IfcCovering,betontegels,,,886E351F-8E06-4CD8-93F1-DB72AC11D963,02 Beton ongewapend,04 dak,True
2wb7gprT9F5AXyrytG14BN,IfcCovering,betontegels,,,BA947AB3-D5D2-4F14-A87C-D7CDD00442D7,02 Beton ongewapend,04 dak,True
1qx_n$ZfL1NP$VgI75FPBB,IfcCovering,betontegels,,,74EFEC7F-8E95-415D-9FDF-A921C53D92CB,02 Beton ongewapend,04 dak,True
1sooJhQxfAH8FBfF6x64qL,IfcCovering,betontegels,,,76CB24EB-6BBA-4A44-83CB-A4F1BB184D15,02 Beton ongewapend,04 dak,True
2A1BJf2192yfFByyaN8$zi,IfcCovering,betontegels,,,8A04B4E9-0812-42F2-93CB-F3C91723FF6C,02 Beton ongewapend,04 dak,True
330IW2iyz448LF_Uelo693,IfcCovering,betontegels,,,C3012802-B3CF-4410-854F-F9EA2FC86243,02 Beton ongewapend,04 dak,True
34PiJxCXD6$vk7dbQ8JotD,IfcCovering,betontegels,,,C466C4FB-3213-46FF-9B87-9E56884F2DCD,02 Beton ongewapend,04 dak,True
2O_w7ukLn5D8wLx4QHtZfP,IfcCovering,betontegels,,,98FBA1F8-B95C-4534-8E95-EC4691DE3A59,02 Beton ongewapend,04 dak,True
3NcYOxRB595vydyrjPB9FM,IfcCovering,betontegels,,,D79A263B-6CB1-4917-9F27-F35B592C93D6,02 Beton ongewapend,04 dak,True
1NrKB6rJ18yPmGKViHyJE1,IfcCovering,betontegels,,,57D542C6-D530-48F1-9C10-51FB11F13381,02 Beton ongewapend,04 dak,True
077PbBhFjAePwaM3D6gylm,IfcCovering,betontegels,,,071D994B-ACFB-4AA1-9EA4-583346ABCBF0,02 Beton ongewapend,04 dak,True
1j_7xtyYjAo9$IXsPAr5VM,IfcCovering,betontegels,,,6DF87EF7-F22B-4AC8-9FD2-87664AD457D6,02 Beton ongewapend,04 dak,True
3LAcMlpf50iBKOKVQ6qJxc,IfcCovering,betontegels,,,D52A65AF-CE91-40B0-B518-51F686D13EE6,02 Beton ongewapend,04 dak,True
05bqiJpWD8P8C1EPv_SevE,IfcCovering,betontegels,,,05974B13-CE03-4864-8301-399E7E728E4E,02 Beton ongewapend,04 dak,True
29OJ0hucX5Cge9CeGAK1d1,IfcCovering,betontegels,,,8961302B-E268-4532-AA09-32840A5019C1,02 Beton ongewapend,04 dak,True
007EdO4Ev0s9IbUJ5Vdm13,IfcCovering,betontegels,,,001CE9D8-10EE-40D8-94A5-79315F9F0043,02 Beton ongewapend,04 dak,True
2nFvwkQmD7wxHttzw6lCuB,IfcCovering,betontegels,,,B13F9EAE-6B03-47EB-B477-DFDE86BCCE0B,02 Beton ongewapend,04 dak,True
2_qkz45TD94g2BUobZq4zQ,IfcCovering,betontegels,,,BED2EF44-15D3-4912-A08B-7B2963D04F5A,02 Beton ongewapend,04 dak,True
2ktMa9IwL59PXif$PjNqSu,IfcCovering,betontegels,,,AEDD6909-4BA5-4525-986C-A7F66D5F4738,02 Beton ongewapend,04 dak,True
21fjc2SQT5P9NHPwYW4dxU,IfcCovering,betontegels,,,81A6D982-71A7-4564-95D1-67A8A0127EDE,02 Beton ongewapend,04 dak,True
0q7mXX_PvEOg5k2NDcPggi,IfcCovering,betontegels,,,341F0861-F99E-4E62-A16E-09736666AAAC,02 Beton ongewapend,04 dak,True
2Y8OFCZi990u1q8JZhA7Nm,IfcCovering,betontegels,,,A22183CC-8EC2-4903-8074-2138EB2875F0,02 Beton ongewapend,04 dak,True
1StlI_4Zj2tgKZ_VnndMra,IfcCovering,betontegels,,,5CDEF4BE-123B-42DE-A523-F9FC719D6D64,02 Beton ongewapend,04 dak,True
3N7WsQQaXFIAp2oGPhpOUE,IfcCovering,betontegels,,,D71E0D9A-6A48-4F48-ACC2-C9066BCD878E,02 Beton ongewapend,04 dak,True
2jeVzwCWPCE8F_SnAwlNEj,IfcCovering,betontegels,,,ADA1FF7A-3206-4C38-83FE-7312BABD73AD,02 Beton ongewapend,04 dak,True
3AuWbUKFXCyfDFR1jmC$if,IfcCovering,betontegels,,,CAE2095E-50F8-4CF2-934F-6C1B7033FB29,02 Beton ongewapend,04 dak,True
0G1qG9WQT019FbQGRbcM_O,IfcCovering,betontegels,,,10074409-81A7-4004-93E5-6906E5996F98,02 Beton ongewapend,04 dak,True
0j63Qbjar0XvxIeCyvLIaA,IfcCovering,betontegels,,,2D1836A5-B64D-4087-9ED2-A0CF3955290A,02 Beton ongewapend,04 dak,True
0ulaH__F57I8bf1xXuALEc,IfcCovering,betontegels,,,38BE447E-F8F1-4748-8969-07B8782953A6,02 Beton ongewapend,04 dak,True
3YMQjAo6T4sxpIeXuXsy3J,IfcCovering,betontegels,,,E259AB4A-C867-44DB-BCD2-A21E21DBC0D3,02 Beton ongewapend,04 dak,True
2CjrbRdivBKwflG89qjawB,IfcCovering,betontegels,,,8CB7595B-9ECE-4B53-AA6F-408274B64E8B,02 Beton ongewapend,04 dak,True
1mua6_dEP2df$a0h$IPIVR,IfcCovering,betontegels,,,70E241BE-9CE6-429E-9FE4-02BFD26527DB,02 Beton ongewapend,04 dak,True
2zcmw5pdXD4wv6P3Mq8Q2i,IfcCovering,betontegels,,,BD9B0E85-CE78-4D13-AE46-6435B421A0AC,02 Beton ongewapend,04 dak,True
1d7CbVz1vF2fOv5MGQRRf0,IfcCovering,betontegels,,,671CC95F-F41E-4F0A-9639-15641A6DBA40,02 Beton ongewapend,04 dak,True
13UN2k$BH20A6yaOiM5MWg,IfcCovering,betontegels,,,437970AE-FCB4-4200-A1BC-918B1615682A,02 Beton ongewapend,04 dak,True
3aDkGincHBpBzd7zTFwySJ,IfcCovering,betontegels,,,E436E42C-C664-4BCC-BF67-1FD74FEBC713,02 Beton ongewapend,04 dak,True
29eJj7o$f07P2jkTGBDnsC,IfcCovering,betontegels,,,89A13B47-CBFA-401D-90AD-B9D40B371D8C,02 Beton ongewapend,04 dak,True
1GprA7Hw5B_9BR1J5CstVW,IfcCovering,betontegels,,,50CF5287-47A1-4BF8-92DB-05314CDB77E0,02 Beton ongewapend,04 dak,True
29Up$J8TnE4g2LrFM6GCkb,IfcCovering,betontegels,,,897B3FD3-21DC-4E12-A095-D4F58640CBA5,02 Beton ongewapend,04 dak,True
0_yYR1DCD7KB6hh9c_6O5h,IfcCovering,betontegels,,,3EF226C1-34C3-4750-B1AB-AC99BE19816B,02 Beton ongewapend,04 dak,True
2rmEATycj2nOrsXJptlFWG,IfcCovering,betontegels,,,B5C0E29D-F26B-42C5-8D76-853CF7BCF810,02 Beton ongewapend,04 dak,True
0vth7pyXzF5vcuU7jodliw,IfcCovering,betontegels,,,39DEB1F3-F21F-4F17-99B8-787B729EFB3A,02 Beton ongewapend,04 dak,True
02E$ptvW50Nxxtamik$2wC,IfcCovering,betontegels,,,023BFCF7-E601-405F-BEF7-930B2EFC2E8C,02 Beton ongewapend,04 dak,True
0ijD7GP8j2Swp7ktN9m7qN,IfcCovering,betontegels,,,2CB4D1D0-648B-4273-ACC7-BB75C9C07D17,02 Beton ongewapend,04 dak,True
37NYNRiC58BPTi3UGx1Lg0,IfcCovering,betontegels,,,C75E25DB-B0C1-482D-976C-0DE43B055A80,02 Beton ongewapend,04 dak,True
2RF67F7YTCuvezQOCzGPFd,IfcCovering,betontegels,,,9B3C61CF-1E27-4CE3-9A3D-69833D4193E7,02 Beton ongewapend,04 dak,True
0Qs8fwiLD97v5f_np7NiOW,IfcCovering,betontegels,,,1AD88A7A-B153-491F-9169-FB1CC75EC620,02 Beton ongewapend,04 dak,True
25QZ2M2dz0hfHDxRPzINWG,IfcCovering,betontegels,,,856A3096-0A7F-40AE-944D-EDB67D497810,02 Beton ongewapend,04 dak,True
0h_kYyh7j2v98ZEQdGS4F3,IfcCovering,betontegels,,,2BFAE8BC-AC7B-42E4-9223-39A9D07043C3,02 Beton ongewapend,04 dak,True
05GQypXcLAuRfcmTq9pxIN,IfcCovering,betontegels,,,0541AF33-8665-4AE1-BA66-C1DD09CFB497,02 Beton ongewapend,04 dak,True
3wXjoQfTzCRAsUokqpsK6l,IfcCovering,betontegels,,,FA86DC9A-A5DF-4C6C-AD9E-CAED33D941AF,02 Beton ongewapend,04 dak,True
3aiTjMbnDDgAkKAn3fj5FC,IfcCovering,betontegels,,,E4B1DB56-9713-4DA8-AB94-2B10E9B453CC,02 Beton ongewapend,04 dak,True
2iMmm86cTBPhnYAVtZZhqc,IfcCovering,betontegels,,,AC5B0C08-1A67-4B66-BC62-29FDE38EBD26,02 Beton ongewapend,04 dak,True
0LTn_tGMzElwpmIICs0ZBj,IfcCovering,betontegels,,,15771FB7-416F-4EBF-ACF0-4923360232ED,02 Beton ongewapend,04 dak,True
0wjyNCK495J8Nv1vs$NO0q,IfcCovering,betontegels,,,3AB7C5CC-5042-454C-85F9-079DBF5D8034,02 Beton ongewapend,04 dak,True
2tNLEu$zP6Bu8NPKlg7Az$,IfcCovering,betontegels,,,B75D53B8-FFD6-462F-8217-654BEA1CAF7F,02 Beton ongewapend,04 dak,True
15Sq6P$yfEfgjt$MD79rLw,IfcCovering,betontegels,,,45734199-FFCA-4EA6-AB77-FD634727557A,02 Beton ongewapend,04 dak,True
1f1zrYEsD1RQz71I4YQ3VD,IfcCovering,betontegels,,,6907DD62-3B63-416D-AF47-0521226837CD,02 Beton ongewapend,04 dak,True
3K3E0bxsHD_hoBrmHufvK0,IfcCovering,betontegels,,,D40CE025-EF64-4DFA-BC8B-D70478A79500,02 Beton ongewapend,04 dak,True
1J3SOINGPCXxYv_m_sbcg2,IfcCovering,betontegels,,,530DC612-5D06-4C87-B8B9-FB0FB6966A82,02 Beton ongewapend,04 dak,True
0hP2Gt1o9An8XJnv4OGngC,IfcCovering,betontegels,,,2B642437-0722-4AC4-8853-C79118431A8C,02 Beton ongewapend,04 dak,True
22g9e9_FHFeRG_xGNPD4LK,IfcCovering,betontegels,,,82A89A09-F8F4-4FA1-B43E-ED05D9344554,02 Beton ongewapend,04 dak,True
1lJrmoPCfFevVvyk$w5$Q9,IfcCovering,betontegels,,,6F4F5C32-64CA-4FA3-97F9-F2EFFA17F689,02 Beton ongewapend,04 dak,True
21eMQS5KD4DuU0PNZNweER,IfcCovering,betontegels,,,81A1669C-1543-4437-8780-6578D7EA839B,02 Beton ongewapend,04 dak,True
21Zwif4XXB3RzOTp8nhzRs,IfcCovering,betontegels,,,818FAB29-1218-4B0D-BF58-773231AFD6F6,02 Beton ongewapend,04 dak,True
2XrGzKCU50vuIMEsCbcEnt,IfcCovering,betontegels,,,A1D50F54-31E1-40E7-8496-3B632598EC77,02 Beton ongewapend,04 dak,True
2_UAY21$LEZ9NMCZTKd3rC,IfcCovering,betontegels,,,BE78A882-07F5-4E8C-95D6-3237549C3D4C,02 Beton ongewapend,04 dak,True
2RTW9dTi1CmvE8oX9Nvtlb,IfcCovering,betontegels,,,9B760267-76C0-4CC3-9388-CA1257E77BE5,02 Beton ongewapend,04 dak,True
2r2EjwTZjDbh2MQkvRMusV,IfcCovering,betontegels,,,B508EB7A-763B-4D96-B096-6AEE5B5B8D9F,02 Beton ongewapend,04 dak,True
29ENgAa$j4mwOc7oW10OMr,IfcCovering,betontegels,,,89397A8A-93FB-44C3-A626-1F28010185B5,02 Beton ongewapend,04 dak,True
2zLhZWWK5DdukuKzMVGInd,IfcCovering,betontegels,,,BD56B8E0-8141-4D9F-8BB8-53D59F412C67,02 Beton ongewapend,04 dak,True
0IXh5kQxf1wgYV86fUU143,IfcCovering,betontegels,,,1286B16E-6BBA-41EA-A89F-206A5E781103,02 Beton ongewapend,04 dak,True
06WKt96oH0A9FdTRJhrbwI,IfcCovering,betontegels,,,06814DC9-1B24-4028-93E7-75B4EBD65E92,02 Beton ongewapend,04 dak,True
3FmvEdU4fCBBeQfYs_1atB,IfcCovering,betontegels,,,CFC393A7-784A-4C2C-BA1A-A62DBE064DCB,02 Beton ongewapend,04 dak,True
2v$O$1Pp57o8xRLvBrxiMd,IfcCovering,betontegels,,,B9FD8FC1-6731-47C8-8EDB-5792F5EEC5A7,02 Beton ongewapend,04 dak,True
385Jmpo3D4IA4h_yCC3Suf,IfcCovering,betontegels,,,C8153C33-C833-4448-A12B-FBC30C0DCE29,02 Beton ongewapend,04 dak,True
2SxMEU$5bF_OVLH6sPEGa9,IfcCovering,betontegels,,,9CED639E-FC59-4FF9-87D5-446D99390909,02 Beton ongewapend,04 dak,True
2VVb023W54Hf$jiGlOW8WA,IfcCovering,betontegels,,,9F7E5002-0E01-4446-9FED-B10BD880880A,02 Beton ongewapend,04 dak,True
3aDx8aCVL5KRDxtxINPvzX,IfcCovering,betontegels,,,E437B224-31F5-4551-B37B-DFB497679F61,02 Beton ongewapend,04 dak,True
0nmcPmz716yhfDcg8VlpyJ,IfcCovering,betontegels,,,31C26670-F470-46F2-BA4D-9AA21FBF3F13,02 Beton ongewapend,04 dak,True
2t_Zbz36T31eqbCcVxkhsp,IfcCovering,betontegels,,,B7FA397D-0C67-4306-8D25-3267FBBABDB3,02 Beton ongewapend,04 dak,True
3Cjnj19jD1EvUuWNJvdBKY,IfcCovering,betontegels,,,CCB71B41-26D3-413B-97B8-8174F99CB522,02 Beton ongewapend,04 dak,True
3GxidcjM56meiP7yXKT5IW,IfcCovering,betontegels,,,D0EEC9E6-B561-46C2-8B19-1FC8547454A0,02 Beton ongewapend,04 dak,True
14JbhrU61Fkxc5OFUcYIgy,IfcCovering,betontegels,,,444E5AF5-7860-4FBB-B985-60F7A6892ABC,02 Beton ongewapend,04 dak,True
0nefdpq9569wDrmnlXr03n,IfcCovering,betontegels,,,31A299F3-D091-4627-A375-C31BE1D400F1,02 Beton ongewapend,04 dak,True
1oOcBJ7EH2WfCV4Gyh_DFk,IfcCovering,betontegels,,,726262D3-1CE4-4282-931F-110F2BF8D3EE,02 Beton ongewapend,04 dak,True
0L5r1zQ5z0981wfV9gzQ7N,IfcCovering,betontegels,,,1517507D-685F-4024-807A-A5F26AF5A1D7,02 Beton ongewapend,04 dak,True
33qrjPuXz4$vwsI2dIFFIk,IfcCovering,betontegels,,,C3D35B59-E21F-44FF-9EB6-4829D23CF4AE,02 Beton ongewapend,04 dak,True
19YV6A6J50ee1dHLkiEyOi,IfcCovering,betontegels,,,4989F18A-1931-40A2-8067-455BAC3BC62C,02 Beton ongewapend,04 dak,True
3YiHA19E56RQRyXOSzU0_C,IfcCovering,betontegels,,,E2B11281-24E1-466D-A6FC-85873D780F8C,02 Beton ongewapend,04 dak,True
1zjpZvT0nArhoPk4sPEn4R,IfcCovering,betontegels,,,7DB738F9-740C-4AD6-BC99-B84D993B111B,02 Beton ongewapend,04 dak,True
25oEkXx7T0Ovcl7ykheyU8,IfcCovering,betontegels,,,85C8EBA1-EC77-4063-99AF-1FCBABA3C788,02 Beton ongewapend,04 dak,True
28iLbtzzb9T9lE6oiN0LsQ,IfcCovering,betontegels,,,88B15977-F7D9-4974-9BCE-1B2B17015D9A,02 Beton ongewapend,04 dak,True
2VeiKOLNH2lgfRcYo1__zt,IfcCovering,betontegels,,,9FA2C518-5574-42BE-AA5B-9A2C81FBEF77,02 Beton ongewapend,04 dak,True
14Z2fixR1A2B1wTsMhRvew,IfcCovering,betontegels,,,448C2A6C-EDB0-4A08-B07A-7765AB6F9A3A,02 Beton ongewapend,04 dak,True
3PrMOenHL4xfR0aG_iBv2k,IfcCovering,betontegels,,,D9D56628-C515-44EE-96C0-910FAC2F90AE,02 Beton ongewapend,04 dak,True
1hZRfsL$17jQHTJno$1uJR,IfcCovering,betontegels,,,6B8DBA76-57F0-47B5-A45D-4F1CBF0784DB,02 Beton ongewapend,04 dak,True
3D9SVbrQf1DwPsm4JIZULQ,IfcCovering,betontegels,,,CD25C7E5-D5AA-4137-A676-C044D28DE55A,02 Beton ongewapend,04 dak,True
3dJd5ylvfFBQiuyLDP2ZrF,IfcCovering,betontegels,,,E74E717C-BF9A-4F2D-AB38-F153590A3D4F,02 Beton ongewapend,04 dak,True
3nXm2iQaP1LwQoGtNqWtXz,IfcCovering,betontegels,,,F18700AC-6A46-4157-A6B2-4375F483787D,02 Beton ongewapend,04 dak,True
3yjlObltnCpO3ehdiY7mcZ,IfcCovering,betontegels,,,FCB6F625-BF7C-4CCD-80E8-AE7B221F09A3,02 Beton ongewapend,04 dak,True
2IW6IWMcn9p9GSb$1bcM9y,IfcDoor,stelkozijn,,,928064A0-5A6C-49CC-941C-97F06599627C,01 plaatmateriaal - multiplex,00 begane grond,True
1xjGgwmzP23uthLfXurB67,IfcDoor,merk A,,,7BB50ABA-C3D6-420F-8DEB-569878D4B187,D1R 18,00 begane grond,True
39Lqndo0HD0PPTIv$0QRef,IfcDoor,stelkozijn,,,C9574C67-C804-4D01-965D-4B9FC069BA29,01 plaatmateriaal - multiplex,00 begane grond,True
1aJ$Qkat1AFgC0aRnCKwoP,IfcDoor,stelkozijn,,,644FF6AE-9370-4A3E-A300-91BC4C53AC99,01 Hout - stelkozijn,00 begane grond,True
2Vb0PGtxLAoxa0tjC07GCC,IfcDoor,stelkozijn,,,9F940650-DFB5-4ACB-B900-DED3001D030C,01 plaatmateriaal - multiplex,00 begane grond,True
31JhVzvWf3EhVtVaBbU7f1,IfcDoor,stelkozijn,,,C14EB7FD-E60A-433A-B7F7-7E42E5787A41,01 Hout - stelkozijn,00 begane grond,True
3KMMm8oqPDGRsQcfPPC6kS,IfcDoor,stelkozijn,,,D4596C08-CB46-4D41-BD9A-9A9659306B9C,01 Hout - stelkozijn,00 begane grond,True
2DaLEnOpD71xPKiE7SoDTP,IfcDoor,merk F-R,,,8D9153B1-6333-4707-B654-B0E1DCC8D759,D2R 18,00 begane grond,True
3J3WcMT$r8Zhg8fsSyC9$A,IfcDoor,stelkozijn,,,D30E0996-77FD-488E-BA88-A7673C309FCA,01 Hout - stelkozijn,00 begane grond,True
0$bCLIu6XFZvKNAS5U2$M5,IfcDoor,stelkozijn,,,3F94C552-E068-4F8F-9517-29C15E0BF585,01 Hout - stelkozijn,00 begane grond,True
2ANGxgZInBiOwD5Faih5nH,IfcDoor,stelkozijn,,,8A5D0EEA-8D2C-4BB1-8E8D-14F92CAC5C51,01 Hout - stelkozijn,00 begane grond,True
2qunupXbPCmxdwcf_gKob5,IfcDoor,stelkozijn,,,B4E31E33-8656-4CC3-B9FA-9A9FAA532945,01 Hout - stelkozijn,00 begane grond,True
1ktZHnXqP81AONft3VUKlo,IfcDoor,merk F-R,,,6EDE3471-8746-4804-A617-A770DF794BF2,D2R 18,00 begane grond,True
3ztvEc4nv0AQG9DRef3G4g,IfcDoor,stelkozijn,,,FDDF93A6-131E-4029-A409-35BA290D012A,01 Hout - stelkozijn,00 begane grond,True
1s39gsbh161QnI10muM$N9,IfcDoor,stelkozijn,,,760C9AB6-96B0-4605-AC52-040C385BF5C9,01 Hout - stelkozijn,00 begane grond,True
2lIYJtavL8Qgz5F0uXNHL_,IfcDoor,stelkozijn,,,AF4A24F7-9395-486A-AF45-3C0E215D157E,01 Hout - stelkozijn,00 begane grond,True
0O3slHyAT0WgNB1xnKYnaE,IfcDoor,stelkozijn,,,180F6BD1-F0A7-4082-A5CB-07BC548B190E,01 Hout - stelkozijn,00 begane grond,True
0ZNb2THTz00eu1RAEsgAJm,IfcDoor,stelkozijn,,,235E509D-45DF-4002-8E01-6CA3B6A8A4F0,01 Hout - stelkozijn,00 begane grond,True
3IAsrlzln2x9CGCwGk5aBc,IfcDoor,stelkozijn,,,D22B6D6F-F6FC-42EC-9310-33A42E1642E6,01 Hout - stelkozijn,00 begane grond,True
0ci9nEgpD5hOOJ58LmeO5E,IfcDoor,stelkozijn,,,26B09C4E-AB33-45AD-8613-148570A1814E,01 Hout - stelkozijn,00 begane grond,True
2WU8Fxger4FOI4ySi472UL,IfcDoor,stelkozijn,,,A07883FB-AA8D-443D-8484-F1CB041C2795,01 Hout - stelkozijn,00 begane grond,True
2$o2jRMbz4Ug6JAhiXdSr5,IfcDoor,stelkozijn,,,BFC82B5B-5A5F-447A-A193-2ABB219DCD45,01 Hout - stelkozijn,00 begane grond,True
2O5ano1e1EJeQxf8IVwahY,IfcDoor,stelkozijn,,,98164C72-0680-4E4E-86BB-A4849FEA4AE2,01 Hout - stelkozijn,00 begane grond,True
0B9KdcSuf3jh8POLbkPzQ4,IfcDoor,stelkozijn,,,0B2549E6-738A-43B6-B219-61596E67D684,01 Hout - stelkozijn,00 begane grond,True
0B9hE_gGb05uoY$Fs9k827,IfcDoor,stelkozijn,,,0B26B3BE-A909-4017-8CA2-FCFD89B88087,01 plaatmateriaal - multiplex,00 begane grond,True
0YHiCuhWH8Qh_HTW9vOiHy,IfcDoor,stelkozijn,,,2246C338-AE04-486A-BF91-76027962C47C,01 Hout - stelkozijn,00 begane grond,True
1h4sXeQ3fCCQTfDg40kePC,IfcDoor,stelkozijn,,,6B136868-683A-4C31-A769-36A100BA864C,01 Hout - stelkozijn,00 begane grond,True
2KQzcnl4P108p1xYLp2BcG,IfcDoor,merk A2sp,,,946BD9B1-BC46-4100-8CC1-EE257308B990,D1R 18,00 begane grond,True
1btohEUvb9RxFSreiwC9NA,IfcDoor,merk A2,,,65DF2ACE-7B99-496F-B3DC-D68B3A3095CA,D1R 18,00 begane grond,True
1dnueTAkL0h8RlVLQtwd3w,IfcDoor,merk A1sp,,,67C78A1D-2AE5-40AC-86EF-7D56B7EA70FA,D1R 18,00 begane grond,True
28KVDgny54GgQmudzivmSF,IfcDoor,stelkozijn,,,8851F36A-C7C1-4442-A6B0-E27F6CE7070F,01 Hout - stelkozijn,00 begane grond,True
1oUU4liMH32hV5EvVPxQjH,IfcDoor,stelkozijn,,,7279E12F-B164-430A-B7C5-3B97D9EDAB51,01 plaatmateriaal - multiplex,00 begane grond,True
0X248I49P2ruJd$STte42p,IfcDoor,stelkozijn,,,21084212-1096-42D7-84E7-FDC777A040B3,01 Hout - stelkozijn,00 begane grond,True
2lRzoejMfDL9Jj8LLmEFKf,IfcDoor,stelkozijn,,,AF6FDCA8-B56A-4D54-94ED-21557038F529,01 plaatmateriaal - multiplex,00 begane grond,True
1jm08JDI1AxPr7MMlr69d8,IfcDoor,merk E3-R,,,6DC00213-3520-4AED-9D47-596BF51899C8,D2R 2zl 18,00 begane grond,True
2VhjvgnFDDXBW8fTsJGXX_,IfcDoor,stelkozijn,,,9FAEDE6A-C4F3-4D84-B808-A5DD9342187E,01 Hout - stelkozijn,00 begane grond,True
0zCkMWkdv5GfPfhUIwPa9J,IfcDoor,stelkozijn,,,3D32E5A0-BA7E-4542-9669-ADE4BA664253,01 plaatmateriaal - multiplex,00 begane grond,True
0FjOoBbcP2FxJiAEY$_Ky$,IfcDoor,stelkozijn,,,0FB58C8B-9666-423F-B4EC-28E8BFF94F3F,01 Hout - stelkozijn,00 begane grond,True
1N$Oi2JN18FvfRlqLXpxqx,IfcDoor,stelkozijn,,,57FD8B02-4D70-483F-9A5B-BF4561CFBD3B,01 Hout - stelkozijn,00 begane grond,True
1k3S_FTjr5YgVNsOxgXfqg,IfcDoor,merk F-R,,,6E0DCF8F-76DD-458A-A7D7-D98EEA869D2A,D2R 18,00 begane grond,True
2hVrKM8Vv2Xxs7m9ITda8L,IfcDoor,merk F-R,,,AB7F5516-21FE-4287-BD87-C0949D9E4215,D2R 18,00 begane grond,True
0yy1u9ooTD5vShTp5wGvUE,IfcDoor,D6L,,,3CF01E09-CB27-4D17-972B-77317A43978E,32_KD_berkvens_BA,00 begane grond,True
3YCmX8dc506hVi08zLmpbh,IfcDoor,liftdeur,,,E2330848-9E61-401A-B7EC-008F55C3396B,60 RVS,00 begane grond,True
1V8Tq0OFj91OWiIb7OgssW,IfcDoor,liftdeur,,,5F21DD00-60FB-4905-882C-4A51D8AB6DA0,60 RVS,00 begane grond,True
2qQEfBo11B5RTiiCq7k79L,IfcDoor,liftdeur,,,B468EA4B-C810-4B15-B76C-B0CD07B87255,60 RVS,00 begane grond,True
1uxuNhGl5C28Agr6eD5Bmj,IfcDoor,liftdeur,,,78EF85EB-42F1-4C08-82AA-D46A0D14BC2D,60 RVS,00 begane grond,True
2tt4s65cb2fgd3alKSa46a,IfcDoor,liftdeur,,,B7DC4D86-1669-42A6-A9C3-92F51C9041A4,60 RVS,00 begane grond,True
1DMKLKe45CzO6gemze$ha$,IfcDoor,D3L,,,4D594554-A041-4CF5-81AA-A30F68FEB93F,32_KD_berkvens_BA,00 begane grond,True
3OgInA0dD3qBERzneS1WG0,IfcDoor,D3L,,,D8A92C4A-0273-43D0-B39B-F71A1C060400,32_KD_berkvens_BA,00 begane grond,True
1cjDN$L7j3xQ6006KWGjlJ,IfcDoor,D2L,,,66B4D5FF-547B-43ED-A180-00652042DBD3,32_KD_berkvens_BA,00 begane grond,True
3cjGEZBqP9GQh7eyumO1LZ,IfcDoor,D3R,,,E6B503A3-2F46-4941-AAC7-A3CE30601563,32_KD_berkvens_BA,00 begane grond,True
1LZHcsRev6lhsez4LMDFr$,IfcDoor,D1R,,,558D19B6-6E8E-46BE-BDA8-F4455634FD7F,32_KD_berkvens_BA,00 begane grond,True
0wAyj9PWL7guJFQHdw7ccc,IfcDoor,D5R,,,3A2BCB49-6605-47AB-84CF-6919FA1E69A6,32_KD_berkvens_BA,00 begane grond,True
03KwpgDxXCQBYi7KkY7sYB,IfcDoor,D6L,,,0353ACEA-37B8-4C68-B8AC-1D4BA21F688B,32_KD_berkvens_BA,00 begane grond,True
2cb8c3os963f5n9Wjr4O99,IfcDoor,D1L,,,A6948983-CB62-460E-9171-260B75118249,32_KD_berkvens_BA,00 begane grond,True
3N5xNVjr9Ehhxk6BUdGUAs,IfcDoor,D5R,,,D717B5DF-B752-4EAE-BEEE-18B7A741E2B6,32_KD_berkvens_BA,00 begane grond,True
15D5L0A5L99eNxZZrhk3Pa,IfcDoor,D3L,,,45345540-2855-4926-85FB-8E3D6BB83664,32_KD_berkvens_BA,00 begane grond,True
2AH9fQqwXE9O9QvwUR77zF,IfcDoor,D1R,,,8A449A5A-D3A8-4E25-825A-E7A79B1C7F4F,32_KD_berkvens_BA,00 begane grond,True
02v5nA3u16Nh8SnTLbZVnM,IfcDoor,D5R,,,02E45C4A-0F80-465E-B21C-C5D5658DFC56,32_KD_berkvens_BA,00 begane grond,True
3BDarYIf1EXRuu7o6glIV$,IfcDoor,D1R,,,CB364D62-4A90-4E85-BE38-1F21AABD27FF,32_KD_berkvens_BA,00 begane grond,True
2lVoJcfoDAWB0KDozjmBha,IfcDoor,D6L,,,AF7F24E6-A723-4A80-B014-372F6DC0BAE4,32_KD_berkvens_BA,00 begane grond,True
3lE1SkMIbDaBDRbQV9PuSz,IfcDoor,D5L,,,EF38172E-5929-4D90-B35B-95A7C967873D,32_KD_berkvens_BA,00 begane grond,True
1donuLXK125fRkeWlAA8Cq,IfcDoor,D4R,,,67CB1E15-8540-4216-96EE-A20BCA288334,32_KD_berkvens_BA,00 begane grond,True
3I96DDOZX58xC3RmUZssQx,IfcDoor,D2R,,,D224634D-6238-4523-B303-6F07A3DB66BB,32_KD_berkvens_BA,00 begane grond,True
3lsMx$fx16hhyCY_qE6IRh,IfcDoor,liftdeur,,,EFD96EFF-A7B0-46AE-BF0C-8BED0E1926EB,60 RVS,00 begane grond,True
3V4FbFEIL7Texif7yDL7jp,IfcDoor,liftdeur,,,DF10F94F-3925-4776-8EEC-A47F0D547B73,60 RVS,00 begane grond,True
0zzou4R_11kPXaS0hC0pre,IfcDoor,liftdeur,,,3DF72E04-6FE0-41B9-9864-700ACC033D68,60 RVS,00 begane grond,True
2RuuzaH1vFUwKXpU33GTyt,IfcDoor,liftdeur,,,9BE38F64-441E-4F7B-A521-CDE0C341DF37,60 RVS,00 begane grond,True
2uTeXyy8XDYvkI0uWy38WP,IfcDoor,D3L,,,B876887C-F088-4D8B-9B92-03883C0C8819,32_KD_berkvens_BA,00 begane grond,True
012S6Z0qLCRuoYXSZ2tygw,IfcDoor,merk A3,,,0109C1A3-0345-4C6F-8CA2-85C8C2DFCABA,D1R bl 18,00 begane grond,True
38X2u$b_51PQbXrbF3UXq0,IfcDoor,merk A6,,,C8842E3F-97E1-4165-A961-D653C37A1D00,D2R bl 18,00 begane grond,True
0MO3NBPw1FofnfwKUa2odt,IfcDoor,merk A5,,,166035CB-67A0-4FCA-9C69-E947A40B29F7,D1R bl 18,00 begane grond,True
27b7kJ2C50Wxcp8woudHRw,IfcDoor,stelkozijn,,,87947B93-08C1-4083-B9B3-23ACB89D16FA,01 plaatmateriaal - multiplex,00 begane grond,True
0JzQ9ARmz4J9VOnJDh2nWI,IfcDoor,stelkozijn,,,13F5A24A-6F0F-444C-97D8-C5336B0B1812,01 Hout - stelkozijn,00 begane grond,True
1$7$AzEPH8hxqREDEXC9Ab,IfcDoor,stelkozijn,,,7F1FF2BD-3994-48AF-BD1B-38D3A13092A5,01 plaatmateriaal - multiplex,00 begane grond,True
2b6PFyVHj5AwfHVP2cSS7T,IfcDoor,stelkozijn,,,A51993FC-7D1B-452B-AA51-7D90A671C1DD,01 Hout - stelkozijn,00 begane grond,True
0NZRpUHUn8f9KjPRtTRauP,IfcDoor,D5R,,,178DBCDE-45EC-48A4-952D-65BDDD6E4E19,32_KD_berkvens_BA,00 begane grond,True
3b$SMEeUf10eNHEHoPH0ta,IfcDoor,D1R,,,E5FDC58E-A1EA-4102-85D1-391C99440DE4,32_KD_berkvens_BA,00 begane grond,True
2$GgreKs5Auv1nDBFIDDQQ,IfcDoor,D2R,,,BF42AD68-5361-4AE3-9071-34B3D234D69A,32_KD_berkvens_BA,00 begane grond,True
0NWv8IgP5Ch9a8sHZoyivA,IfcDoor,D1R,,,17839212-A991-4CAC-9908-D918F2F2CE4A,32_KD_berkvens_BA,00 begane grond,True
1ZFLyNI$fDRgE2KgYahsry,IfcDoor,merk A3sp,,,633D5F17-4BFA-4D6E-A382-52A8A4AF6D7C,D1R bl 18,01 eerste verdieping,True
3qYGwE1BDBbP2FWtfJUDNa,IfcDoor,merk A3,,,F4890E8E-04B3-4B95-908F-837A5378D5E4,D1R bl 18,01 eerste verdieping,True
1zWpVk7Az3eeFDJEw36Ky9,IfcDoor,merk E1-R,,,7D8337EE-1CAF-43A2-83CD-4CEE83194F09,D2R 2zl 18,01 eerste verdieping,True
2u5XGmt4D2bRNIEXQ9IBsW,IfcDoor,stelkozijn,,,B8161430-DC43-4295-B5D2-3A168948BDA0,01 Hout - stelkozijn,01 eerste verdieping,True
04E1PaUW1Fze4qITB_nFaa,IfcDoor,stelkozijn,,,04381664-7A00-4FF6-8134-49D2FEC4F924,01 plaatmateriaal - multiplex,01 eerste verdieping,True
1HDfKcH0v4VRSVJicriZF4,IfcDoor,stelkozijn,,,51369526-440E-447D-B71F-4EC9B5B233C4,01 Hout - stelkozijn,01 eerste verdieping,True
08IQ8vQ6n73vV7LBrwxuZu,IfcDoor,stelkozijn,,,0849A239-686C-470F-97C7-54BD7AEF88F8,01 plaatmateriaal - multiplex,01 eerste verdieping,True
1fXWFMY$T5VwEu43MZumk6,IfcDoor,stelkozijn,,,698603D6-8BF7-457F-A3B8-1035A3E30B86,01 plaatmateriaal - multiplex,01 eerste verdieping,True
3VeGPWRHL5QfWdPbnVK9h3,IfcDoor,stelkozijn,,,DFA10660-6D15-456A-9827-665C5F509AC3,01 Hout - stelkozijn,01 eerste verdieping,True
0K1kgDm1jFHfoPfMpxkAe5,IfcDoor,stelkozijn,,,1406EA8D-C01B-4F46-9C99-A56CFBB8AA05,01 plaatmateriaal - multiplex,01 eerste verdieping,True
1a0yXwaPr6bQS$tJIhLQr1,IfcDoor,stelkozijn,,,6403C87A-919D-4695-A73F-DD34AB55AD41,01 Hout - stelkozijn,01 eerste verdieping,True
0yGGfH85nFPvINarcAfBNX,IfcDoor,merk E1-R,,,3C410A51-205C-4F67-9497-93598AA4B5E1,D2R 2zl 18,01 eerste verdieping,True
2qY72vI$D0SenCZx1z6HDK,IfcDoor,merk E4-R,,,B48870B9-4BF3-4072-8C4C-8FB07D191354,D2R 2zl 18,01 eerste verdieping,True
2VN0ufVPXBz91XSIqSEA4N,IfcDoor,stelkozijn,,,9F5C0E29-7D98-4BF4-9061-712D1C38A117,01 Hout - stelkozijn,01 eerste verdieping,True
1YmJTz8Sn4SxVWF6uxPIi6,IfcDoor,stelkozijn,,,62C1377D-21CC-4473-B7E0-3C6E3B652B06,01 plaatmateriaal - multiplex,01 eerste verdieping,True
3qU0EkhG9CDeH0fDWtriF3,IfcDoor,stelkozijn,,,F47803AE-AD02-4C36-8440-A4D837D6C3C3,01 Hout - stelkozijn,01 eerste verdieping,True
09NbJFNdj9fxN2xh$EA6wX,IfcDoor,D1R,,,095E54CF-5E7B-49A7-B5C2-EEBFCE286EA1,32_KD_berkvens_BA,01 eerste verdieping,True
1Le1BurSf8iQTApHN20xGM,IfcDoor,D2L,,,55A012F8-D5CA-48B1-A74A-CD15C203B416,32_KD_berkvens_BA,01 eerste verdieping,True
0ETp$wstn6uO7g6ZydQW6K,IfcDoor,D5L,,,0E773FFA-DB7C-46E1-81EA-1A3F276A0194,32_KD_berkvens_BA,01 eerste verdieping,True
14rAyAJ$L5nPK$yo6WYX5X,IfcDoor,D6L,,,44D4AF0A-4FF5-45C5-953F-F321A08A1161,32_KD_berkvens_BA,01 eerste verdieping,True
0m7Z8$vfnDLxF9ZlRdjI6b,IfcDoor,D1L,,,301E323F-E69C-4D57-B3C9-8EF6E7B521A5,32_KD_berkvens_BA,01 eerste verdieping,True
2i$ImWrU5CrPuyb0cxLRsY,IfcDoor,D1L,,,ACFD2C20-D5E1-4CD5-9E3C-9409BB55BDA2,32_KD_berkvens_BA,01 eerste verdieping,True
2zIan9UMbEDv$MtEuXRGaI,IfcDoor,D5R,,,BD4A4C49-7969-4E37-9FD6-DCEE216D0912,32_KD_berkvens_BA,01 eerste verdieping,True
275N_u7Z9EtgoRNFproXEn,IfcDoor,D3R,,,87157FB8-1E32-4EDE-AC9B-5CFCF5CA13B1,32_KD_berkvens_BA,01 eerste verdieping,True
2wNrfbWo5F3AXCQjcATu9n,IfcDoor,D8R,,,BA5F5A65-8321-4F0C-A84C-6AD98A778271,32_KD_berkvens_BA,01 eerste verdieping,True
2mNENoxwD4MQMQY_gKi$v7,IfcDoor,D7L,,,B05CE5F2-EFA3-4459-A59A-8BEA94B3FE47,32_KD_berkvens_BA,01 eerste verdieping,True
14tZx$UMb8cBHoti0zk1Nr,IfcDoor,D2R,,,44DE3EFF-7969-4898-B472-DEC03DB815F5,32_KD_berkvens_BA,01 eerste verdieping,True
0paFAbnyj3DQz4eYs1LQRb,IfcDoor,D1R,,,3390F2A5-C7CB-4335-AF44-A22D8155A6E5,32_KD_berkvens_BA,01 eerste verdieping,True
0oXb8$CCzDygbz5_8Oxzxv,IfcDoor,liftdeur,,,3286523F-30CF-4DF2-A97D-17E218EFDEF9,60 RVS,01 eerste verdieping,True
12kDL1eWzET9Qm2diwFxeL,IfcDoor,liftdeur,,,42B8D541-A20F-4E74-96B0-0A7B3A3FBA15,60 RVS,01 eerste verdieping,True
3FUHlAm49BC88X$DRC3IqI,IfcDoor,D3L,,,CF791BCA-C042-4B30-8221-FCD6CC0D2D12,32_KD_berkvens_BA,01 eerste verdieping,True
2XH6N5hOT3yAuGpef5XEDg,IfcDoor,D1R,,,A14465C5-AD87-43F0-AE10-CE8A4584E36A,32_KD_berkvens_BA,01 eerste verdieping,True
0WcADPJA571PyQI1eSlkC4,IfcDoor,D5L,,,2098A359-4CA1-4705-9F1A-481A1CBEE304,32_KD_berkvens_BA,01 eerste verdieping,True
0hLbfgnI116fYrSi5yltYv,IfcDoor,D1R,,,2B565A6A-C520-411A-98B5-72C17CBF78B9,32_KD_berkvens_BA,01 eerste verdieping,True
3LHBKM1sPCkOXvRtwp$pev,IfcDoor,D4R,,,D544B516-0766-4CB9-8879-6F7EB3FF3A39,32_KD_berkvens_BA,01 eerste verdieping,True
26_$0XSjr4qx6Hsbp36s4D,IfcDoor,D8R,,,86FBF021-72DD-44D3-B191-DA5CC31B610D,32_KD_berkvens_BA,01 eerste verdieping,True
36ovl7bSP7_8ZDfLgjHA1Q,IfcDoor,liftdeur,,,C6CB9BC7-95C6-47F8-88CD-A55AAD44A05A,60 RVS,01 eerste verdieping,True
3vVPMVKpv8WR4t1AhJIyPH,IfcDoor,liftdeur,,,F97D959F-533E-4881-B137-04AAD34BC651,60 RVS,01 eerste verdieping,True
2i1Z9kKWv4ie2N0CBoZWie,IfcDoor,liftdeur,,,AC06326E-520E-44B2-8097-00C2F28E0B28,60 RVS,01 eerste verdieping,True
1weVzahvb12Qj14QP5JtRt,IfcDoor,liftdeur,,,7AA1FF64-AF99-4109-AB41-11A6454F76F7,60 RVS,01 eerste verdieping,True
3D1M31qn1D9eCfALMUlAC6,IfcDoor,liftdeur,,,CD0560C1-D310-4D26-8329-29559EBCA306,60 RVS,01 eerste verdieping,True
3Ch3PayTPB6BbnIbMg0VDz,IfcDoor,liftdeur,,,CCAC3664-F1D6-4B18-B971-4A55AA01F37D,60 RVS,01 eerste verdieping,True
1lOvmnURjBcPf07ELTOqCT,IfcDoor,liftdeur,,,6F639C31-79BB-4B99-9A40-1CE55D63431D,60 RVS,01 eerste verdieping,True
3topRXa9T1svryvk0HDA1V,IfcDoor,merk A3sp,,,F7CB36E1-9097-41DB-9D7C-E6E01134A05F,D1R bl 18,01 eerste verdieping,True
0DE9eeknn1UwV6HdBQLtSn,IfcDoor,D2R,,,0D389A28-BB1C-417B-A7C6-4672DA577731,32_KD_berkvens_BA,01 eerste verdieping,True
29ln2Cp8P9jBBVLpq36yJx,IfcDoor,D5L,,,89BF108C-CC86-49B4-B2DF-573D031BC4FB,32_KD_berkvens_BA,01 eerste verdieping,True
0REpZXGX116vUWlC_COT3l,IfcDoor,D5L,,,1B3B38E1-4210-411B-97A0-BCCF8C61D0EF,32_KD_berkvens_BA,01 eerste verdieping,True
1X$gsMt2nFuv_fouZFh5_Z,IfcDoor,D1L,,,61FEAD96-DC2C-4FE3-9FA9-CB88CFAC5FA3,32_KD_berkvens_BA,01 eerste verdieping,True
3UPz4qnhz6dR_hTWbylJYM,IfcDoor,merk A3,,,DE67D134-C6BF-469D-BFAB-76097CBD3896,D1R bl 18,02 tweede verdieping,True
3xkLH3xAf9Qvv7jXLTD0bw,IfcDoor,liftdeur,,,FBB95443-ECAA-496B-9E47-B6155D34097A,60 RVS,02 tweede verdieping,True
13lQ7MfpP9YQNh0Z31qoMP,IfcDoor,merk E2-R,,,43BDA1D6-A736-4989-A5EB-0230C1D32599,D2R 2zl 18,02 tweede verdieping,True
3Elkb_Klj4kOU0Qc6PaizN,IfcDoor,stelkozijn,,,CEBEE97E-52FB-44B9-8780-6A619992CF57,01 Hout - stelkozijn,02 tweede verdieping,True
26wG__yAf4jhBihTArGrfi,IfcDoor,stelkozijn,,,86E90FBE-F0AA-44B6-B2EC-ADD2B5435A6C,01 plaatmateriaal - multiplex,02 tweede verdieping,True
2BidPHSyjAeQnxVo9HGHwm,IfcDoor,stelkozijn,,,8BB27651-73CB-4AA1-AC7B-7F2251411EB0,01 Hout - stelkozijn,02 tweede verdieping,True
3WXd7RsH9CT9CRRwuhBxrU,IfcDoor,merk H,,,E08671DB-D912-4C74-931B-6FAE2B2FBD5E,D2R 18,02 tweede verdieping,True
06lQ_SRDbDyuiUF0YIGOKi,IfcDoor,stelkozijn,,,06BDAF9C-6CD9-4DF3-8B1E-3C089241852C,01 Hout - stelkozijn,02 tweede verdieping,True
1zulTwZuvE8uDQG8i0rPWu,IfcDoor,stelkozijn,,,7DE2F77A-8F8E-4E23-835A-408B00D59838,01 Hout - stelkozijn,02 tweede verdieping,True
0ghxYtUBn0pv_pxPdAfhme,IfcDoor,stelkozijn,,,2AAFB8B7-78BC-40CF-9FB3-ED99CAA6BC28,01 Hout - stelkozijn,02 tweede verdieping,True
3G$_TtmoH0i97AYiv2eBBu,IfcDoor,merk H,,,D0FFE777-C324-40B0-91CA-8ACE42A0B2F8,D2R 18,02 tweede verdieping,True
2_vRJL86PBTQqE3ySM6YFm,IfcDoor,stelkozijn,,,BEE5B4D5-2066-4B75-AD0E-0FC7161A23F0,01 Hout - stelkozijn,02 tweede verdieping,True
1soUbpz7v1zxTj9qXJhloc,IfcDoor,stelkozijn,,,76C9E973-F47E-41F7-B76D-274853AEFCA6,01 Hout - stelkozijn,02 tweede verdieping,True
0LbBET9Yz9egUjXX_5FIas,IfcDoor,stelkozijn,,,1594B39D-262F-49A2-A7AD-861F853D2936,01 Hout - stelkozijn,02 tweede verdieping,True
1EgBW0IB95EeR9l7z9ma4W,IfcDoor,stelkozijn,,,4EA8B800-48B2-453A-86C9-BC7F49C24120,01 Hout - stelkozijn,02 tweede verdieping,True
2zx7EWNY98lOv3r2x2yc76,IfcDoor,stelkozijn,,,BDEC73A0-5E22-48BD-8E43-D42EC2F261C6,01 Hout - stelkozijn,02 tweede verdieping,True
262iH081180RfRZcryzr7v,IfcDoor,stelkozijn,,,860AC440-2010-4801-BA5B-8E6D7CF751F9,01 plaatmateriaal - multiplex,02 tweede verdieping,True
0HKXdsxQDBXehvvnIH9Bj2,IfcDoor,merk E2-R,,,115219F6-EDA3-4B86-8AF9-E7149124BB42,D2R 2zl 18,02 tweede verdieping,True
1FtRH1k0bE4fyu_U9mJBmf,IfcDoor,merk H,,,4FDDB441-B809-4E12-9F38-F9E2704CBC29,D2R 18,02 tweede verdieping,True
27bh8yZhL8hPRD0H6aMxEY,IfcDoor,merk H,,,8796B23C-8EB5-48AD-96CD-0111A45BB3A2,D2R 18,02 tweede verdieping,True
3v$Jw_gpr6OOS8FFzqFDOt,IfcDoor,stelkozijn,,,F9FD3EBE-AB3D-4661-8708-3CFF743CD637,01 Hout - stelkozijn,02 tweede verdieping,True
1_5gcKSrbEWfNgi3h_qdnx,IfcDoor,stelkozijn,,,7E16A994-7359-4E82-95EA-B03AFED27C7B,01 Hout - stelkozijn,02 tweede verdieping,True
3V_oBYi792a9_YZErx8HIx,IfcDoor,stelkozijn,,,DFFB22E2-B072-4290-9FA2-8CED7B2114BB,01 Hout - stelkozijn,02 tweede verdieping,True
2VKgopOMr4PQnzIHA$Zbht,IfcDoor,stelkozijn,,,9F52ACB3-616D-4465-AC7D-4912BF8E5AF7,01 Hout - stelkozijn,02 tweede verdieping,True
2152K7A7j0Xhs5JOT$GaL4,IfcDoor,stelkozijn,,,81142507-287B-4086-BD85-4D877F424544,01 Hout - stelkozijn,02 tweede verdieping,True
25jGa8wIHFKepyW_M4Ngs7,IfcDoor,stelkozijn,,,85B50908-E924-4F52-8CFC-83E5845EAD87,01 Hout - stelkozijn,02 tweede verdieping,True
3G7ktHYG96gQbiZjzEbR8N,IfcDoor,liftdeur,,,D01EEDD1-8902-46A9-A96C-8EDF4E95B217,60 RVS,02 tweede verdieping,True
2K7avqptP0rAzb1886J2AI,IfcDoor,liftdeur,,,941E4E74-CF76-40D4-AF65-0482064C2292,60 RVS,02 tweede verdieping,True
0mLDe0vvD7lQPHmwh__YTZ,IfcDoor,liftdeur,,,3054DA00-E793-47BD-A651-C3AAFEFA2763,60 RVS,02 tweede verdieping,True
1MMTbq1t93CfhQ63Tyks8n,IfcDoor,D1R,,,5659D974-0772-4332-9ADA-18377CBB6231,32_KD_berkvens_BA,02 tweede verdieping,True
0HTjC8kFv6W9Fd4e3r5fjg,IfcDoor,D2L,,,1176D308-B8FE-4680-93E7-1280F5169B6A,32_KD_berkvens_BA,02 tweede verdieping,True
2pAvanoIzEV8kE6N3CBDLL,IfcDoor,D5L,,,B32B9931-C92F-4E7C-8B8E-1970CC2CD555,32_KD_berkvens_BA,02 tweede verdieping,True
1jTFg_BbD2_gRGTcr0jnVr,IfcDoor,D5L,,,6D74FABE-2E53-42FA-A6D0-766D40B717F5,32_KD_berkvens_BA,02 tweede verdieping,True
0h4oGef9T1PgTelA09ZLn2,IfcDoor,D6L,,,2B132428-A497-4166-A768-BCA0098D5C42,32_KD_berkvens_BA,02 tweede verdieping,True
2EKQPtlE15r9nj5or9E3v0,IfcDoor,D1L,,,8E51A677-BCE0-45D4-9C6D-172D49383E40,32_KD_berkvens_BA,02 tweede verdieping,True
3sicsb7Rv7vOSpwjkHwdXP,IfcDoor,D1L,,,F6B26DA5-1DBE-47E5-8733-EADB91EA7859,32_KD_berkvens_BA,02 tweede verdieping,True
2Gq0QN14T6$e3J8hk70VQH,IfcDoor,D5R,,,90D00697-0447-46FE-80D3-22BB8701F691,32_KD_berkvens_BA,02 tweede verdieping,True
3wks5cHiv9puC78stid7dq,IfcDoor,D3R,,,FABB6166-46CE-49CF-8307-236DEC9C79F4,32_KD_berkvens_BA,02 tweede verdieping,True
06_o2t73nBXvUfWV0NnaRj,IfcDoor,D5L,,,06FB20B7-1C3C-4B87-97A9-81F017C646ED,32_KD_berkvens_BA,02 tweede verdieping,True
0$vj6GrA15b852nxv8ecYB,IfcDoor,D2R,,,3FE6D190-D4A0-4594-8142-C7BE48A2688B,32_KD_berkvens_BA,02 tweede verdieping,True
0etZemLbbAog_wCl27YohR,IfcDoor,D1R,,,28DE3A30-5659-4ACA-AFBA-32F0878B2ADB,32_KD_berkvens_BA,02 tweede verdieping,True
0rEPlH2fP8YQ_q3GiazsFo,IfcDoor,merk A3sp,,,35399BD1-0A96-4889-AFB4-0D0B24F763F2,D1R bl 18,02 tweede verdieping,True
2$y_vPdK50rvRCnxRgbax0,IfcDoor,liftdeur,,,BFF3EE59-9D41-40D7-96CC-C7B6EA964EC0,60 RVS,02 tweede verdieping,True
2nEtJExy5EkR8dxB8J7WF8,IfcDoor,liftdeur,,,B13B74CE-EFC1-4EB9-B227-ECB2131E03C8,60 RVS,02 tweede verdieping,True
1UCnFJQ7nDgAX31ppgw6Pa,IfcDoor,liftdeur,,,5E3313D3-687C-4DA8-A843-073CEAE86664,60 RVS,02 tweede verdieping,True
1Uv0j9g_TDo9SZvipUwvCd,IfcDoor,liftdeur,,,5EE40B49-ABE7-4DC8-9723-E6CCDEEB9327,60 RVS,02 tweede verdieping,True
2zilQ_m$j83PfsTQ$4$xs$,IfcDoor,liftdeur,,,BDB2F6BE-C3FB-480D-9A76-75AFC4FFBDBF,60 RVS,02 tweede verdieping,True
3nUiG96vjAwPUR6jFmv$ZI,IfcDoor,D8R,,,F17AC409-1B9B-4AE9-979B-1AD3F0E7F8D2,32_KD_berkvens_BA,02 tweede verdieping,True
0xrZguOJ55xx5lucOklTa9,IfcDoor,D7L,,,3BD63AB8-6131-45EF-B16F-E2662EBDD909,32_KD_berkvens_BA,02 tweede verdieping,True
36MmH3zZH16QTwC46Vbk$D,IfcDoor,D1L,,,C65B0443-F634-4119-A77A-30419F96EFCD,32_KD_berkvens_BA,02 tweede verdieping,True
36DzLjnuL9XA2dudd2r92m,IfcDoor,liftdeur,,,C637D56D-C785-4984-A0A7-E279C2D490B0,60 RVS,03 derde verdieping,True
3vqhA9V$zD8Ri_tijsQ9Uy,IfcDoor,merk A3sp,,,F9D2B289-7FFF-4D21-BB3E-DECB766897BC,D1R bl 18,03 derde verdieping,True
3lVtU7tjD3YOCLUfqajZ2A,IfcDoor,merk A4,,,EF7F7787-DED3-4389-8315-7A9D24B6308A,D1R 18,03 derde verdieping,True
0_AyfC57H5ZhnJFKbaFPKq,IfcDoor,D1R,,,3E2BCA4C-1474-458E-BC53-3D49643D9534,32_KD_berkvens_BA,03 derde verdieping,True
1ct3PC$Rf39OYRwaCfR2gz,IfcDoor,D2L,,,66DC364C-FDBA-4325-889B-EA43296C2ABD,32_KD_berkvens_BA,03 derde verdieping,True
3p9J1sHcf4ju8QNF1IhRNV,IfcDoor,D5L,,,F3253076-466A-44B7-821A-5CF052ADB5DF,32_KD_berkvens_BA,03 derde verdieping,True
1f8696ukP6ngAHgpRZz3ju,IfcDoor,D5L,,,69206246-E2E6-46C6-A291-AB36E3F43B78,32_KD_berkvens_BA,03 derde verdieping,True
0Hdk5PAnP3pwtj9xXKmFBe,IfcDoor,D6L,,,119EE159-2B16-43CF-ADED-27B854C0F2E8,32_KD_berkvens_BA,03 derde verdieping,True
2vFhUBbYLDEuToK036Hl$0,IfcDoor,D1L,,,B93EB78B-9625-4D3B-8772-5000C646FFC0,32_KD_berkvens_BA,03 derde verdieping,True
3XlDiPbzT5wuWLtvoN9ad0,IfcDoor,D1L,,,E1BCDB19-97D7-45EB-8815-DF9C972649C0,32_KD_berkvens_BA,03 derde verdieping,True
12pKvnM8rEghVj2eehBckA,IfcDoor,D5R,,,42CD4E71-588D-4EAA-B7ED-0A8A2B2E6B8A,32_KD_berkvens_BA,03 derde verdieping,True
0WwnDCcYLFJx3r5wMCkNbs,IfcDoor,D3R,,,20EB134C-9A25-4F4F-B0F5-17A58CB97976,32_KD_berkvens_BA,03 derde verdieping,True
2Jqop0uBb9AxYtqSXLjzrD,IfcDoor,D5L,,,93D32CC0-E0B9-492B-B8B7-D1C855B7DD4D,32_KD_berkvens_BA,03 derde verdieping,True
3rLHaGT8f4ffCX220B$XUw,IfcDoor,D9L,,,F5551910-748A-44A6-9321-08200BFE17BA,32_KD_berkvens_RZ,03 derde verdieping,True
1AjHEuqyLASxbhLNVsGq0u,IfcDoor,D2R,,,4AB513B8-D3C5-4A73-B96B-5577F6434038,32_KD_berkvens_BA,03 derde verdieping,True
0IzB0Fhx1E3e$Sm$$GKqe7,IfcDoor,D1R,,,12F4B00F-AFB0-4E0E-8FDC-C3FFD0534A07,32_KD_berkvens_BA,03 derde verdieping,True
0w3wabzRLAz99bhnECWj79,IfcDoor,liftdeur,,,3A0FA925-F5B5-4AF4-9265-AF138C82D1C9,60 RVS,03 derde verdieping,True
140c7DVn1Fdgh5_iO2DSKg,IfcDoor,merk E5-R,,,440261CD-7F10-4F9E-AAC5-FAC60235C52A,D2R 2zl 18,03 derde verdieping,True
0EWFPIrsv7_9lhqHOpPwsU,IfcDoor,merk E5-R,,,0E80F652-D76E-47F8-9BEB-D1163367AD9E,D2R 2zl 18,03 derde verdieping,True
3tB9bs0jH8kvDCXNaFXLU4,IfcDoor,liftdeur,,,F72C9976-02D4-48BB-934C-85790F855784,60 RVS,03 derde verdieping,True
2PEMzkDK9Dxum8sPRjDtq_,IfcDoor,liftdeur,,,99396F6E-3542-4DEF-8C08-D996ED377D3E,60 RVS,03 derde verdieping,True
3MkalSSaPB_h_tTcRHxH9A,IfcDoor,liftdeur,,,D6BA4BDC-7246-4BFA-BFB7-7666D1ED124A,60 RVS,03 derde verdieping,True
13kU2WeeX43AmAN7yJpj7M,IfcDoor,liftdeur,,,43B9E0A0-A288-440C-AC0A-5C7F13CED1D6,60 RVS,03 derde verdieping,True
073$0OxmvEMu0iJzPT4cfg,IfcDoor,liftdeur,,,070FF018-EF0E-4E5B-802C-4FD65D126A6A,60 RVS,03 derde verdieping,True
3Qw1ZJI6n0$OYdAwY3sPY0,IfcDoor,liftdeur,,,DAE818D3-486C-40FD-88A7-2BA883D99880,60 RVS,03 derde verdieping,True
31CBV10iDANhFbENO3uY2l,IfcDoor,liftdeur,,,C130B7C1-02C3-4A5E-B3E5-397603E220AF,60 RVS,03 derde verdieping,True
0OL2bP1B5Ezfgv8L13MayF,IfcDoor,D1L,,,18542959-04B1-4EF6-9AB9-2150435A4F0F,32_KD_berkvens_BA,03 derde verdieping,True
2Du$joV9XChBACVeEuRrVe,IfcMember,geveldrager,,,8DE3FB72-7C98-4CAC-B28C-7E83B86F57E8,Hoeklijn ongelijk balk 18,01 eerste verdieping,True
1K5dIu2nnC8uHIMCP4p_mJ,IfcMember,geveldrager,,,541674B8-0B1C-4C23-8452-58C644CFEC13,Hoeklijn ongelijk balk 18,01 eerste verdieping,True
1SyoSledr3YeSTSATMjRIA,IfcMember,HEA180,,,5CF3272F-A27D-438A-871D-70A756B5B48A,HEA balk 18,01 eerste verdieping,True
30hxmiOx15DRzAggBisbdA,IfcMember,geveldrager,,,C0AFBC2C-63B0-4535-BF4A-AAA2ECDA59CA,Hoeklijn ongelijk balk 18,02 tweede verdieping,True
29No8SBkD828yFLW93Joa4,IfcMember,HEB220,,,895F221C-2EE3-4808-8F0F-5602434F2904,HEB balk 18,03 derde verdieping,True
0BIR$7shf3BRUVgumIGs8n,IfcMember,HEB220,,,0B49BFC7-DABA-432D-B79F-AB8C12436231,HEB balk 18,03 derde verdieping,True
27$Fqnan99x8yZQBpS0Tff,IfcMember,HEB220,,,87FCFD31-9312-49EC-8F23-68BCDC01DA69,HEB balk 18,03 derde verdieping,True
3cny5DdLr5$BvKOk7tJprB,IfcMember,HEB220,,,E6C7C14D-9D5D-45FC-BE54-62E1F74F3D4B,HEB balk 18,03 derde verdieping,True
2WRaBAQ057F8QYIkwiWJih,IfcMember,HEB220,,,A06E42CA-6801-473C-86A2-4AEEAC813B2B,HEB balk 18,03 derde verdieping,True
27$YR6LvnA1f4dzXk05qPo,IfcRailing,traphek,,,87FE26C6-579C-4A06-9127-F61B80174672,05 Staal C,00 begane grond,True
018TK7$EL5zAD5j0tKRbOl,IfcRailing,traphek,,,0121D507-FCE5-45F4-A345-B40DD46E562F,05 Staal C,00 begane grond,True
0R3bLdPy59eezMGemvtvI1,IfcRailing,traphek,,,1B0E5567-67C1-49A2-8F56-428C39DF9481,05 Staal C,00 begane grond,True
0f24Ke$693gf5gvla2DUIp,IfcRailing,traphek,,,29084528-FC62-43AA-916A-E6F90235E4B3,05 Staal C,00 begane grond,True
38Qe2zvj9E0OBObNVI4$Zz,IfcRailing,traphek,,,C86A80BD-E6D2-4E01-82D8-9577D213F8FD,05 Staal C,01 eerste verdieping,True
2jS7doCMf3$gQseynrXN3R,IfcRailing,traphek,,,AD7079F2-316A-43FE-A6B6-A3CC758570DB,05 Staal C,01 eerste verdieping,True
3ludkXavX0QO$8K8MPt6DU,IfcRailing,doorvalregel,,,EFE27BA1-9398-4069-8FC8-508599DC635E,05 Staal - RAL 7016,01 eerste verdieping,True
3IbCylBM9Br9aZ0O8sjBun,IfcRailing,afscheiding,,,D294CF2F-2D62-4BD4-9923-018236B4BE31,05 Staal - RAL 7016,01 eerste verdieping,True
2d4vy8vcj20Bafo1W9udji,IfcRailing,afscheiding,,,A7139F08-E66B-4200-B929-C81809E27B6C,05 Staal - RAL 7016,01 eerste verdieping,True
2xqHe35hv3POCFIMSVSI8z,IfcRailing,afscheiding,,,BBD11A03-16BE-4365-830F-49671F71223D,05 Staal - RAL 7016,01 eerste verdieping,True
3cIEhaoMTBmRz3MyKyfeg3,IfcRailing,afscheiding,,,E648EAE4-C967-4BC1-BF43-5BC53CA68A83,05 Staal - RAL 7016,01 eerste verdieping,True
3IIh87vTnD4A6vdLUQS2Oe,IfcRailing,afscheiding,,,D24AB207-E5DC-4D10-A1B9-9D579A702628,05 Staal - RAL 7016,01 eerste verdieping,True
2chnvDXfTFpwmnexcYvbMb,IfcRailing,afscheiding,,,A6AF1E4D-8697-4FCF-AC31-A3B9A2E655A5,05 Staal - RAL 7016,01 eerste verdieping,True
3pp$tut394gvh1elE1QUg0,IfcRailing,afscheiding,,,F3CFFDF8-DC32-44AB-9AC1-A2F38169EA80,08 Glas hekwerk,01 eerste verdieping,True
0hoCeVodP28uiVrRVP6$eg,IfcRailing,afscheiding,,,2BC8CA1F-CA76-4223-8B1F-D5B7D91BFA2A,05 Staal - RAL 7016,01 eerste verdieping,True
0DSnD4Ox56JQ9EnQB9RZSl,IfcRailing,afscheiding,,,0D731344-63B1-464D-A24E-C5A2C96E372F,05 Staal - RAL 7016,01 eerste verdieping,True
0BFKBVp5j4I99mDywZOyl1,IfcRailing,afscheiding,,,0B3D42DF-CC5B-4448-9270-37CEA363CBC1,05 Staal - RAL 7016,01 eerste verdieping,True
3507eK6cz8GgD8LOtm7DX1,IfcRailing,afscheiding,,,C5007A14-1A6F-4842-A348-558DF01CD841,05 Staal - RAL 7016,01 eerste verdieping,True
0tBGrmMgH7A8ZNmLYPMp64,IfcRailing,afscheiding,,,372D0D70-5AA4-4728-88D7-C158995B3184,05 Staal - RAL 7016,01 eerste verdieping,True
08TAmVL5zANxEAKB2zGRnq,IfcRailing,afscheiding,,,0874AC1F-545F-4A5F-B38A-50B0BD41BC74,05 Staal - RAL 7016,01 eerste verdieping,True
1aIHAtaRH2KfL3oiGGP2dl,IfcRailing,afscheiding,,,644912B7-91B4-4252-9543-CAC4106429EF,05 Staal - RAL 7016,01 eerste verdieping,True
2zuL$9rZTBtO$YH7gWs8$I,IfcRailing,afscheiding,,,BDE15FC9-D637-4BDD-8FE2-447AA0D88FD2,05 Staal - RAL 7016,01 eerste verdieping,True
1kUFGseD103u4BFiv5Vn3G,IfcRailing,afscheiding,,,6E78F436-A0D0-400F-810B-3ECE457F10D0,05 Staal - RAL 7016,01 eerste verdieping,True
0G5pICjEv0lRYQTb8ZOqUB,IfcRailing,afscheiding,,,1017348C-B4EE-40BD-B89A-76522363478B,05 Staal - RAL 7016,01 eerste verdieping,True
0XXgMis9HBSh81wobgymNk,IfcRailing,afscheiding,,,2186A5AC-D894-4B72-B201-EB296AF305EE,05 Staal - RAL 7016,01 eerste verdieping,True
1Q0kMfUETAGg$GA3i1tdOW,IfcRailing,afscheiding,,,5A02E5A9-78E7-4A42-AFD0-283B01DE7620,05 Staal - RAL 7016,01 eerste verdieping,True
0pFFmR0nr3VeFEpxAApon9,IfcRailing,afscheiding,,,333CFC1B-031D-437E-83CE-CFB28ACF2C49,05 Staal - RAL 7016,01 eerste verdieping,True
1tso8uyOP408J$2k9zM55E,IfcRailing,afscheiding,,,77DB2238-F186-4400-84FF-0AE27D58514E,08 Glas hekwerk,01 eerste verdieping,True
1pa426bWv6xPnTJvQSUaMC,IfcRailing,afscheiding,,,73904086-960E-46ED-9C5D-4F969C7A458C,08 Glas hekwerk,01 eerste verdieping,True
2EWFNQA152oRzd_EBfr6uT,IfcRailing,afscheiding,,,8E80F5DA-2811-42C9-BF67-F8E2E9D46E1D,08 Glas hekwerk,01 eerste verdieping,True
11l$hD7jv8jwvjooQlt2FZ,IfcRailing,afscheiding,,,41BFFACD-1EDE-48B7-AE6D-CB26AFDC23E3,08 Glas hekwerk,01 eerste verdieping,True
3sdCktPNvC0uV4NNgbJWLv,IfcRailing,afscheiding,,,F69CCBB7-657E-4C03-87C4-5D7AA54E0579,08 Glas hekwerk,01 eerste verdieping,True
23JeFZDKD8y8FV9a$w$rCJ,IfcRailing,doorvalregel,,,834E83E3-3543-48F0-83DF-264FFAFF5313,05 Staal - RAL 7016,01 eerste verdieping,True
3R0aI_JdHD48zVbQjd5Ze_,IfcRailing,doorvalregel,,,DB0244BE-4E74-4D10-8F5F-95AB67163A3E,05 Staal - RAL 7016,01 eerste verdieping,True
0jnTQov8rBlwaue5hK6wre,IfcRailing,doorvalregel,,,2DC5D6B2-E48D-4BBF-A938-A05AD41BAD68,05 Staal - RAL 7016,01 eerste verdieping,True
1rcblQbSX0w8i_vHHFGq3M,IfcRailing,traphek,,,759A5BDA-95C8-40E8-8B3E-E5144F4340D6,05 Staal C,01 eerste verdieping,True
05ZZdIzTnEbQa7eCaF53yx,IfcRailing,traphek,,,058E39D2-F5DC-4E95-A907-A0C90F143F3B,05 Staal C,01 eerste verdieping,True
1aYgiQASf1QAHaQ9qpbxvu,IfcRailing,doorvalregel,,,648AAB1A-29CA-4168-A464-689D3397BE78,05 Staal - RAL 7016,01 eerste verdieping,True
0wBPIKW6H2KguQzSAxeUoI,IfcRailing,doorvalregel,,,3A2D9494-8064-4252-AE1A-F5C2BBA1EC92,05 Staal - RAL 7016,01 eerste verdieping,True
3GbtyA4hj1QvdqYJ9YysW7,IfcRailing,doorvalregel,,,D0977F0A-12BB-416B-99F4-893262F36807,05 Staal - RAL 7016,01 eerste verdieping,True
07cz3VpcX8afcodIcmaPPM,IfcRailing,doorvalregel,,,079BD0DF-CE68-4892-99B2-9D29B0919656,05 Staal - RAL 7016,01 eerste verdieping,True
11$FOiP4fDMwiMWtHH9Tcg,IfcRailing,doorvalregel,,,41FCF62C-644A-4D5B-AB16-83745125D9AA,05 Staal - RAL 7016,01 eerste verdieping,True
3JT0$Yycb3fxz4HlsjVMEb,IfcRailing,doorvalregel,,,D3740FE2-F269-43A7-BF44-46FDAD7D63A5,05 Staal - RAL 7016,01 eerste verdieping,True
0IAn27JfLBpu8ypPPKG8k3,IfcRailing,traphek,,,122B1087-4E95-4BCF-823C-CD9654408B83,05 Staal C,02 tweede verdieping,True
0eucvL7jTBzhWlFD6WbUM1,IfcRailing,traphek,,,28E26E55-1ED7-4BF6-B82F-3CD1A095E581,05 Staal C,02 tweede verdieping,True
0rmB3$jx1C38gqkeVCpSq2,IfcRailing,afscheiding,,,35C0B0FF-B7B0-4C0C-8AB4-BA87CCCDCD02,08 Glas hekwerk,02 tweede verdieping,True
2En3RuMqXFt8Nnzr9SXngL,IfcRailing,afscheiding,,,8EC436F8-5B48-4FDC-85F1-F7525C871A95,05 Staal - RAL 7016,02 tweede verdieping,True
1IoKrB2iX0RQCSK1TL0EpR,IfcRailing,afscheiding,,,52C94D4B-0AC8-406D-A31C-50175500ECDB,05 Staal - RAL 7016,02 tweede verdieping,True
2XeGjIW4DD$Q8B54MkxXRb,IfcRailing,afscheiding,,,A1A10B52-8043-4DFD-A20B-1445AEEE16E5,05 Staal - RAL 7016,02 tweede verdieping,True
24vQSbcN92TOxmunUjRgX6,IfcRailing,afscheiding,,,84E5A725-9972-4275-8EF0-E317AD6EA846,05 Staal - RAL 7016,02 tweede verdieping,True
0zYXyPDxL5auGRALTCz_bx,IfcRailing,afscheiding,,,3D8A1F19-37B5-4593-841B-29574CF7E97B,08 Glas hekwerk,02 tweede verdieping,True
1Y2Xz5kabEJx2M1UUviS71,IfcRailing,afscheiding,,,620A1F45-BA49-4E4F-B096-05E7B9B1C1C1,05 Staal - RAL 7016,02 tweede verdieping,True
3CMQf2OJH6YBcD79nUtMw0,IfcRailing,afscheiding,,,CC59AA42-6134-4688-B98D-1C9C5EDD6E80,05 Staal - RAL 7016,02 tweede verdieping,True
3L2fUzvM18JRXMvi_HFisB,IfcRailing,afscheiding,,,D50A97BD-E560-484D-B856-E6CF913ECD8B,08 Glas hekwerk,02 tweede verdieping,True
0VpKNQ$9fCAAgyLBv4rjWn,IfcRailing,afscheiding,,,1FCD45DA-FC9A-4C28-AABC-54BE44D6D831,08 Glas hekwerk,02 tweede verdieping,True
3MiF_WpoP8N9Hh8R8TEcJp,IfcRailing,afscheiding,,,D6B0FFA0-CF26-485C-946B-21B21D3A64F3,05 Staal - RAL 7016,02 tweede verdieping,True
1eu8ngk854$evnd$QPrRsf,IfcRailing,afscheiding,,,68E08C6A-B881-44FE-8E71-9FF699D5BDA9,05 Staal - RAL 7016,02 tweede verdieping,True
3x36ju8yjC2ew728PDBVhv,IfcRailing,leuning,,,FB0C6B78-23CB-4C0A-8E87-08864D2DFAF9,05 Staal_bordes_hoeklijnen,02 tweede verdieping,True
3c2hrdPxL4ihih105Tr2La,IfcRailing,leuning,,,E60ABD67-67B5-44B2-BB2B-04015DD42564,05 Staal_bordes_hoeklijnen,02 tweede verdieping,True
1eKQCZPOb0mfovg9ikZP$E,IfcRailing,leuning,,,6851A323-6589-40C2-9CB9-A89B2E8D9FCE,05 Staal_bordes_hoeklijnen,02 tweede verdieping,True
2QCntWGSf9MxHhI1elKAjJ,IfcRailing,leuning,,,9A331DE0-41CA-495B-B46B-481A2F50AB53,05 Staal_bordes_hoeklijnen,02 tweede verdieping,True
1qY54Y7TPA49KudgbcGIhQ,IfcRailing,leuning,,,74885122-1DD6-4A10-9538-9EA966412ADA,05 Staal_bordes_hoeklijnen,02 tweede verdieping,True
1APfFU__n83R4ra1XYtgu6,IfcRailing,leuning,,,4A6693DE-FBEC-480D-B135-901862DEAE06,05 Staal_bordes_hoeklijnen,02 tweede verdieping,True
1DtFBJrsT9yQcdifhZoX3i,IfcRailing,leuning,,,4DDCF2D3-D767-49F1-A9A7-B29AE3CA10EC,05 Staal_bordes_hoeklijnen,02 tweede verdieping,True
0AbS2GH2P94hXNOYagmx2C,IfcRailing,leuning,,,0A95C090-4426-4912-B857-62292AC3B08C,05 Staal_bordes_hoeklijnen,02 tweede verdieping,True
3Q_hQpMLHCnxUrLPy5MlJq,IfcRailing,leuning,,,DAFAB6B3-5954-4CC7-B7B5-559F055AF4F4,05 Staal_bordes_hoeklijnen,02 tweede verdieping,True
0zgJo8u2H6Hv6t9viYmKxm,IfcRailing,leuning,,,3DA93C88-E024-4647-91B7-279B22C14EF0,05 Staal_bordes_hoeklijnen,02 tweede verdieping,True
1RN0CQ6Lb1ku4LwN9DvM0W,IfcRailing,traphek,,,5B5C031A-1959-41BB-8115-E9724DE56020,05 Staal C,02 tweede verdieping,True
2$MSonz3z9Y9Jeihbq_AXi,IfcRailing,traphek,,,BF59CCB1-F43F-4988-94E8-B2B974F8A86C,05 Staal C,02 tweede verdieping,True
0BdZvEASv6CQzOF5XRxnwa,IfcRailing,afscheiding,,,0B9E3E4E-29CE-4631-AF58-3C585BEF1EA4,08 Glas hekwerk,03 derde verdieping,True
3GEaOjb217ev9MF3XCA4P8,IfcRailing,afscheiding,,,D03A462D-9420-47A3-9256-3C384C284648,08 Glas hekwerk,03 derde verdieping,True
05ajDVemL5uvOYzxRLkb$L,IfcRailing,afscheiding,,,0592D35F-A305-45E3-9622-F7B6D5BA5FD5,05 Staal - RAL 7016,03 derde verdieping,True
070iNkOUbFOhtuLKtsFL5C,IfcRailing,afscheiding,,,0702C5EE-61E9-4F62-BDF8-554DF63D514C,05 Staal - RAL 7016,03 derde verdieping,True
28jKLIe0X0Ah4tPVOHU$ou,IfcRailing,afscheiding,,,88B54552-A008-402A-B137-65F6117BFCB8,05 Staal - RAL 7016,03 derde verdieping,True
2sexmWFsn3Rwu0HEwxJaJd,IfcRailing,doorvalregel,,,B6A3BC20-3F6C-436F-AE00-44EEBB4E44E7,05 Staal - RAL 7016,03 derde verdieping,True
3ke5ra4iT7aPGg739tq0zL,IfcRailing,doorvalregel,,,EEA05D64-12C7-4791-942A-1C3277D00F55,05 Staal - RAL 7016,03 derde verdieping,True
1wAo8RhUL6Nh2E75ITIH0g,IfcRailing,doorvalregel,,,7A2B221B-ADE5-465E-B08E-1C549D49102A,05 Staal - RAL 7016,03 derde verdieping,True
3Vvdnq6hXF2Bda8sgYk3k1,IfcRailing,doorvalregel,,,DFE67C74-1AB8-4F08-B9E4-236AA2B83B81,05 Staal - RAL 7016,03 derde verdieping,True
1bsL1PPGP0xxu5vLj_m07q,IfcRailing,doorvalregel,,,65D95059-6506-40EF-BE05-E55B7EC001F4,05 Staal - RAL 7016,03 derde verdieping,True
3uSAdjkw9CheK9Wa_vvbhb,IfcRailing,doorvalregel,,,F870A9ED-BBA2-4CAE-8509-824FB9E65AE5,05 Staal - RAL 7016,03 derde verdieping,True
2$wd39Uf5Ewu3h$roxzxxr,IfcRailing,doorvalregel,,,BFEA70C9-7A91-4EEB-80EB-FF5CBBF7BEF5,05 Staal - RAL 7016,03 derde verdieping,True
0zQ1PSMITDMBDkf951bOnV,IfcRailing,doorvalregel,,,3D68165C-5927-4D58-B36E-A49141958C5F,05 Staal - RAL 7016,03 derde verdieping,True
27ycuSSRf5cu8kU2IBAstQ,IfcRailing,afscheiding,,,87F26E1C-71BA-459B-822E-78248B2B6DDA,05 Staal - RAL 7016,03 derde verdieping,True
0XV2JAMy9FsO_611MuPEdE,IfcRailing,afscheiding,,,217C24CA-5BC2-4FD9-8F86-0415B864E9CE,08 Glas hekwerk,03 derde verdieping,True
13NPacY7jEZhGpdkn4GxV$,IfcRailing,afscheiding,,,435D9926-887B-4E8E-B433-9EEC4443B7FF,05 Staal - RAL 7016,03 derde verdieping,True
1VT50AUTP8L9rp6iFtPo$v,IfcRailing,afscheiding,,,5F74500A-79D6-4854-9D73-1AC3F7672FF9,05 Staal - RAL 7016,03 derde verdieping,True
3i4Sz9JIX568dmh1bgNUzr,IfcRailing,afscheiding,,,EC11CF49-4D28-4518-89F0-AC196A5DEF75,08 Glas hekwerk,03 derde verdieping,True
08kQxXlpj2LfOhfG5JnAe5,IfcRailing,afscheiding,,,08B9AEE1-BF3B-4256-962B-A50153C4AA05,05 Staal - RAL 7016,03 derde verdieping,True
3zjI9arYLFPOwI_s2qR5q8,IfcRailing,afscheiding,,,FDB52264-D625-4F65-8E92-FB60B46C5D08,05 Staal - RAL 7016,03 derde verdieping,True
1HQGFZa79CiRrtzPU0iA54,IfcRailing,traphek,,,516903E3-9072-4CB1-BD77-F59780B0A144,05 Staal C,03 derde verdieping,True
3THh6wol9DE9p0sKC2_JQR,IfcSlab,liftputvloer,,,DD46B1BA-CAF2-4D38-9CC0-D94302F9369B,IFC_betonvloer_ihw_300mm 300,-1 fundering,True
3n$0aQqvnCVgLMGYDxwc9U,IfcSlab,vloer_V0,,,F1FC091A-D39C-4C7E-A556-42237BEA625E,"IFC_vloer_geisoleerde_kanaalplaat_Rc=3,00 333",00 begane grond,True
152mZBEq1ABBFkricfATYn,IfcSlab,vloer_V0,,,450B08CB-3B40-4A2C-B3EE-D6C9A929D8B1,"IFC_vloer_geisoleerde_kanaalplaat_Rc=3,00 333",00 begane grond,True
1BHDU1gL97UfslrSbfRmfy,IfcSlab,vloer_V0,,,4B44D781-A952-477A-9DAF-D5C9696F0A7C,"IFC_vloer_geisoleerde_kanaalplaat_Rc=3,00 333",00 begane grond,True
0GZ1cjigvCbhA8smeI2EOl,IfcSlab,vloer_V0,,,108C19AD-B2AE-4C96-B288-DB0A1208E62F,"IFC_vloer_geisoleerde_kanaalplaat_Rc=3,00 333",00 begane grond,True
3KFzTADcbBYg2niuF4VUeU,IfcSlab,vloer_V0,,,D43FD74A-3669-4B8A-A0B1-B383C47DEA1E,"IFC_vloer_geisoleerde_kanaalplaat_Rc=3,00 333",00 begane grond,True
1JLZkkp4vD_Ph$NdsQnOJw,IfcSlab,vloer_V0,,,53563BAE-CC4E-4DF9-9AFF-5E7D9AC584FA,"IFC_vloer_geisoleerde_kanaalplaat_Rc=3,00 333",00 begane grond,True
3c6u9NZVTBmu7ySb3d4Kyx,IfcSlab,vloer_V0,,,E61B8257-8DF7-4BC3-81FC-7250E7114F3B,"IFC_vloer_geisoleerde_kanaalplaat_Rc=3,00 333",00 begane grond,True
2xho8b5LT0bvdcb_$4vT1A,IfcSlab,vloer_V0,,,BBAF2225-1557-4097-99E6-97EFC4E5D04A,"IFC_vloer_geisoleerde_kanaalplaat_Rc=3,00 333",00 begane grond,True
1ezF2lk9bATPGbDzbqi3lV,IfcSlab,vloer_V0,,,68F4F0AF-B899-4A75-9425-37D974B03BDF,"IFC_vloer_geisoleerde_kanaalplaat_Rc=3,00 333",00 begane grond,True
0Du7sXlKf9Q9osiRbTp0DB,IfcSlab,vloer_V0,,,0DE07DA1-BD4A-4968-9CB6-B1B95DCC034B,"IFC_vloer_geisoleerde_kanaalplaat_Rc=3,00 333",00 begane grond,True
2q30Qb1_LBxgFSuRvgl_Fw,IfcSlab,vloer_V0,,,B40C06A5-07E5-4BEE-A3DC-E1BE6ABFE3FA,"IFC_vloer_geisoleerde_kanaalplaat_Rc=3,00 333",00 begane grond,True
34UVZsoiL7SxjW6pAa_Hb9,IfcSlab,vloer_V0,,,C479F8F6-CAC5-4773-BB60-1B32A4F91949,"IFC_vloer_geisoleerde_kanaalplaat_Rc=3,00 333",00 begane grond,True
0Xrfa1Yov20v9aSa2Qy1KU,IfcSlab,vloer_V0,,,21D69901-8B2E-4203-9264-72409AF0151E,"IFC_vloer_geisoleerde_kanaalplaat_Rc=3,00 333",00 begane grond,True
2S1cg7ETr61vJ48aHPK75L,IfcSlab,vloer_V0,,,9C066A87-39DD-4607-94C4-224459507155,"IFC_vloer_geisoleerde_kanaalplaat_Rc=3,00 333",00 begane grond,True
3er4Hi5O59lhIte0bi4WUx,IfcSlab,vloer_V0,,,E8D4446C-1581-49BE-B4B7-A0096C1207BB,"IFC_vloer_geisoleerde_kanaalplaat_Rc=3,00 333",00 begane grond,True
2en633GqrDIwmtA9fYzxWS,IfcSlab,vloer_V0,,,A8C460C3-434D-4D4B-AC37-289A62F7B81C,"IFC_vloer_geisoleerde_kanaalplaat_Rc=3,00 333",00 begane grond,True
1ubXcoJq9Fj9FIjV4W5qwB,IfcSlab,vloer_V0,,,789619B2-4F42-4FB4-93D2-B5F120174E8B,"IFC_vloer_geisoleerde_kanaalplaat_Rc=3,00 333",00 begane grond,True
2kLPA4gDD7KxNUCt_3L$np,IfcSlab,vloer_V0,,,AE559284-A8D3-4753-B5DE-337F8357FC73,"IFC_vloer_geisoleerde_kanaalplaat_Rc=3,00 333",00 begane grond,True
2aob8QCl16Q8N5ZYzE4b9k,IfcSlab,vloer_V0,,,A4CA521A-32F0-4668-85C5-8E2F4E12526E,"IFC_vloer_geisoleerde_kanaalplaat_Rc=3,00 333",00 begane grond,True
2DoYNgCXz1jwarhecdsY1w,IfcSlab,vloer_V0,,,8DCA25EA-321F-41B7-A935-AE89A7DA207A,"IFC_vloer_geisoleerde_kanaalplaat_Rc=3,00 333",00 begane grond,True
2ZJwwyMMvB5OA8maPq1bML,IfcSlab,vloer_V0,,,A34FAEBC-596E-4B15-8288-C24674065595,"IFC_vloer_geisoleerde_kanaalplaat_Rc=3,00 333",00 begane grond,True
1ZG4DbpJf0lf8Ak2_bQJHW,IfcSlab,vloer_V0,,,63404365-CD3A-40BE-920A-B82FA5693460,"IFC_vloer_geisoleerde_kanaalplaat_Rc=3,00 333",00 begane grond,True
1YpnSB4hH71g3zKepeErHS,IfcSlab,vloer_V0,,,62CF170B-12B4-4706-A0FD-528CE83B545C,"IFC_vloer_geisoleerde_kanaalplaat_Rc=3,00 333",00 begane grond,True
1s_IKjunz8NgE4RwXYmqYm,IfcSlab,vloer_V0,,,76F9252D-E31F-485E-A384-6FA862C348B0,"IFC_vloer_geisoleerde_kanaalplaat_Rc=3,00 333",00 begane grond,True
1stCMPwc91r80V5f3OShVm,IfcSlab,vloer_V0,,,76DCC599-EA62-41D4-801F-1690D872B7F0,"IFC_vloer_geisoleerde_kanaalplaat_Rc=3,00 333",00 begane grond,True
097m$Ifmb1VeHfyhSCj60L,IfcSlab,vloer_V0,,,091F0FD2-A709-417E-8469-F2B70CB46015,"IFC_vloer_geisoleerde_kanaalplaat_Rc=3,00 333",00 begane grond,True
2xLeotJhnB4e2jMPGUDqwD,IfcSlab,vloer_V0,,,BB568CB7-4EBC-4B12-80AD-59941E374E8D,"IFC_vloer_geisoleerde_kanaalplaat_Rc=3,00 333",00 begane grond,True
03t_5XD1v8geHDbzKHx$PA,IfcSlab,vloer_V0,,,03DFE161-341E-48AA-844D-97D511EFF64A,"IFC_vloer_geisoleerde_kanaalplaat_Rc=3,00 333",00 begane grond,True
1d0MiLLsLCdBSuTHp6ynR7,IfcSlab,vloer_V0,,,67016B15-5765-4C9C-B738-751CC6F316C7,"IFC_vloer_geisoleerde_kanaalplaat_Rc=3,00 333",00 begane grond,True
0mRsPczVDDeB_LBFOgCxdq,IfcSlab,vloer_V0,,,306F6666-F5F3-4DA0-BF95-2CF62A33B9F4,"IFC_vloer_geisoleerde_kanaalplaat_Rc=3,00 333",00 begane grond,True
1pSInisE96t8p52fxSGYjG,IfcSlab,vloer_V0,,,73712C6C-D8E2-46DC-8CC5-0A9EDC422B50,"IFC_vloer_geisoleerde_kanaalplaat_Rc=3,00 333",00 begane grond,True
08Su0zaR5EXQNO6ngU$Nih,IfcSlab,vloer_V0,,,0873803D-91B1-4E85-A5D8-1B1A9EFD7B2B,"IFC_vloer_geisoleerde_kanaalplaat_Rc=3,00 333",00 begane grond,True
1ZgBbxSDX0C9d8RHMnr9Bd,IfcSlab,vloer_V0,,,63A8B97B-70D8-4030-99C8-6D15B1D492E7,"IFC_vloer_geisoleerde_kanaalplaat_Rc=3,00 333",00 begane grond,True
0Fi5splwH1mPAxYGMuuTQ1,IfcSlab,vloer_V0,,,0FB05DB3-BFA4-41C1-92BB-8905B8E1D681,"IFC_vloer_geisoleerde_kanaalplaat_Rc=3,00 333",00 begane grond,True
2PngXSH2j6u99nI0sIn2o5,IfcSlab,vloer_V0,,,99C6A85C-442B-46E0-9271-480D92C42C85,"IFC_vloer_geisoleerde_kanaalplaat_Rc=3,00 333",00 begane grond,True
3_HjQT0vD1POpnG530wEp7,IfcSlab,vloer_V0,,,FE46D69D-0393-4165-8CF1-4050C0E8ECC7,"IFC_vloer_geisoleerde_kanaalplaat_Rc=3,00 333",00 begane grond,True
1nFD6aK1vEMPoRETGtTcaG,IfcSlab,vloer_V0,,,713CD1A4-501E-4E59-9C9B-39D437766910,"IFC_vloer_geisoleerde_kanaalplaat_Rc=3,00 333",00 begane grond,True
2jfgBlXC5DqAtt9Imu_ZDa,IfcSlab,vloer_V0,,,ADA6A2EF-84C1-4DD0-ADF7-252C38FA3364,"IFC_vloer_geisoleerde_kanaalplaat_Rc=3,00 333",00 begane grond,True
16GzHPPq1BKv2r3QIxB1$6,IfcSlab,vloer_V0,,,4643D459-6740-4B53-90B5-0DA4BB2C1FC6,"IFC_vloer_geisoleerde_kanaalplaat_Rc=3,00 333",00 begane grond,True
1IlNDv2PvF_hqZ997BA_c0,IfcSlab,vloer_V0,,,52BD7379-099E-4FFA-BD23-2491CB2BE980,"IFC_vloer_geisoleerde_kanaalplaat_Rc=3,00 333",00 begane grond,True
2dWeqcZXj94QwNPbNEIcDK,IfcSlab,vloer_V0,,,A7828D26-8E1B-4911-AE97-6655CE4A6354,"IFC_vloer_geisoleerde_kanaalplaat_Rc=3,00 333",00 begane grond,True
2ip6lMIlb0Awnp24k3KfFY,IfcSlab,vloer_V0,,,ACCC6BD6-4AF9-402B-AC73-084B835293E2,"IFC_vloer_geisoleerde_kanaalplaat_Rc=3,00 333",00 begane grond,True
3$gsVev9X1F8KTRxQi7mEd,IfcSlab,vloer_V0,,,FFAB67E8-E498-413C-851D-6FB6AC1F03A7,"IFC_vloer_geisoleerde_kanaalplaat_Rc=3,00 333",00 begane grond,True
1EU0692GvC8Rre0xYHuYMJ,IfcSlab,vloer_V0,,,4E780189-090E-4C21-BD68-03B891E22593,"IFC_vloer_EPS_stortstrook_Rc=3,00 335",00 begane grond,True
2EK7acXG14vgx_QU1OeZ7J,IfcSlab,vloer_V0,,,8E507926-8500-44E6-AEFE-69E058A231D3,"IFC_vloer_EPS_stortstrook_Rc=3,00 335",00 begane grond,True
1vpshNcXb0UeBNhC5kKbgC,IfcSlab,vloer_V0,,,79CF6AD7-9A19-407A-82D7-ACC16E525A8C,"IFC_vloer_geisoleerde_kanaalplaat_Rc=3,00 333",00 begane grond,True
1hiPVVgU11kOxHw3SC63rG,IfcSlab,vloer_V0,,,6BB197DF-A9E0-41B9-8ED1-E8370C183D50,"IFC_vloer_EPS_stortstrook_Rc=3,00 335",00 begane grond,True
2LoDEf2jP0b9CMdtWhwNOO,IfcSlab,vloer_V0,,,95C8D3A9-0AD6-4094-9316-9F782BE97618,"IFC_vloer_EPS_stortstrook_Rc=3,00 335",00 begane grond,True
3UgqfaQcn7kwp58pqnjWYX,IfcSlab,vloer_V0,,,DEAB4A64-6A6C-47BB-ACC5-233D31B608A1,"IFC_vloer_EPS_stortstrook_Rc=3,00 335",00 begane grond,True
3ctpV8GSz3JPQfqe2o$oED,IfcSlab,vloer_V0,,,E6DF37C8-41CF-434D-96A9-D280B2FF238D,"IFC_vloer_geisoleerde_kanaalplaat_Rc=3,00 333",00 begane grond,True
0jxtYk_DPFmfsr5FLf4yfo,IfcSlab,vloerstort V0,,,2DEF78AE-F8D6-4FC2-9DB5-14F56913CA72,IFC_betonvloer_ihw 345,00 begane grond,True
07Mt9VfSXBPhNIIEhg25gT,IfcSlab,dekvloer,,,075B725F-A5C8-4B66-B5D2-48EAEA085A9D,IFC_dekvloer 90,00 begane grond,True
30X9aYMbfA3vABGnSJSZLO,IfcSlab,dekvloer,,,C0849922-5A5A-4A0F-928B-431713723558,IFC_dekvloer 90,00 begane grond,True
39SjBu3a1E$APuKEawG581,IfcSlab,vloer_V0,,,C972D2F8-0E40-4EFC-A678-50E93A405201,"IFC_vloer_geisoleerde_kanaalplaat_Rc=3,00 333",00 begane grond,True
1z36FH34L0DAymH2KSHwC2,IfcSlab,dekvloer,,,7D0C63D1-0C45-4034-AF30-44251C47A302,IFC_dekvloer 90,00 begane grond,True
0QGCC$bkn95gfJjhCRK1S$,IfcSlab,dekvloer,,,1A40C33F-96EC-4916-AA53-B6B31B50173F,IFC_dekvloer 90,00 begane grond,True
0Lv4sEWdn9WfY3cCL$tL9r,IfcSlab,dekvloer,,,15E44D8E-827C-4982-9883-98C57FDD5275,IFC_dekvloer 90,00 begane grond,True
37UC2ejVH0mQsQEsti1ePj,IfcSlab,dekvloer,,,C778C0A8-B5F4-40C1-AD9A-3B6DEC06866D,IFC_dekvloer 90,00 begane grond,True
1FrPU10uj5vRBM$ME6kjwV,IfcSlab,dekvloer,,,4FD59781-038B-45E5-B2D6-FD6386BADE9F,IFC_dekvloer 90,00 begane grond,True
1m_qhh$In8cv9sJA57EIx9,IfcSlab,dekvloer,,,70FB4AEB-FD2C-489B-9276-4CA147392EC9,IFC_dekvloer 90,00 begane grond,True
2DcZS4kev35vv_ejuKPKPl,IfcSlab,dekvloer,,,8D9A3704-BA8E-4317-9E7E-A2DE1465466F,IFC_dekvloer 90,00 begane grond,True
2ZCCQn6f5CnA2EvHQZH92C,IfcSlab,dekvloer,,,A330C6B1-1A91-4CC4-A08E-E516A344908C,IFC_dekvloer 90,00 begane grond,True
09n_zCJi9B28tPtQw6BxUr,IfcSlab,dekvloer,,,09C7EF4C-4EC2-4B08-8DD9-DDAE862FB7B5,IFC_dekvloer 90,00 begane grond,True
2dHfVnv319IQI87h$OrLBS,IfcSlab,dekvloer,,,A74697F1-E430-4949-A488-1EBFD8D552DC,IFC_dekvloer 90,00 begane grond,True
3kdu3VxUzF1R6ZJfnANstW,IfcSlab,dekvloer,,,EE9F80DF-EDEF-4F05-B1A3-4E9C4A5F6DE0,IFC_dekvloer 90,00 begane grond,True
3PMBte07rF1u4WPaQp467x,IfcSlab,dekvloer,,,D958BDE8-007D-4F07-8120-6646B31061FB,IFC_dekvloer 90,00 begane grond,True
0HSv6PpbD2BfTJigk5W2Ro,IfcSlab,dekvloer,,,11739199-CE53-422E-9753-B2AB858026F2,IFC_dekvloer 90,00 begane grond,True
1TnqA0GVv37hIAk1d8SLxS,IfcSlab,dekvloer,,,5DC74280-41FE-431E-B48A-B819C8715EDC,IFC_dekvloer 90,00 begane grond,True
0$5GRLLgn7I8ZPcI7rOsbG,IfcSlab,dekvloer,,,3F1506D5-56AC-4748-88D9-9921F5636950,IFC_dekvloer 90,00 begane grond,True
3pCtkV8rH5cfLSpwnY7plt,IfcSlab,dekvloer,,,F3337B9F-2354-459A-955C-CFAC621F3BF7,IFC_dekvloer 90,00 begane grond,True
2r9Rd7wfb74u0H82M9rkNJ,IfcSlab,dekvloer,,,B525B9C7-EA99-4713-8011-202589D6E5D3,IFC_dekvloer 90,00 begane grond,True
37Ro54gDf1LB1mTnwX5Aup,IfcSlab,dekvloer,,,C76F2144-A8DA-4154-B070-771EA114AE33,IFC_dekvloer 90,00 begane grond,True
3fBmwjfbHClhZFnLmF3vib,IfcSlab,dekvloer,,,E92F0EAD-A654-4CBE-B8CF-C55C0F0F9B25,IFC_dekvloer 90,00 begane grond,True
1Ubc9b75DETwPSDHK48dhV,IfcSlab,dekvloer,,,5E966265-1C53-4E77-A65C-351504227ADF,IFC_dekvloer 90,00 begane grond,True
2Bau621bX8OR8tXqSleIiB,IfcSlab,dekvloer,,,8B938182-0658-4861-B237-87472FA12B0B,IFC_dekvloer 90,00 begane grond,True
031QW3IZP55A_T8QKJY9nI,IfcSlab,dekvloer,,,0305A803-4A36-4514-AF9D-21A513889C52,IFC_dekvloer 90,00 begane grond,True
2b_eD15mT89x$yAkCYIShc,IfcSlab,dekvloer,,,A5FA8341-1707-4827-BFFC-2AE32249CAE6,IFC_dekvloer 90,00 begane grond,True
3DoyKCgjn75uJSw08MNRdX,IfcSlab,dekvloer,,,CDCBC50C-AADC-4717-84DC-E802165DB9E1,IFC_dekvloer 90,00 begane grond,True
3R08IZdRr50ufFCp6Ry$pe,IfcSlab,vloertegels,,,DB0084A3-9DBD-4503-8A4F-33319BF3FCE8,04 vloertegels 200x200 10,00 begane grond,True
2LsFs9dmf6Rhv8K9TFseHz,IfcSlab,schoonloopmat,,,95D8FD89-9F0A-466E-BE48-50974FDA847D,IFC schoonloopmat 8,00 begane grond,True
0QMRbnWY93Av6dpvLwMXTd,IfcSlab,vloerveld,,,1A59B971-8222-432B-91A7-CF957A5A1767,IFC_breedplaat_betonvloer_ihw_290mm 290,01 eerste verdieping,True
1OIsB5jXb41PiO2kBNmaM4,IfcSlab,vloerveld,,,584B62C5-B619-4405-9B18-0AE2D7C24584,IFC_breedplaat_schil_60mm 60,01 eerste verdieping,True
3Yfh_tf2L3dOftkR7mQtLp,IfcSlab,vloerveld,,,E2A6BFB7-A425-439D-8A77-B9B1F06B7573,IFC_breedplaat_schil_60mm 60,01 eerste verdieping,True
2s_5IkW0XAae4X3I5zK7q4,IfcSlab,vloerveld,,,B6F854AE-8008-4A92-8121-0D217D507D04,IFC_breedplaat_schil_60mm 60,01 eerste verdieping,True
3LhtKzwFz6VPKSl6QvG8CQ,IfcSlab,vloerveld,,,D5AF753D-E8FF-467D-951C-BC66B940831A,IFC_breedplaat_schil_60mm 60,01 eerste verdieping,True
1qvBT5n4r5kOSwFD9L8K0o,IfcSlab,vloerveld,,,74E4B745-C44D-45B9-873A-3CD255214032,IFC_breedplaat_schil_60mm 60,01 eerste verdieping,True
08ZXIC9eHDWRVFOlPhj72E,IfcSlab,vloerveld,,,088E148C-2684-4D81-B7CF-62F66BB4708E,IFC_breedplaat_schil_60mm 60,01 eerste verdieping,True
3BapTVi1vFMBnwVYgcGczp,IfcSlab,vloerveld,,,CB93375F-B01E-4F58-BC7A-7E2AA6426F73,IFC_breedplaat_schil_60mm 60,01 eerste verdieping,True
2TidtDbWz2HfSqssh$GYwZ,IfcSlab,vloerveld,,,9DB27DCD-960F-4246-9734-DB6AFF422EA3,IFC_breedplaat_schil_60mm 60,01 eerste verdieping,True
3bTNRD3VP7Z8V5Qra3JwOp,IfcSlab,vloerveld,,,E57576CD-0DF6-478C-87C5-6B59034FA633,IFC_breedplaat_schil_60mm 60,01 eerste verdieping,True
0R4623l2TDzenWFiIiswM1,IfcSlab,vloerveld,,,1B106083-BC27-4DF6-8C60-3EC4ACDBA581,IFC_breedplaat_schil_60mm 60,01 eerste verdieping,True
1kiS27OUHAY8wNtz_qX8bj,IfcSlab,vloerveld,,,6EB1C087-61E4-4A88-8E97-DFDFB484896D,IFC_breedplaat_schil_60mm 60,01 eerste verdieping,True
2hh9UjWIL2w9WwuMjzqstz,IfcSlab,vloerveld,,,ABAC97AD-8125-42E8-983A-E16B7DD36DFD,IFC_breedplaat_schil_60mm 60,01 eerste verdieping,True
1dCrpUZmvC4umTbPe7ddOk,IfcSlab,vloerveld,,,67335CDE-8F0E-4C13-8C1D-959A079E762E,IFC_breedplaat_schil_60mm 60,01 eerste verdieping,True
2ah3ltN7nCQ9VF6L1zEK1m,IfcSlab,vloerveld,,,A4AC3BF7-5C7C-4C68-97CF-19507D394070,IFC_breedplaat_schil_60mm 60,01 eerste verdieping,True
19E2QmV$L6c8DOIYygVF1N,IfcSlab,vloerveld,,,493826B0-7FF5-4698-8358-4A2F2A7CF057,IFC_breedplaat_schil_60mm 60,01 eerste verdieping,True
287l_KcXPC0g4vq6mShiRv,IfcSlab,vloerveld,,,881EFF94-9A16-4C02-A139-D06C1CAEC6F9,IFC_breedplaat_schil_60mm 60,01 eerste verdieping,True
3o6eM88iDBLBW61gt9z35u,IfcSlab,vloerveld,,,F21A8588-22C3-4B54-B806-06ADC9F43178,IFC_breedplaat_schil_60mm 60,01 eerste verdieping,True
2qB4dVXdn65uKV2yWsW_6l,IfcSlab,vloerveld,,,B42C49DF-867C-4617-851F-0BC83683E1AF,IFC_breedplaat_betonvloer_ihw_200mm 200,01 eerste verdieping,True
23_XwbBRjAB8x$lT1cavmp,IfcSlab,vloerveld,,,83FA1EA5-2DBB-4A2C-8EFF-BDD066939C33,IFC_breedplaat_schil_60mm 60,01 eerste verdieping,True
0bxMIwnGLCbgjsQk43tTK$,IfcSlab,sporenkap,,,25ED64BA-C505-4C96-AB76-6AE103DDD53F,"IFC_dakplaat_geisoleerd_Rc=4,00 206",01 eerste verdieping,True
2H6QJz_7XBA9rec338IzRM,IfcSlab,sporenkap,,,9119A4FD-F878-4B28-9D68-9830C84BD6D6,IFC_dakplaat_195_overstek_ongeisoleerd 195,01 eerste verdieping,True
0DFJCuN8r6WRVW_GxdBvRT,IfcSlab,sporenkap,,,0D3D3338-5C8D-4681-B7E0-F90EE72F96DD,IFC_dakplaat_195_overstek_ongeisoleerd 195,01 eerste verdieping,True
0oWZTX4_z54hp752v_Qa42,IfcSlab,sporenkap,,,32823761-13EF-4512-BCC7-142E7E6A4102,IFC_dakplaat_100_overstek_geisoleerd 100,01 eerste verdieping,True
1c7GSzzuj1WO_Gs_23Ca4q,IfcSlab,sporenkap,,,661D073D-F78B-4181-8F90-DBE083324134,IFC_dakplaat_100_overstek_geisoleerd 100,01 eerste verdieping,True
22nWq74YPFteCBjUc6JjZ0,IfcSlab,sporenkap,,,82C60D07-1226-4FDE-830B-B5E9864ED8C0,"IFC_dakplaat_geisoleerd_Rc=4,00 206",01 eerste verdieping,True
0uRa8_$V12fwPAz12OHbBT,IfcSlab,sporenkap,,,386E423E-FDF0-42A7-A64A-F410984652DD,IFC_dakplaat_100_overstek_geisoleerd 100,01 eerste verdieping,True
2X0E5JmgP1luFCa0knY3CG,IfcSlab,sporenkap,,,A100E153-C2A6-41BF-83CC-900BB1883310,"IFC_dakplaat_geisoleerd_Rc=4,00 206",01 eerste verdieping,True
0OJWn0JefCv9hzpdii2Imm,IfcSlab,prefab balkon,,,184E0C40-4E8A-4CE4-9AFD-CE7B2C092C30,02 Beton gewapend - prefab,01 eerste verdieping,True
0uAZdPNur5UQMtvFbGsfuY,IfcSlab,gootconstructie,,,382A39D9-5F8D-4579-A5B7-E4F950DA9E22,IFC_gootconstructie_rekwerk_ongeisoleerd 100,01 eerste verdieping,True
2QwOZORnH1U8$Obabf6tRd,IfcSlab,gootconstructie,,,9AE988D8-6F14-4178-8FD8-9649691B76E7,IFC_gootconstructie_rekwerk_ongeisoleerd 100,01 eerste verdieping,True
2QJ29Th2j3j9j2_UL9ptc3,IfcSlab,sporenkap,,,9A4C225D-AC2B-43B4-9B42-F9E549CF7983,IFC_dakplaat_195_overstek_ongeisoleerd 195,01 eerste verdieping,True
38Mg2Gj2T8XwRV2IuUentp,IfcSlab,sporenkap,,,C85AA090-B427-4887-A6DF-092E1EA31DF3,IFC_dakplaat_195_overstek_ongeisoleerd 195,01 eerste verdieping,True
2tmREkUVP0KhkDPItRVwae,IfcSlab,dakisolatie,,,B7C1B3AE-79F6-4052-BB8D-652DDB7FA928,99 Isolatie - Glaswol 190mm 206,01 eerste verdieping,True
0e2AmNgkb1Gflqp22P2CPd,IfcSlab,dak dakkapel,,,2808AC17-AAE9-4142-9BF4-CC209908C667,IFC_dakkapel_dakelement 173,01 eerste verdieping,True
0m_7iL50T1pgK3U7zqTZQ9,IfcSlab,dak dakkapel,,,30F87B15-1407-41CE-A503-787F74763689,IFC_dakkapel_dakelement 173,01 eerste verdieping,True
3PYbhELXr92BK4WMFmpGVj,IfcSlab,dak dakkapel,,,D98A5ACE-561D-4908-B504-8163F0CD07ED,IFC_dakkapel_dakelement 173,01 eerste verdieping,True
1K_rplvXD0rO3a2dNEYcoq,IfcSlab,sporenkap,,,54FB5CEF-E613-40D5-80E4-0A75CE8A6CB4,IFC_dakplaat_195_overstek_ongeisoleerd 195,01 eerste verdieping,True
0UG3QiMpzDlg6DLAqExEcS,IfcSlab,sporenkap,,,1E4036AC-5B3F-4DBE-A18D-54AD0EECE99C,IFC_dakplaat_195_overstek_ongeisoleerd 195,01 eerste verdieping,True
2OgpDYzvL2QhgeI9VmDEUN,IfcSlab,dakelement,,,98AB3362-F795-426A-BAA8-4897F034E797,04 Zink,01 eerste verdieping,True
3GhhN$uvX5igu88pzhiJv8,IfcSlab,dak dakkapel,,,D0AEB5FF-E398-45B2-AE08-233F6BB13E48,IFC_dakkapel_dakelement 173,01 eerste verdieping,True
1dQx3P9dH7vhwAJwVUYYGE,IfcSlab,vloerveld,,,676BB0D9-2674-47E6-BE8A-4FA7DE8A240E,IFC_breedplaat_betonvloer_ihw_200mm 200,01 eerste verdieping,True
1y_z8K3DLD8P7YJTBHImTW,IfcSlab,vloerveld,,,7CFBD214-0CD5-4D21-91E2-4DD2D14B0760,IFC_breedplaat_schil_60mm 60,01 eerste verdieping,True
2aLZDRWLv3kBhXLwCrnxSH,IfcSlab,vloerveld,,,A456335B-815E-43B8-BAE1-57A335C7B711,IFC_breedplaat_schil_60mm 60,01 eerste verdieping,True
2MGtJUm9nD$Re1_MDIv0g2,IfcSlab,dekvloer,,,964374DE-C09C-4DFD-BA01-F96352E40A82,IFC_dekvloer_zwevend 90,01 eerste verdieping,True
047hRisLn70Bn_GLMR1G1S,IfcSlab,dekvloer,,,041EB6EC-D95C-4700-BC7E-41559B05005C,IFC_dekvloer_zwevend 90,01 eerste verdieping,True
35N2HpIELEtPD3xssMGgew,IfcSlab,dekvloer,,,C55C2473-48E5-4EDD-9343-EF6D9642AA3A,IFC_dekvloer_zwevend 90,01 eerste verdieping,True
19cnP4Bm90V9KyCekAFXxu,IfcSlab,dekvloer,,,499B1644-2F02-407C-953C-328B8A3E1EF8,IFC_dekvloer_zwevend 90,01 eerste verdieping,True
3qewII9V1EEubSogUzOIBY,IfcSlab,dekvloer,,,F4A3A492-25F0-4E3B-895C-CAA7BD6122E2,IFC_dekvloer_zwevend 90,01 eerste verdieping,True
1ERFleB4fBBfBOswxk$Xdp,IfcSlab,dekvloer,,,4E6CFBE8-2C4A-4B2E-92D8-DBAEEEFE19F3,IFC_dekvloer_zwevend 90,01 eerste verdieping,True
0KiQHeBg1E1vCJHKQmVSFE,IfcSlab,dekvloer,,,14B1A468-2EA0-4E07-9313-4546B07DC3CE,IFC_dekvloer_zwevend 90,01 eerste verdieping,True
0RPHfQWPHBdBX1ccCVEpVD,IfcSlab,dekvloer,,,1B651A5A-8194-4B9C-B841-9A631F3B37CD,IFC_dekvloer_zwevend 90,01 eerste verdieping,True
3ycHvSZkr4dQo86guV5eIK,IfcSlab,dekvloer,,,FC991E5C-8EED-449D-AC88-1AAE1F168494,IFC_dekvloer_zwevend 90,01 eerste verdieping,True
3TyRkCAozEAhemCLbgpc0y,IfcSlab,dekvloer,,,DDF1BB8C-2B2F-4E2A-BA30-31596ACE603C,IFC_dekvloer_zwevend 90,01 eerste verdieping,True
0MI_2HZ992Bx$nIp0Ts0HN,IfcSlab,dekvloer,,,164BE091-8C92-422F-BFF1-4B301DD80457,IFC_dekvloer_zwevend 90,01 eerste verdieping,True
22n$AYXlT6Du$WGeK8$9Iq,IfcSlab,dekvloer,,,82C7F2A2-86F7-4637-8FE0-428508FC94B4,IFC_dekvloer_zwevend 90,01 eerste verdieping,True
3z$jhdTIz3KQIVA03ccSlX,IfcSlab,dekvloer,,,FDFEDAE7-752F-4351-A49F-2800E699CBE1,IFC_dekvloer_zwevend 90,01 eerste verdieping,True
3lhisrBxL8xgLCRdxNG$2v,IfcSlab,dekvloer,,,EFAECDB5-2FB5-48EE-A54C-6E7ED743F0B9,IFC_dekvloer_zwevend 90,01 eerste verdieping,True
1hLy1Edbj5rgNEl39t96Zu,IfcSlab,dekvloer,,,6B57C04E-9E5B-45D6-A5CE-BC32772468F8,IFC_dekvloer_zwevend 90,01 eerste verdieping,True
3U5VF90aX4EPY0n0sy5tfn,IfcSlab,dekvloer,,,DE15F3C9-0248-4439-9880-C40DBC177A71,IFC_dekvloer_zwevend 90,01 eerste verdieping,True
1TMPN6ORz3V97VjLq_yYT$,IfcSlab,dekvloer,,,5D5995C6-61BF-437C-91DF-B55D3EF2277F,IFC_dekvloer_zwevend 90,01 eerste verdieping,True
20WcZDP8zBu9vHK_3hpKya,IfcSlab,dekvloer,,,808268CD-648F-4BE0-9E51-53E0EBCD4F24,IFC_dekvloer_zwevend 90,01 eerste verdieping,True
1UW7PE1gDERBLJr$nLgoec,IfcSlab,dekvloer,,,5E80764E-06A3-4E6C-B553-D7FC55AB2A26,IFC_dekvloer_zwevend 90,01 eerste verdieping,True
2WXOgWSjzCfR4IRJ_Z1gjK,IfcSlab,dekvloer,,,A0858AA0-72DF-4CA5-B112-6D3FA306AB54,IFC_dekvloer_zwevend 90,01 eerste verdieping,True
13klpZHlDB8wG49s9DUIV8,IfcSlab,dekvloer,,,43BAFCE3-46F3-4B23-A404-27624D7927C8,IFC_dekvloer_zwevend 90,01 eerste verdieping,True
0K6QmOqO9ATe9WGMwhBHoC,IfcSlab,dekvloer,,,1419AC18-D182-4A76-8260-416EAB2D1C8C,IFC_dekvloer_zwevend 90,01 eerste verdieping,True
2WhALKJ6HDCBIy$zrtx8Xo,IfcSlab,vloerveld,,,A0ACA554-4C64-4D30-B4BC-FFDD77EC8872,IFC_breedplaat_betonvloer_ihw_290mm 290,02 tweede verdieping,True
0QENsgqy1AHgG_7VgYdbwc,IfcSlab,vloerveld,,,1A397DAA-D3C0-4A46-A43E-1DFAA29E5EA6,IFC_breedplaat_schil_60mm 60,02 tweede verdieping,True
1Kvhfn7iT0lvacFUqniu5y,IfcSlab,vloerveld,,,54E6BA71-1EC7-40BF-9926-3DED31B3817C,IFC_breedplaat_schil_60mm 60,02 tweede verdieping,True
1A4uhs68j3Suvp_DeIOyYn,IfcSlab,vloerveld,,,4A138AF6-188B-4373-8E73-F8DA1263C8B1,IFC_breedplaat_schil_60mm 60,02 tweede verdieping,True
12tm$BD113oAzHX6K_xB_Z,IfcSlab,vloerveld,,,42DF0FCB-3410-43C8-AF51-84653EECBFA3,IFC_breedplaat_schil_60mm 60,02 tweede verdieping,True
0GDbLsPyr8u8sjnEP52zPP,IfcSlab,vloerveld,,,10365576-67CD-48E0-8DAD-C4E6450BD659,IFC_breedplaat_schil_60mm 60,02 tweede verdieping,True
0oWjkdPRH11hIjsKRnvymk,IfcSlab,vloerveld,,,3282DBA7-65B4-4106-B4AD-D946F1E7CC2E,IFC_breedplaat_schil_60mm 60,02 tweede verdieping,True
0AWsnDjX10P8BR94gyNj2o,IfcSlab,vloerveld,,,0A836C4D-B610-4064-82DB-244ABC5ED0B2,IFC_breedplaat_schil_60mm 60,02 tweede verdieping,True
3kQNZLqVfDcRRvBkM1IMS9,IfcSlab,vloerveld,,,EE6978D5-D1FA-4D99-B6F9-2EE581496709,IFC_breedplaat_schil_60mm 60,02 tweede verdieping,True
06YbFx9M15FBLOYIMVt2$r,IfcSlab,vloerveld,,,068A53FB-2560-453C-B558-89259FDC2FF5,IFC_breedplaat_schil_60mm 60,02 tweede verdieping,True
3y2ALpG0z8_OFPbRCDWgIT,IfcSlab,vloerveld,,,FC08A573-400F-48F9-83D9-95B30D82A49D,IFC_breedplaat_schil_60mm 60,02 tweede verdieping,True
3TpyrZupTCDPuevUhz2MFt,IfcSlab,vloerveld,,,DDCFCD63-E337-4C35-9E28-E5EAFD0963F7,IFC_breedplaat_schil_60mm 60,02 tweede verdieping,True
1fRPC59i5A$Bo5RZ$znSER,IfcSlab,prefab balkon,,,696D9305-26C1-4AFC-BC85-6E3FFDC5C39B,02 Beton gewapend - prefab,02 tweede verdieping,True
2qZf7$0pX6jh2ueXurPaRM,IfcSlab,prefab balkon,,,B48E91FF-0338-46B6-B0B8-A21E356646D6,02 Beton gewapend - prefab,02 tweede verdieping,True
26QGTgi0r7xhS4C$UZx$YZ,IfcSlab,plat dak,,,8669076A-B00D-47EE-B704-33F7A3EFF8A3,IFC_plat_dak_geisoleerd 171,02 tweede verdieping,True
2ppWtuzIb52xZcr932qIAx,IfcSlab,plat dak,,,B3CE0DF8-F529-450B-B8E6-D490C2D122BB,IFC_plat_dak_geisoleerd 171,02 tweede verdieping,True
0ZzyGbASLD1wvphFCXGJtB,IfcSlab,plat dak,,,23F7C425-29C5-4D07-AE73-ACF321413DCB,IFC_plat_dak_geisoleerd 171,02 tweede verdieping,True
0d2YNnUYH3Khfs3ilMqi4T,IfcSlab,plat dak,,,270A25F1-7A24-4352-BA76-0ECBD6D2C11D,IFC_plat_dak_geisoleerd 171,02 tweede verdieping,True
2_2cZUZ01FcvMu56$zuMQU,IfcSlab,plat dak,,,BE0A68DE-8C00-4F9B-95B8-146FFDE1669E,IFC_plat_dak_geisoleerd 171,02 tweede verdieping,True
0Afia98bP9KBSQQT1fcIdJ,IfcSlab,plat dak,,,0AA6C909-2256-4950-B71A-69D0699929D3,IFC_plat_dak_geisoleerd 171,02 tweede verdieping,True
0EHLW2CirCPANVPbmTwDe0,IfcSlab,dakelement,,,0E455802-32CD-4C64-A5DF-665C1DE8DA00,01 plaatmateriaal - multiplex 18,02 tweede verdieping,True
0W2prqqkT7HxP90f8uQS80,IfcSlab,vloerveld,,,200B3D74-D2E7-4747-B649-02923869C200,IFC_breedplaat_schil_60mm 60,02 tweede verdieping,True
3IbuwYOm5EV9Q6cXmwVWqd,IfcSlab,dekvloer,,,D2978EA2-6301-4E7C-9686-9A1C3A7E0D27,IFC_dekvloer_zwevend 90,02 tweede verdieping,True
2OE9tlHI938fd8O3mI3mRz,IfcSlab,dekvloer,,,98389DEF-4522-4322-99C8-603C120F06FD,IFC_dekvloer_zwevend 90,02 tweede verdieping,True
2JUSlrYQr1YwP3ayxXu$lj,IfcSlab,dekvloer,,,9379CBF5-89AD-418B-A643-93CEE1E3FBED,IFC_dekvloer_zwevend 90,02 tweede verdieping,True
0IjlUMbxXBUhcjfKxT2apw,IfcSlab,dekvloer,,,12B6F796-97B8-4B7A-B9AD-A54EDD0A4CFA,IFC_dekvloer_zwevend 90,02 tweede verdieping,True
2_qWdodb95chXxayrOIlDh,IfcSlab,dekvloer,,,BED209F2-9E52-459A-B87B-93CD584AF36B,IFC_dekvloer_zwevend 90,02 tweede verdieping,True
23kW8A8yPA5wftTGD5UJ8H,IfcSlab,dekvloer,,,83BA020A-23C6-4A17-AA77-750345793211,IFC_dekvloer_zwevend 90,02 tweede verdieping,True
24d$bXEtDFMPrak4J5bypx,IfcSlab,dekvloer,,,849FF961-3B73-4F59-9D64-B844C597CCFB,IFC_dekvloer_zwevend 90,02 tweede verdieping,True
1TcxEYnb1DneRMQvN9jV_3,IfcSlab,dekvloer,,,5D9BB3A2-C650-4DC6-86D6-6B95C9B5FF83,IFC_dekvloer_zwevend 90,02 tweede verdieping,True
3Ri_Iqblr1TOWWvS199ANc,IfcSlab,dekvloer,,,DBB3E4B4-96FD-4175-8820-E5C04924A5E6,IFC_dekvloer_zwevend 90,02 tweede verdieping,True
1kXSox_0P3kBFuaJXmZIbM,IfcSlab,dekvloer,,,6E85CCBB-F806-43B8-B3F8-9138708D2956,IFC_dekvloer_zwevend 90,02 tweede verdieping,True
1PBBUyIv59YPrzStA9_TH5,IfcSlab,dekvloer,,,592CB7BC-4B91-4989-9D7D-737289F9D445,IFC_dekvloer_zwevend 90,02 tweede verdieping,True
36cEtcIur7XxueyFJ22C$U,IfcSlab,dekvloer,,,C698EDE6-4B8D-4787-BE28-F0F4C208CFDE,IFC_dekvloer_zwevend 90,02 tweede verdieping,True
3LCPmQCcP9UfP49BhFjY_v,IfcSlab,dekvloer,,,D5319C1A-3266-497A-9644-24BACFB62FB9,IFC_dekvloer_zwevend 90,02 tweede verdieping,True
1uDn0xT8LBkP15zQc9MVDW,IfcSlab,dekvloer,,,7837103B-7485-4BB9-9045-F5A98959F360,IFC_dekvloer_zwevend 90,02 tweede verdieping,True
2bOVZypgn3veu4GI9jl2pr,IfcSlab,dekvloer,,,A561F8FC-CEAC-43E6-8E04-41226DBC2CF5,IFC_dekvloer_zwevend 90,02 tweede verdieping,True
3JnGo5kRD3kv3Rkne47JeJ,IfcSlab,sporenkap,,,D3C50C85-B9B3-43BB-90DB-BB1A041D3A13,IFC_dakplaat_195_overstek_ongeisoleerd 195,03 derde verdieping,True
1Y55qRPPPCRhLwNtBw8nIA,IfcSlab,dak dakkapel,,,62145D1B-6596-4C6E-B57A-5F72FA23148A,IFC_dakkapel_dakelement_lift 140,03 derde verdieping,True
1S4kav8FL1RQylSmEgz4YB,IfcSlab,vloerveld,,,5C12E939-20F5-416D-AF2F-7303AAF4488B,IFC_breedplaat_betonvloer_ihw_290mm 290,03 derde verdieping,True
23jZ8BYuD3JQAc1sRY1ypr,IfcSlab,vloerveld,,,83B6320B-8B83-434D-A2A6-0766E207CCF5,IFC_breedplaat_schil_60mm 60,03 derde verdieping,True
0MTjgouej41vc5kR6nZXQG,IfcSlab,vloerveld,,,1676DAB2-E28B-4407-9985-B9B1B18E1690,IFC_breedplaat_schil_60mm 60,03 derde verdieping,True
1H88Aq3XD3j98yuey8MDDj,IfcSlab,vloerveld,,,512082B4-0E13-43B4-923C-E28F0858D36D,IFC_breedplaat_schil_60mm 60,03 derde verdieping,True
3pG6Qgm9z3BByeQ1OKEmau,IfcSlab,vloerveld,,,F34066AA-C09F-432C-BF28-6816143B0938,IFC_breedplaat_schil_60mm 60,03 derde verdieping,True
1pRH$qNy55BR7B$JxNXYH$,IfcSlab,vloerveld,,,736D1FF4-5FC1-452D-B1CB-FD3ED786247F,IFC_breedplaat_schil_60mm 60,03 derde verdieping,True
1CdYrpLtD2wuxJCq5tooJl,IfcSlab,vloerveld,,,4C9E2D73-5773-42EB-8ED3-334177CB24EF,IFC_breedplaat_schil_60mm 60,03 derde verdieping,True
2OQCgPiQv7IPpLtWt$dHbD,IfcSlab,vloerveld,,,9868CA99-B1AE-4749-9CD5-DE0DFF9D194D,IFC_breedplaat_schil_60mm 60,03 derde verdieping,True
3C2fvEKUr00BlwuG1or05l,IfcSlab,vloerveld,,,CC0A9E4E-51ED-4000-BBFA-E10072D4016F,IFC_breedplaat_schil_60mm 60,03 derde verdieping,True
3VK06fkLr3MfpgZhk2ZxRI,IfcSlab,vloerveld,,,DF5001A9-B95D-435A-9CEA-8EBB828FB6D2,IFC_breedplaat_schil_60mm 60,03 derde verdieping,True
2ebzGcSDj2Cf3lvWw81TRa,IfcSlab,vloerveld,,,A897D426-70DB-4232-90EF-E60E8805D6E4,IFC_breedplaat_schil_60mm 60,03 derde verdieping,True
3AqFO5i0TDCQqSc0OVWUzc,IfcSlab,vloerveld,,,CAD0F605-B007-4D31-AD1C-98061F81EF66,IFC_breedplaat_schil_60mm 60,03 derde verdieping,True
3RcgO_0A18ORamoBzt$oQ9,IfcSlab,vloerveld,,,DB9AA63E-00A0-4861-B930-C8BF77FF2689,IFC_breedplaat_schil_60mm 60,03 derde verdieping,True
208bKcFObBc8ucwRJqscKk,IfcSlab,sporenkap,,,80225526-3D89-4B98-8E26-E9B4F4DA652E,"IFC_dakplaat_geisoleerd_Rc=4,00 206",03 derde verdieping,True
3cj6_fAyT6kPILoDF$wKMX,IfcSlab,sporenkap,,,E6B46FA9-2BC7-46B9-9495-C8D3FFE945A1,"IFC_dakplaat_geisoleerd_Rc=4,00 206",03 derde verdieping,True
2vutFlEAD3Ugi_zdTrbWBS,IfcSlab,sporenkap,,,B9E373EF-38A3-437A-AB3E-F677759602DC,"IFC_dakplaat_geisoleerd_Rc=4,00 206",03 derde verdieping,True
2HEBa_Npr1jQ8s9obbPF2y,IfcSlab,sporenkap,,,9138B93E-5F3D-41B5-A236-27296564F0BC,"IFC_dakplaat_geisoleerd_Rc=4,00 206",03 derde verdieping,True
2wsdn60pL2PgWkM4Apz3uQ,IfcSlab,sporenkap,,,BADA7C46-0335-4266-A82E-5842B3F43E1A,"IFC_dakplaat_geisoleerd_Rc=4,00 206",03 derde verdieping,True
3XdwbHlMf53wMrtC2PO79d,IfcSlab,dakisolatie,,,E19FA951-BD6A-450F-A5B5-DCC099607267,IFC_isolatie_110mm_glaswol 110,03 derde verdieping,True
0m0I4KgsXEGRQe2Tq5guRM,IfcSlab,dakisolatie,,,30012114-AB68-4E41-B6A8-09DD05AB86D6,IFC_isolatie_110mm_glaswol 110,03 derde verdieping,True
230CzH9r97RxWhaS7vmI4K,IfcSlab,sporenkap,,,8300CF51-2752-476F-B82B-91C1F9C12114,"IFC_dakplaat_geisoleerd_Rc=4,00 206",03 derde verdieping,True
2bnmrBiIfCoQCmG_dJX3q2,IfcSlab,sporenkap,,,A5C70D4B-B12A-4CC9-A330-43E9D3843D02,"IFC_dakplaat_geisoleerd_Rc=4,00 206",03 derde verdieping,True
2NATeAkvnCxgoLp$zXNJDG,IfcSlab,sporenkap,,,9729DA0A-BB9C-4CEE-AC95-CFFF615D3350,"IFC_dakplaat_geisoleerd_Rc=4,00 206",03 derde verdieping,True
2nJAO3UnH0JuhOgnPY7o0D,IfcSlab,sporenkap,,,B14CA603-7B14-404F-8AD8-AB16621F200D,"IFC_dakplaat_geisoleerd_Rc=4,00 206",03 derde verdieping,True
3R1RBkDqD7iBFqSmsKgnyx,IfcSlab,sporenkap,,,DB05B2EE-3743-47B0-B3F4-730D94AB1F3B,"IFC_dakplaat_geisoleerd_Rc=4,00 206",03 derde verdieping,True
3wNwkdwNf7kBh8Eh5_$5AF,IfcSlab,gootconstructie,,,FA5FABA7-E97A-47B8-BAC8-3AB17EFC528F,IFC_gootconstructie_rekwerk_ongeisoleerd 100,03 derde verdieping,True
2M6iV1w3L7VB9hYFPSL_6J,IfcSlab,gootconstructie,,,961AC7C1-E835-477C-B26B-88F65C57E193,IFC_gootconstructie_rekwerk_ongeisoleerd 100,03 derde verdieping,True
14qqjZl7f5_O1QcMnFBPgA,IfcSlab,gootconstructie,,,44D34B63-BC7A-45F9-805A-996C4F2D9A8A,IFC_gootconstructie_rekwerk_ongeisoleerd 100,03 derde verdieping,True
2ejS5cDxLFQhvzUC_qNbGC,IfcSlab,gootconstructie,,,A8B5C166-37B5-4F6A-BE7D-78CFB45E540C,IFC_gootconstructie_rekwerk_ongeisoleerd 100,03 derde verdieping,True
03i6tXqM92pRcyXdK4pHfZ,IfcSlab,gootconstructie,,,03B06DE1-D162-42CD-B9BC-867504CD1A63,IFC_gootconstructie_rekwerk_ongeisoleerd 100,03 derde verdieping,True
0tr9H3L4z0bgmFmHrjfIlm,IfcSlab,sporenkap,,,37D49443-544F-4096-AC0F-C11D6DA52BF0,IFC_dakplaat_195_overstek_ongeisoleerd 195,03 derde verdieping,True
2y77Wo22nAL9U8bQl$_LJJ,IfcSlab,sporenkap,,,BC1C7832-082C-4A54-9788-95ABFFF954D3,IFC_dakplaat_195_overstek_ongeisoleerd 195,03 derde verdieping,True
0gCnprdT1BYw$FV0IhK4K2,IfcSlab,sporenkap,,,2A331CF5-9DD0-4B8B-AFCF-7C04AB504502,IFC_dakplaat_195_overstek_ongeisoleerd 195,03 derde verdieping,True
2vGfAAaCDC$u2rePIbFqLy,IfcSlab,sporenkap,,,B942928A-90C3-4CFF-80B5-A194A53F457C,"IFC_dakplaat_geisoleerd_Rc=4,00 206",03 derde verdieping,True
3XRFYXp0L3jv3w1tgjXD2W,IfcSlab,sporenkap,,,E16CF8A1-CC05-43B7-90FA-077AAD84D0A0,IFC_dakplaat_131_overstek_geisoleerd 131,03 derde verdieping,True
2wdkOxZDD4qQGeJ0R9Eu_y,IfcSlab,sporenkap,,,BA9EE63B-8CD3-44D1-A428-4C06C93B8FBC,IFC_dakplaat_131_overstek_geisoleerd 131,03 derde verdieping,True
2$65Lm72TCPfpHlSfm4bPo,IfcSlab,sporenkap,,,BF185570-1C27-4C66-9CD1-BDCA70125672,IFC_dakplaat_195_overstek_ongeisoleerd 195,03 derde verdieping,True
1hMpM9NJL5ge_OGm0yLfuO,IfcSlab,plafond,,,6B5B3589-5D35-45AA-8F98-43003C569E18,IFC_isolatie_110mm EPS 110,03 derde verdieping,True
2GKCxEc8DCcQXZmul0WfvP,IfcSlab,plafond,,,9050CECE-9883-4C99-A863-C38BC0829E59,IFC_isolatie_110mm EPS 110,03 derde verdieping,True
2m5HGNcWT04BL0QSshC4KA,IfcSlab,sporenkap,,,B0151417-9A07-4010-B540-69CDAB30450A,IFC_dakplaat_195_overstek_ongeisoleerd 195,03 derde verdieping,True
3ba9sS8vzCi9NHvwEDPExx,IfcSlab,gootconstructie,,,E5909D9C-239F-4CB0-95D1-E7A38D64EEFB,IFC_gootconstructie_rekwerk_ongeisoleerd 100,03 derde verdieping,True
3MORkgOl16lQy8zTVRCs0O,IfcSlab,gootconstructie,,,D661BBAA-62F0-46BD-AF08-F5D7DB336018,IFC_gootconstructie_rekwerk_ongeisoleerd 100,03 derde verdieping,True
0FZ2ZM9d5DIBoZIOWtnXUi,IfcSlab,gootconstructie,,,0F8C28D6-2671-4D48-BCA3-498837C617AC,IFC_gootconstructie_rekwerk_ongeisoleerd 100,03 derde verdieping,True
0cUNscBFPAzvxaou82m7PU,IfcSlab,sporenkap,,,26797DA6-2CF6-4AF7-9EE4-CB8202C0765E,"IFC_dakplaat_geisoleerd_Rc=4,00 206",03 derde verdieping,True
0P2TI_R_rCoOkYPRW5xJk8,IfcSlab,sporenkap,,,1909D4BE-6FED-4CC9-8BA2-65B805ED3B88,IFC_dakplaat_195_overstek_ongeisoleerd 195,03 derde verdieping,True
3X88NCenT88BCur6dUWHN1,IfcSlab,sporenkap,,,E12085CC-A317-4820-B338-D469DE8115C1,IFC_dakplaat_195_overstek_ongeisoleerd 195,03 derde verdieping,True
0M1e2eG$96hwzT4wUV$Q8v,IfcSlab,sporenkap,,,160680A8-43F2-46AF-AF5D-13A79FFDA239,IFC_dakplaat_195_overstek_ongeisoleerd 195,03 derde verdieping,True
0$jhLwYyD01Oy9ZGgC6CC8,IfcSlab,gootconstructie,,,3FB6B57A-8BC3-4005-8F09-8D0A8C18C308,IFC_gootconstructie_rekwerk_ongeisoleerd 100,03 derde verdieping,True
1blRjj5854xvDlLga$sV2m,IfcSlab,gootconstructie,,,65BDBB6D-1481-44EF-936F-56A93FD9F0B0,IFC_gootconstructie_rekwerk_ongeisoleerd 100,03 derde verdieping,True
3sruW6UjbAcuugSUfH$cuH,IfcSlab,sporenkap,,,F6D78806-7AD9-4A9B-8E2A-71EA51FE6E11,"IFC_dakplaat_geisoleerd_Rc=4,00 206",03 derde verdieping,True
2HT1QptlXCmBlOoXE0NFwh,IfcSlab,sporenkap,,,917416B3-DEF8-4CC0-BBD8-CA13805CFEAB,"IFC_dakplaat_geisoleerd_Rc=4,00 206",03 derde verdieping,True
3JRVPh_yrDlwCpdavEA8oD,IfcSlab,sporenkap,,,D36DF66B-FBCD-4DBF-A333-9E4E4E288C8D,IFC_dakplaat_195_overstek_ongeisoleerd 195,03 derde verdieping,True
0Bmn53Z2fFOh7cTWkmLXNQ,IfcSlab,dak dakkapel,,,0BC31143-8C2A-4F62-B1E6-760BB05615DA,IFC_dakkapel_dakelement 173,03 derde verdieping,True
19ymqVSczESeP2KD$erpa8,IfcSlab,sporenkap,,,49F30D1F-726F-4E72-8642-50DFE8D73908,IFC_dakplaat_195_overstek_ongeisoleerd 195,03 derde verdieping,True
2rJ_D9OD15OxfhleuqX8IK,IfcSlab,dak dakkapel,,,B54FE349-60D0-4563-BA6B-BE8E34848494,IFC_dakkapel_dakelement 173,03 derde verdieping,True
0uDACp5ab5PQznlaOgmnBv,IfcSlab,dak dakkapel,,,3834A333-1649-4565-AF71-BE462AC312F9,IFC_dakkapel_dakelement 173,03 derde verdieping,True
1C6_0xdun0cQIIHmq4$Tev,IfcSlab,plafond,,,4C1BE03B-9F8C-4099-A492-470D04FDDA39,IFC_verlaagd_plafond 50,03 derde verdieping,True
2ljbxVY757oh3U28o$Mplw,IfcSlab,dakaftimmering,,,AFB65EDF-8871-47CA-B0DE-088CBF5B3BFA,01 plaatmateriaal - multiplex 18,03 derde verdieping,True
1WSrSNLRn7EvqVoTs$M0PF,IfcSlab,sporenkap,,,60735717-55BC-473B-9D1F-C9DDBF58064F,"IFC_dakplaat_geisoleerd_Rc=4,00 206",03 derde verdieping,True
3M4fpBwzf4iQ4c3fvQBeRj,IfcSlab,dakaftimmering,,,D6129CCB-EBDA-44B1-A126-0E9E5A2E86ED,01 plaatmateriaal - multiplex 18,03 derde verdieping,True
3cJFqtukHCAfLVbyFxBs__,IfcSlab,spouwisolatie,,,E64CFD37-E2E4-4C2A-955F-97C3FB2F6FBE,99 Isolatie - Glaswol 190mm 190,03 derde verdieping,True
251Lqt4LjE9Rr$wq4BqN$h,IfcSlab,spouwisolatie,,,85055D37-115B-4E25-BD7F-EB410BD17FEB,99 Isolatie - Glaswol 190mm 190,03 derde verdieping,True
25wmD99kP49vNjkioNsfxV,IfcSlab,plafond,,,85EB0349-26E6-4427-95ED-BACC97DA9EDF,IFC_verlaagd_plafond 50,03 derde verdieping,True
2KYFELha55M8mkz2cp9hbD,IfcSlab,sporenkap,,,9488F395-AE41-4558-8C2E-F429B326B94D,IFC_dakplaat_131_overstek_geisoleerd 131,03 derde verdieping,True
3x3aB3jdLDwecrkVRvbpz7,IfcSlab,sporenkap,,,FB0E42C3-B675-4DEA-89B5-B9F6F9973F47,"IFC_dakplaat_geisoleerd_Rc=4,00 206",03 derde verdieping,True
3rT2B46bX7bfYW98$CQ_BF,IfcSlab,sporenkap,,,F57422C4-1A58-4796-98A0-248FCC6BE2CF,"IFC_dakplaat_geisoleerd_Rc=4,00 206",03 derde verdieping,True
3TMPpMSyn6_xrsGAT9pObK,IfcSlab,sporenkap,,,DD599CD6-73CC-46FB-BD76-40A749CD8954,IFC_dakplaat_131_overstek_geisoleerd 131,03 derde verdieping,True
0PqbLmY4j1RPqNOOK2eDc9,IfcSlab,dekvloer,,,19D25570-884B-416D-9D17-618502A0D989,IFC_dekvloer_zwevend 90,03 derde verdieping,True
0NoCl6BDz7XeoXwbToQuxv,IfcSlab,dekvloer,,,17C8CBC6-2CDF-4786-8CA1-EA57726B8EF9,IFC_dekvloer_zwevend 90,03 derde verdieping,True
1AdGVsRPb4RRWb4qvI7uRy,IfcSlab,dekvloer,,,4A9D07F6-6D99-446D-B825-134E521F86FC,IFC_dekvloer_zwevend 90,03 derde verdieping,True
3F1xvX$9TFOQyspn6Ek2Cs,IfcSlab,dekvloer,,,CF07BE61-FC97-4F61-AF36-CF118EB82336,IFC_dekvloer_zwevend 90,03 derde verdieping,True
0K9UoAj6n9HvS0pMeXdVOy,IfcSlab,dekvloer,,,1425EC8A-B46C-4947-9700-CD6A219DF63C,IFC_dekvloer_zwevend 90,03 derde verdieping,True
11b4l8r$L2VO3CaHmD2Nt0,IfcSlab,dekvloer,,,41944BC8-D7F5-427D-80CC-911C0D097DC0,IFC_dekvloer_zwevend 90,03 derde verdieping,True
0BA5pIAPb4QBkmNlgEbu7Z,IfcSlab,dekvloer,,,0B285CD2-2999-4468-BBB0-5EFA8E9781E3,IFC_dekvloer_zwevend 90,03 derde verdieping,True
27vIv2l_z50whfg_2wR_Jh,IfcSlab,dekvloer,,,87E52E42-BFEF-4503-AAE9-ABE0BA6FE4EB,IFC_dekvloer_zwevend 90,03 derde verdieping,True
0rH_wyN7P26e3gGvknLdfN,IfcSlab,dekvloer,,,3547EEBC-5C76-421A-80EA-439BB1567A57,IFC_dekvloer_zwevend 90,03 derde verdieping,True
2xJxW3_1LEheyM8N4ef$kW,IfcSlab,dekvloer,,,BB4FB803-F815-4EAE-8F16-217128A7FBA0,IFC_dekvloer_zwevend 90,03 derde verdieping,True
2Zh_HSGGPDUAc40uyeUaqQ,IfcSlab,dekvloer,,,A3AFE45C-4106-4D78-A984-038F287A4D1A,IFC_dekvloer_zwevend 90,03 derde verdieping,True
3nz7uS4R5DovP3jeKI_v93,IfcSlab,dekvloer,,,F1F47E1C-11B1-4DCB-9643-B68512FB9243,IFC_dekvloer_zwevend 90,03 derde verdieping,True
25tyzjfSP76hJKtX0Kf9lQ,IfcSlab,dekvloer,,,85DFCF6D-A5C6-471A-B4D4-DE1014A49BDA,IFC_dekvloer_zwevend 90,03 derde verdieping,True
3XV8C2cOLDNhkQGD3$xxPe,IfcSlab,dekvloer,,,E17C8302-9985-4D5E-BB9A-40D0FFEFB668,IFC_dekvloer_zwevend 90,03 derde verdieping,True
3RJ4kV2Lr6Ye3XokonTVkI,IfcSlab,dekvloer,,,DB4C4B9F-095D-468A-80E1-CAECB175FB92,IFC_dekvloer_zwevend 90,03 derde verdieping,True
0R01g3qJzFSxv4gJ4$3cXG,IfcSlab,lifttop,,,1B001A83-D13F-4F73-BE44-A9313F0E6850,IFC_betonvloer_prefab_200mm 200,04 dak,True
3FNJ$2Wdn2kP$lyqGxZYDn,IfcSlab,dakvloer,,,CF5D3FC2-827C-42B9-9FEF-F3443B8E2371,IFC_breedplaat_betonvloer_ihw_220mm 220,04 dak,True
1zSO73pt58WgpU6aeLSlbY,IfcSlab,dakvloer,,,7D7181C3-CF71-4882-ACDE-1A4A1572F962,IFC_breedplaat_schil_60mm 60,04 dak,True
1wuh6sjeT00uLlgKuqZKO1,IfcSlab,dakvloer,,,7AE2B1B6-B687-4003-856F-A94E348D4601,IFC_breedplaat_schil_60mm 60,04 dak,True
2sQQOHvvn90RraU1PncqLF,IfcSlab,dakvloer,,,B669A611-E79C-4901-BD64-7816719B454F,IFC_breedplaat_schil_60mm 60,04 dak,True
2UkNEhSU99wxIlgSLDnlY5,IfcSlab,dakvloer,,,9EB973AB-71E2-49EB-B4AF-A9C54DC6F885,IFC_breedplaat_schil_60mm 60,04 dak,True
0bRJSA0Oz6NeAWECfwArnR,IfcSlab,dakvloer,,,256D370A-018F-465E-82A0-38CA7A2B5C5B,IFC_breedplaat_schil_60mm 60,04 dak,True
2o7xQ9ZfP3GB2M6B7oQ_P3,IfcSlab,dakvloer,,,B21FB689-8E96-4340-B096-18B1F26BE643,IFC_breedplaat_schil_60mm 60,04 dak,True
2qj4JD$qL8rwGXap2mJd2_,IfcSlab,dakvloer,,,B4B444CD-FF45-48D7-A421-9330B04E70BE,IFC_breedplaat_schil_60mm 60,04 dak,True
0SX7yPVRb06hAYFrxAJ8KC,IfcSlab,dakvloer,,,1C847F19-7DB9-401A-B2A2-3F5ECA4C850C,IFC_breedplaat_schil_60mm 60,04 dak,True
3gkzTZGgn9L8ymV7puXSKG,IfcSlab,dakisolatie,,,EABBD763-42AC-4954-8F30-7C7CF885C510,IFC_isolatie_110mm EPS 110,04 dak,True
1VvzV9bwH6dB75qr1$srOX,IfcStair,trappen,,,5FE7D7C9-97A4-469C-B1C5-D3507FDB5621,,00 begane grond,True
1tEKFbmYf1ww$GepEWG7ar,IfcStair,trappen,,,773943E5-C22A-41EB-AFD0-A333A0407935,,00 begane grond,True
0b$JzCXYH5exPzWhcL8kgj,IfcStair,trapbordes,,,25FD3F4C-8624-45A3-B67D-82B99522EAAD,,00 begane grond,True
0jZ0KfZxz8BQL8ZDATGOfF,IfcStair,trappen,,,2D8C0529-8FBF-482D-A548-8CD29D418A4F,,01 eerste verdieping,True
1ImJUzssz2EfAnoEV3fllB,IfcStair,trappen,,,52C137BD-DB6F-423A-92B1-C8E7C3A6FBCB,,01 eerste verdieping,True
2zM1Tk9LH6aQ9sE5J9MG5E,IfcStair,trapbordes,,,BD58176E-2554-4691-A276-3854C959014E,,01 eerste verdieping,True
0TWmTOBPH0afnbECFJTJU9,IfcStair,trappen,,,1D830758-2D94-4092-9C65-38C3D3753789,,02 tweede verdieping,True
2AxmdTss5DgR7LwNn2YGAN,IfcStair,trappen,,,8AEF09DD-DB61-4DA9-B1D5-E97C42890297,,02 tweede verdieping,True
07XglCvfr2NBer4fwBJv6e,IfcStair,trapbordes,,,0786ABCC-E69D-425C-BA35-129E8B4F91A8,,02 tweede verdieping,True
3cAt3keOr5IAqWcOfbuNAx,IfcWall,opgaand werk,,,E62B70EE-A18D-4548-AD20-998A65E172BB,IFC_kalkzandsteen_100mm 100,-1 fundering,True
1nZz9768j4pAFS7rcljTUA,IfcWall,opgaand werk,,,718FD247-188B-44CC-A3DC-1F59AFB5D78A,IFC_kalkzandsteen_100mm 100,-1 fundering,True
3k4bKKm$v3NhnNEkaCaT8m,IfcWall,opgaand werk,,,EE125514-C3FE-435E-BC57-3AE90C91D230,IFC_kalkzandsteen_100mm 100,-1 fundering,True
1Smy9UIZz0PuzXFjRN_8t9,IfcWall,opgaand werk,,,5CC3C25E-4A3F-4067-8F61-3ED6D7F88DC9,IFC_kalkzandsteen_100mm 100,-1 fundering,True
3KLNE8pAj368INMalwxWdL,IfcWall,opgaand werk,,,D4557388-CCAB-4318-8497-5A4BFAEE09D5,IFC_kalkzandsteen_100mm 100,-1 fundering,True
27UY7Jvcf9lwFMjSTxNQnh,IfcWall,opgaand werk,,,877A21D3-E66A-49BF-A3D6-B5C77B5DAC6B,IFC_kalkzandsteen_100mm 100,-1 fundering,True
3ZT2xJqOf95AGfYHSE9vsv,IfcWall,opgaand werk,,,E3742ED3-D18A-4914-A429-89170E279DB9,IFC_kalkzandsteen_100mm 100,-1 fundering,True
251MpPi5nDfgW6sNnBdgEm,IfcWall,opgaand werk,,,85056CD9-B05C-4DA6-A806-D97C4B9EA3B0,IFC_kalkzandsteen_100mm 100,-1 fundering,True
0PbuAnDOv9MROtn6VXvlS9,IfcWall,opgaand werk,,,199782B1-358E-4959-B637-C467E1E6F709,IFC_kalkzandsteen_100mm 100,-1 fundering,True
2Q3H7PK0j5Ux$7$peFmB5R,IfcWall,opgaand werk,,,9A0D11D9-500B-457B-BFC7-FF3A0FC0B15B,IFC_kalkzandsteen_100mm 100,-1 fundering,True
0lV3_6JX5Dn8WMYQWopUL4,IfcWall,opgaand werk,,,2F7C3F86-4E11-4DC4-8816-89A832CDE544,IFC_kalkzandsteen_100mm 100,-1 fundering,True
3GkVJkbxnCbBdkElcpIobH,IfcWall,opgaand werk,,,D0B9F4EE-97BC-4C94-B9EE-3AF9B34B2951,IFC_kalkzandsteen_100mm 100,-1 fundering,True
2KaTlAZm90L8ylCN2TaJL1,IfcWall,opgaand werk,,,9491DBCA-8F02-4054-8F2F-31709D913541,IFC_kalkzandsteen_100mm 100,-1 fundering,True
0OwiY0E_H6nAVOZ5L_gs8R,IfcWall,opgaand werk,,,18EAC880-3BE4-46C4-A7D8-8C557EAB621B,IFC_kalkzandsteen_100mm 100,-1 fundering,True
3l4LEWO$z6PR20zTCo0DFf,IfcWall,opgaand werk,,,EF1153A0-63FF-4665-B080-F5D33200D3E9,IFC_kalkzandsteen_100mm 100,-1 fundering,True
09TMGnoXvA0QiwTfqmChQ0,IfcWall,opgaand werk,,,09756431-CA1E-4A01-AB3A-769D3032B680,IFC_kalkzandsteen_100mm 100,-1 fundering,True
0mvjiuGlP7MPeepglQyQNO,IfcWall,opgaand werk,,,30E6DB38-42F6-4759-9A28-CEABDAF1A5D8,IFC_kalkzandsteen_100mm 100,-1 fundering,True
2pbiLPvmT6YhtHLcp58S99,IfcWall,opgaand werk,,,B396C559-E707-468A-BDD1-566CC521C249,IFC_kalkzandsteen_100mm 100,-1 fundering,True
2D4tEzzn96KxhitMgTCmsY,IfcWall,opgaand werk,,,8D1373BD-F712-4653-BAEC-DD6A9D330DA2,IFC_kalkzandsteen_100mm 100,-1 fundering,True
0I38IR49XCjeOw$CuPT3ZI,IfcWall,opgaand werk,,,120C849B-1098-4CB6-863A-FCCE197438D2,IFC_kalkzandsteen_100mm 100,-1 fundering,True
1zGerOGCD5Rvedyb1slEai,IfcWall,opgaand werk,,,7D428D58-40C3-456F-9A27-F25076BCE92C,IFC_kalkzandsteen_100mm 100,-1 fundering,True
2LY4pySAHCMRiOW6gZJB2k,IfcWall,opgaand werk,,,95884CFC-70A4-4C59-BB18-806AA34CB0AE,IFC_kalkzandsteen_100mm 100,-1 fundering,True
3nSAIsE4n8sBWbxoPQ5dy9,IfcWall,opgaand werk,,,F170A4B6-384C-48D8-B825-EF265A167F09,IFC_kalkzandsteen_100mm 100,-1 fundering,True
0HIb$9Byf2ZBlCjcOu2Qju,IfcWall,opgaand werk,,,114A5FC9-2FCA-428C-BBCC-B6663809AB78,IFC_kalkzandsteen_100mm 100,-1 fundering,True
01nWzpou174OweRJuvV0oN,IfcWall,opgaand werk,,,01C60F73-CB80-4711-8EA8-6D3E397C0C97,IFC_kalkzandsteen_100mm 100,-1 fundering,True
1j$4rRHLz1HQbuBG5lkdFZ,IfcWall,opgaand werk,,,6DFC4D5B-455F-4145-A978-2D016FBA73E3,IFC_kalkzandsteen_100mm 100,-1 fundering,True
0ahwXaU353xOITjLmOzUt4,IfcWall,opgaand werk,,,24AFA864-7831-43ED-849D-B55C18F5EDC4,IFC_kalkzandsteen_100mm 100,-1 fundering,True
16qUObfsXFShDHc3t7gGIZ,IfcWall,opgaand werk,,,46D1E625-A768-4F72-B351-983DC7A904A3,IFC_kalkzandsteen_100mm 100,-1 fundering,True
2MO6G9ns58cQ7xbcbLdz06,IfcWall,opgaand werk,,,96606409-C761-4899-A1FB-9669559FD006,IFC_kalkzandsteen_100mm 100,-1 fundering,True
0Yg$3eCdj5TfoJlEv2sNBN,IfcWall,opgaand werk,,,22ABF0E8-327B-4576-9C93-BCEE42D972D7,IFC_kalkzandsteen_100mm 100,-1 fundering,True
1fGrQYIYP4IxWBDX0HVDV6,IfcWall,opgaand werk,,,694356A2-4A26-444B-B80B-3610117CD7C6,IFC_kalkzandsteen_100mm 100,-1 fundering,True
0j2Oz3Bjz8g95L4tRLEvJR,IfcWall,opgaand werk,,,2D098F43-2EDF-48A8-9155-1376D53B94DB,IFC_kalkzandsteen_100mm 100,-1 fundering,True
2du1puVD9BDw_hpi4B0Nz1,IfcWall,opgaand werk,,,A7E01CF8-7CD2-4B37-AFAB-CEC10B017F41,IFC_kalkzandsteen_100mm 100,-1 fundering,True
07CJSAM0fDC9txPX6iBpVL,IfcWall,opgaand werk,,,0731370A-580A-4D30-9DFB-6611AC2F37D5,IFC_kalkzandsteen_100mm 100,-1 fundering,True
0KEODzPAvAYfDEnWfvxPSf,IfcWall,opgaand werk,,,1439837D-64AE-4A8A-934E-C60A79ED9729,IFC_kalkzandsteen_100mm 100,-1 fundering,True
2japyIy5LCh9FVOdjL5sLr,IfcWall,opgaand werk,,,AD933F12-F055-4CAC-93DF-627B55176575,IFC_kalkzandsteen_100mm 100,-1 fundering,True
0UEcPQQZf2ruz21iN4LQvo,IfcWall,binnenblad,,,1E3A665A-6A3A-42D7-8F42-06C5C455AE72,IFC_kalkzandsteen_214mm 214,00 begane grond,True
1magbedPL42RAhf3XfDKY6,IfcWall,binnenblad,,,7092A968-9D95-4409-B2AB-A43869354886,IFC_kalkzandsteen_214mm 214,00 begane grond,True
0EiOJWQwP8RP1i4VoottS1,IfcWall,liftwand,,,0EB184E0-6BA6-486D-906C-11FCB2DF7701,IFC_kalkzandsteen_214mm 214,00 begane grond,True
2SU_$70IL9dP1iVpfoyafy,IfcWall,liftwand,,,9C7BEFC7-0125-499D-906C-7F3A72F24A7C,IFC_kalkzandsteen_214mm 214,00 begane grond,True
19arA5gn17b8SQaKVdvfz3,IfcWall,liftwand,,,49935285-AB10-4794-871A-9147E7E69F43,IFC_kalkzandsteen_214mm 214,00 begane grond,True
0exQNtZczDAOyzHY$YLkO2,IfcWall,binnenwand,,,28EDA5F7-8E6F-4D29-8F3D-462FE256E602,IFC_kalkzandsteen_100mm 100,00 begane grond,True
2OPGVjLwDF0wVnNywHUUlT,IfcWall,binnenblad,,,986507ED-57A3-4F03-A7F1-5FCE9179EBDD,IFC_kalkzandsteen_214mm 214,00 begane grond,True
2oV_twygL43RXSDJkKYyRa,IfcWall,binnenblad,,,B27FEDFA-F2A5-440D-B85C-353B948BC6E4,IFC_kalkzandsteen_214mm 214,00 begane grond,True
2mrJJwztH1lRWVSJaE436d,IfcWall,binnenblad,,,B0D534FA-F774-41BD-B81F-71390E1031A7,IFC_kalkzandsteen_214mm 214,00 begane grond,True
3HjuPtyCPEmu97uERfnDFZ,IfcWall,binnenblad,,,D1B78677-F0C6-4EC3-8247-E0E6E9C4D3E3,IFC_kalkzandsteen_214mm 214,00 begane grond,True
3Ifq_8Lo53s8fC6K29hy5u,IfcWall,buitenblad,,,D2A74F88-5721-43D8-8A4C-194089AFC178,IFC_baksteen_roodbruin_100mm_liggend 100,00 begane grond,True
1yIET64x99PfQ4ri7yb9K4,IfcWall,binnenwand,,,7C48E746-13B2-4966-9684-D6C1FC949504,IFC_kalkzandsteen_120mm 120,00 begane grond,True
1gJIlGYF99aAEU6VbRDsIV,IfcWall,binnenblad,,,6A4D2BD0-88F2-4990-A39E-19F95B37649F,IFC_kalkzandsteen_214mm 214,00 begane grond,True
1Vcc22DEz69QR7n2Cf7_7$,IfcWall,binnenblad,,,5F9A6082-34EF-4625-A6C7-C423291FE1FF,IFC_kalkzandsteen_214mm 214,00 begane grond,True
3b2U496P5Ebhz5FROhTwFH,IfcWall,HSB-element,,,E509E109-1991-4E96-BF45-3DB62B77A3D1,"IFC_HSB_155_wandelement_Rc=3,67 155",00 begane grond,True
2Heu00tLvFlPQxYnPGx8AX,IfcWall,HSB-element,,,91A38000-DD5E-4FBD-96BB-8B1650EC82A1,"IFC_HSB_155_wandelement_Rc=3,67 155",00 begane grond,True
03_CVBI75Aj86591do_EB_,IfcWall,HSB-element,,,03F8C7CB-4871-4AB4-8185-2419F2F8E2FE,"IFC_HSB_155_wandelement_Rc=3,67 155",00 begane grond,True
2cmOQW7ZP7CfQK001MVxdq,IfcWall,HSB-element,,,A6C186A0-1E36-4732-9694-0000567FB9F4,"IFC_HSB_155_wandelement_Rc=3,67 155",00 begane grond,True
3AQlpGNjz5ZxSqHIv9tjed,IfcWall,HSB-element,,,CA6AFCD0-5EDF-458F-B734-452E49DEDA27,"IFC_HSB_155_wandelement_Rc=3,67 155",00 begane grond,True
2yalEh8OrE6uikJxoQiffi,IfcWall,HSB-element,,,BC92F3AB-218D-4E1B-8B2E-4FBC9AB29A6C,"IFC_HSB_155_wandelement_Rc=3,67 155",00 begane grond,True
2z4_cLW$15$BrtLnL76nI1,IfcWall,HSB-element,,,BD13E995-83F0-45FC-BD77-5715471B1481,"IFC_HSB_155_wandelement_Rc=3,67 155",00 begane grond,True
2Lfx3m2W1D0BCPLmz9wvjA,IfcWall,buitenblad,,,95A7B0F0-0A00-4D00-B319-570F49EB9B4A,IFC_baksteen_roodbruin_100mm_liggend 100,00 begane grond,True
1mqSCWO5bBR84dhZ5SEDMu,IfcWall,buitenblad,,,70D1C320-6059-4B6C-8127-AE315C38D5B8,IFC_baksteen_roodbruin_100mm_liggend 100,00 begane grond,True
0tyKkyPHXFkvhRpZpx0R5f,IfcWall,buitenblad,,,37F14BBC-6518-4FBB-9ADB-CE3CFB01B169,IFC_baksteen_roodbruin_100mm_liggend 100,00 begane grond,True
3hGtOZh1X55h2EX09_BAZ8,IfcWall,buitenblad,,,EB437623-AC18-4516-B08E-84027E2CA8C8,IFC_baksteen_roodbruin_100mm_liggend 100,00 begane grond,True
2_Spc3OFz32f9Immwt4_7U,IfcWall,buitenblad,,,BE733983-60FF-430A-9252-C30EB713E1DE,IFC_baksteen_roodbruin_100mm_liggend 100,00 begane grond,True
1_BHYRe$fDXBhfHsjJoUsZ,IfcWall,buitenblad,,,7E2D189B-A3FA-4D84-BAE9-476B53C9EDA3,IFC_baksteen_roodbruin_100mm_liggend 100,00 begane grond,True
20cjtlT5j2yRhg3KCrPNR1,IfcWall,buitenblad,,,809ADDEF-745B-42F1-BAEA-0D43356576C1,IFC_baksteen_roodbruin_100mm_liggend 100,00 begane grond,True
1hPB35rErB1eLTnNNR9Txn,IfcWall,buitenblad,,,6B64B0C5-D4ED-4B06-855D-C575DB25DEF1,IFC_baksteen_roodbruin_100mm_liggend 100,00 begane grond,True
09VD$Lqi93x9JCZ1tfrTrL,IfcWall,buitenblad,,,097CDFD5-D2C2-43EC-94CC-8C1DE9D5DD55,IFC_baksteen_roodbruin_100mm_liggend 100,00 begane grond,True
2MtbYSfxf8XPurPixjtvdV,IfcWall,buitenblad,,,96DE589C-A7BA-4885-9E35-66CEEDDF99DF,IFC_baksteen_roodbruin_100mm_liggend 100,00 begane grond,True
1hBjzJQ_r4MQi5$dPip1Ju,IfcWall,buitenblad,,,6B2EDF53-6BED-4459-AB05-FE766CCC14F8,IFC_baksteen_roodbruin_100mm_liggend 100,00 begane grond,True
2Mx9$tysPDB9LvSC7Uga$h,IfcWall,buitenblad,,,96EC9FF7-F366-4D2C-9579-70C1DEAA4FEB,IFC_baksteen_roodbruin_100mm_liggend 100,00 begane grond,True
1aD6snfpn0GQ$ToC45d1nS,IfcWall,buitenblad,,,64346DB1-A73C-4041-AFDD-C8C1059C1C5C,IFC_baksteen_roodbruin_100mm_liggend 100,00 begane grond,True
3U8ZfIcGDBM8M360rr2jhL,IfcWall,buitenblad,,,DE223A52-9903-4B58-8583-180D750ADAD5,IFC_baksteen_roodbruin_100mm_staand 100,00 begane grond,True
1NNiwqMg95jgPIDXLCuasC,IfcWall,buitenblad,,,575ECEB4-5AA2-45B6-A652-36154CE24D8C,IFC_baksteen_roodbruin_100mm_staand 100,00 begane grond,True
2YRW0FRcH568BvC0n1uc$J,IfcWall,buitenblad,,,A26E000F-6E64-4518-82F9-300C41E26FD3,IFC_baksteen_roodbruin_100mm_staand 100,00 begane grond,True
2ymUTayl529wjp97XSqlkb,IfcWall,buitenblad,,,BCC1E764-F2F1-4227-AB73-24785CD2FBA5,IFC_baksteen_roodbruin_100mm_staand 100,00 begane grond,True
1r5cBiWc5CL9A0KNGbzrzM,IfcWall,buitenblad,,,751662EC-8261-4C54-9280-517425F75F56,IFC_baksteen_roodbruin_100mm_staand 100,00 begane grond,True
3XUEQ1GvT3jA_Nbj5X$65Y,IfcWall,buitenblad,,,E178E681-4397-43B4-AF97-96D161FC6162,IFC_baksteen_roodbruin_100mm_staand 100,00 begane grond,True
1SoaRgKuD02hP0vTyWlgDU,IfcWall,buitenblad,,,5CCA46EA-5383-400A-B640-E5DF20BEA35E,IFC_baksteen_roodbruin_100mm_staand 100,00 begane grond,True
2GZxODkNP6YPny_4TNjMbw,IfcWall,buitenblad,,,908FB60D-B976-4689-9C7C-F84757B5697A,IFC_baksteen_roodbruin_100mm_staand 100,00 begane grond,True
10PY7tTYf3YAoiKKQMe9Wi,IfcWall,buitenblad,,,406621F7-762A-4388-ACAC-514696A0982C,IFC_baksteen_roodbruin_100mm_staand 100,00 begane grond,True
0emZXkn5TF2PHGNfqrnDSC,IfcWall,buitenblad,,,28C2386E-C457-4F09-9450-5E9D35C4D70C,IFC_baksteen_roodbruin_100mm_liggend 100,00 begane grond,True
22BCGZUH10WuKzQoQbSwhw,IfcWall,buitenblad,,,822CC423-7910-4083-853D-6B26A573AAFA,IFC_baksteen_roodbruin_100mm_staand 100,00 begane grond,True
3JeDxuVZX278wZ3E$qtYHH,IfcWall,buitenblad,,,D3A0DEF8-7E38-421C-8EA3-0CEFF4DE2451,IFC_baksteen_roodbruin_100mm_liggend 100,00 begane grond,True
3DYtDpqDX9rhVnEVsp_6RQ,IfcWall,buitenblad,,,CD8B7373-D0D8-49D6-B7F1-39FDB3F866DA,IFC_baksteen_roodbruin_100mm_liggend 100,00 begane grond,True
3_FNYG$Or15vzG_WtX1Dra,IfcWall,buitenblad,,,FE3D7890-FD8D-4117-9F50-FA0DE104DD64,IFC_baksteen_roodbruin_100mm_liggend 100,00 begane grond,True
2cQ8IsS3f1kgXeLJHb2tT5,IfcWall,buitenblad,,,A66884B6-703A-41BA-A868-5534650B7745,IFC_baksteen_roodbruin_100mm_liggend 100,00 begane grond,True
3h7$q77HL7y9ib6jdqEGaU,IfcWall,buitenblad,,,EB1FFD07-1D15-47F0-9B25-1AD9F439091E,IFC_baksteen_roodbruin_100mm_liggend 100,00 begane grond,True
3AzhV62db1MfXJq1r$2nl4,IfcWall,buitenblad,,,CAF6B7C6-0A79-415A-9853-D01D7F0B1BC4,IFC_baksteen_roodbruin_100mm_staand 100,00 begane grond,True
20qiUKbuDCo9jUCIK_Aq9A,IfcWall,buitenblad,,,80D2C794-9783-4CC8-9B5E-31253E2B424A,IFC_baksteen_roodbruin_100mm_liggend 100,00 begane grond,True
0AvuKvwsjECuqQLpwsHUiy,IfcWall,buitenblad,,,0AE78539-EB6B-4E33-8D1A-573EB645EB3C,IFC_baksteen_roodbruin_100mm_staand 100,00 begane grond,True
3hnrJo__H1th0M6JbxK0Qr,IfcWall,buitenblad,,,EBC754F2-FBE4-41DE-B016-19397B5006B5,IFC_baksteen_roodbruin_100mm_liggend 100,00 begane grond,True
2g0OC6oRfEpR4HdBbXhEgE,IfcWall,buitenblad,,,AA018306-C9BA-4ECD-B111-9CB961ACEA8E,IFC_baksteen_roodbruin_100mm_liggend 100,00 begane grond,True
0d_oFBP1HFvQb5Faeki0yw,IfcWall,buitenblad,,,27FB23CB-6414-4FE5-A945-3E4A2EB00F3A,IFC_baksteen_roodbruin_100mm_staand 100,00 begane grond,True
1qEc_xJ5f3yeVcsCS0rZ7V,IfcWall,buitenblad,,,743A6FBB-4C5A-43F2-87E6-D8C700D631DF,IFC_baksteen_roodbruin_100mm_liggend 100,00 begane grond,True
3$BXedLBf6D967CVOV_ebe,IfcWall,buitenblad,,,FF2E1A27-54BA-4634-9187-31F61FFA8968,IFC_baksteen_roodbruin_100mm_staand 100,00 begane grond,True
1lcU7PUgP9PgiWOrFx2wV4,IfcWall,buitenblad,,,6F99E1D9-7AA6-4966-AB20-6353FB0BA7C4,IFC_baksteen_roodbruin_100mm_liggend 100,00 begane grond,True
1Ozn_$8IX7DAmUpaIvALf9,IfcWall,buitenblad,,,58F71FBF-2128-4734-AC1E-CE44B9295A49,IFC_baksteen_roodbruin_100mm_staand 100,00 begane grond,True
2MAqitKn16se9p5LgkoYa_,IfcWall,buitenblad,,,962B4B37-5310-46DA-8273-155AAECA293E,IFC_baksteen_roodbruin_100mm_liggend 100,00 begane grond,True
3snxK5QIXBjQysiZr3CAkz,IfcWall,buitenblad,,,F6C7B505-6928-4BB5-AF36-B23D4330ABBD,IFC_baksteen_roodbruin_100mm_liggend 100,00 begane grond,True
0QG1UZ5cH2Pv9Pjhl_SLt1,IfcWall,buitenblad,,,1A4017A3-1664-4267-9259-B6BBFE715DC1,IFC_baksteen_roodbruin_100mm_staand 100,00 begane grond,True
2gAZt67mv01hyopJN2Rsjy,IfcWall,buitenblad,,,AA2A3DC6-1F0E-4006-BF32-CD35C26F6B7C,IFC_baksteen_roodbruin_100mm_staand 100,00 begane grond,True
2hTyYpGXf8zwMdBgZbdyko,IfcWall,HSB-element,,,AB77C8B3-421A-48F7-A5A7-2EA8E59FCBB2,"IFC_HSB_155_wandelement_Rc=3,67 155",00 begane grond,True
2h$Xm5_hj2BPg_mcmbgCTX,IfcWall,buitenblad,,,ABFE1C05-FABB-422D-9ABE-C26C25A8C761,IFC_baksteen_roodbruin_100mm_staand 100,00 begane grond,True
1HkWuLTqj3CR3hVOSz_5Ak,IfcWall,metalstudwand,,,51BA0E15-774B-4331-B0EB-7D873DF852AE,IFC_HSB_70mm 70,00 begane grond,True
2HKSZ_NNT17fle0rgo6vqX,IfcWall,buitenblad,,,9151C8FE-5D77-411E-9BE8-035AB21B9D21,IFC_baksteen_roodbruin_100mm_liggend 100,00 begane grond,True
04Ezr5o2H4NgZr$CrXLBI_,IfcWall,buitenblad,,,043BDD45-C824-445E-A8F5-FCCD6154B4BE,IFC_baksteen_roodbruin_100mm_liggend 100,00 begane grond,True
0Mr6vY0jPDTRtp4MXIyyQU,IfcWall,buitenblad,,,16D46E62-02D6-4D75-BDF3-116852F3C69E,IFC_baksteen_roodbruin_100mm_liggend 100,00 begane grond,True
1x4AMhoX5FCvaqi3Pl_pSD,IfcWall,buitenblad,,,7B10A5AB-CA11-4F33-9934-B0366FFB370D,IFC_baksteen_roodbruin_100mm_staand 100,00 begane grond,True
1toAPIPJD7oPqBKCS6Nz$d,IfcWall,buitenblad,,,77C8A652-6533-47C9-9D0B-50C7065FDFE7,IFC_baksteen_roodbruin_100mm_liggend 100,00 begane grond,True
3F1ISapgvFFRkUizflbUfj,IfcWall,buitenblad,,,CF052724-CEAE-4F3D-BB9E-B3DA6F95EA6D,IFC_baksteen_roodbruin_100mm_staand 100,00 begane grond,True
2JtUzxXCjFj9jo3oilNdf7,IfcWall,buitenblad,,,93DDEF7B-84CB-4FB4-9B72-0F2B2F5E7A47,IFC_baksteen_roodbruin_100mm_liggend 100,00 begane grond,True
1bmmlgs9PEJOO_nbRCiVVf,IfcWall,buitenblad,,,65C30BEA-D896-4E4D-863E-C656CCB1F7E9,IFC_baksteen_roodbruin_100mm_staand 100,00 begane grond,True
23WtecHJX4cB$W9D3l89Gz,IfcWall,buitenblad,,,83837A26-4538-4498-BFE0-24D0EF20943D,IFC_baksteen_roodbruin_100mm_liggend 100,00 begane grond,True
22UbO4brrFvQJCWjanZuvV,IfcWall,buitenblad,,,827A5604-975D-4FE5-A4CC-82D9318F8E5F,IFC_baksteen_roodbruin_100mm_liggend 100,00 begane grond,True
3zYx8Hv3PByAOvjIddv_ZR,IfcWall,buitenblad,,,FD8BB211-E436-4BF0-A639-B529E7E7E8DB,IFC_baksteen_roodbruin_100mm_staand 100,00 begane grond,True
22wVacMRr0RfER8E2O$vLe,IfcWall,HSB-element,,,82E9F926-59BD-406E-939B-20E098FF9568,"IFC_HSB_155_wandelement_Rc=3,67 155",00 begane grond,True
28HZd$WzTErO4P_xcWWr2R,IfcWall,HSB-element,,,884639FF-83D7-4ED5-8119-FBB9A083509B,"IFC_HSB_155_wandelement_Rc=3,67 155",00 begane grond,True
3INImExTrECfjOcTurcdR3,IfcWall,HSB-element,,,D25D2C0E-EDDD-4E32-9B58-99DE359A76C3,"IFC_HSB_155_wandelement_Rc=3,67 155",00 begane grond,True
0JRfJnbfHFgQD3Cu1Y3Ti9,IfcWall,HSB-element,,,136E94F1-9694-4FA9-A343-3380620DDB09,"IFC_HSB_155_wandelement_Rc=3,67 155",00 begane grond,True
3i6YzLPHXAZOX3pEL9NEAY,IfcWall,HSB-element,,,EC1A2F55-6518-4A8D-8843-CCE5495CE2A2,"IFC_HSB_155_wandelement_Rc=3,67 155",00 begane grond,True
2S6$Rb90X6tvy86v8wMz92,IfcWall,HSB-element,,,9C1BF6E5-2408-46DF-9F08-1B923A5BD242,"IFC_HSB_155_wandelement_Rc=3,67 155",00 begane grond,True
0WbxJm47zCSxPd8I4EJBzV,IfcWall,buitenblad,,,2097B4F0-107F-4C73-B667-21210E4CBF5F,IFC_baksteen_roodbruin_100mm_liggend 100,00 begane grond,True
0NsAQU_RzBew4mp1gDoLKM,IfcWall,buitenblad,,,17D8A69E-F9BF-4BA3-A130-CC1A8DC95516,IFC_baksteen_roodbruin_100mm_liggend 100,00 begane grond,True
3pWgo6GgjDmBfRg2bfmX7L,IfcWall,buitenblad,,,F382AC86-42AB-4DC0-BA5B-A82969C211D5,IFC_baksteen_roodbruin_100mm_liggend 100,00 begane grond,True
2Dd7N80nT6xvZLlvwl32zj,IfcWall,buitenblad,,,8D9C75C8-0317-46EF-98D5-BF9EAF0C2F6D,IFC_baksteen_roodbruin_100mm_liggend 100,00 begane grond,True
3aKP_9cLT3Ieogd56ggYoH,IfcWall,buitenblad,,,E4519F89-9957-434A-8CAA-9C51AAAA2C91,IFC_baksteen_roodbruin_100mm_liggend 100,00 begane grond,True
0odjMCkULFYPcxRhNspVwF,IfcWall,buitenblad,,,329ED58C-B9E5-4F89-99BB-6EB5F6CDFE8F,IFC_baksteen_roodbruin_100mm_liggend 100,00 begane grond,True
2BnTMgxmnCCvzxNQCnUXN0,IfcWall,buitenblad,,,8BC5D5AA-EF0C-4C33-9F7B-5DA3317A15C0,IFC_baksteen_roodbruin_100mm_staand 100,00 begane grond,True
1exrUt$krCl8d_cqMo9LQ1,IfcWall,buitenblad,,,68EF57B7-FEED-4CBC-89FE-9B45B2255681,IFC_baksteen_roodbruin_100mm_staand 100,00 begane grond,True
1K8DWpehnD0BEnccqnEzBM,IfcWall,HSB-element,,,5420D833-A2BC-4D00-B3B1-9A6D313BD2D6,"IFC_HSB_155_wandelement_Rc=3,67 155",00 begane grond,True
2PDIGVW1b4Nhx5UPa0fgz7,IfcWall,HSB-element,,,9935241F-8019-445E-BEC5-799900A6AF47,"IFC_HSB_155_wandelement_Rc=3,67 155",00 begane grond,True
2PNj2dMNT9wOnOYdNWAJQh,IfcWall,buitenblad,,,995ED0A7-5977-49E9-8C58-8A75E02936AB,IFC_baksteen_roodbruin_100mm_liggend 100,00 begane grond,True
0bOXbgHd9B38fgrdG4v0Rg,IfcWall,buitenblad,,,2562196A-4672-4B0C-8A6A-D67404E406EA,IFC_baksteen_roodbruin_100mm_liggend 100,00 begane grond,True
1V$r0S$c98pPL1roHaiWvM,IfcWall,buitenblad,,,5FFF501C-FE62-48CD-9541-D72464B20E56,IFC_baksteen_roodbruin_100mm_liggend 100,00 begane grond,True
3dF$AXDDD2JfNM4ZDuGS7e,IfcWall,buitenblad,,,E73FF2A1-34D3-424E-95D6-12337841C1E8,IFC_baksteen_roodbruin_100mm_liggend 100,00 begane grond,True
0V0wCK9cz2TfrOzWHZVy$k,IfcWall,buitenblad,,,1F03A314-266F-4276-9D58-F604637FCFEE,IFC_baksteen_roodbruin_100mm_staand 100,00 begane grond,True
2XddRbY_j3x8eYm8oLZNXR,IfcWall,buitenblad,,,A19E76E5-8BEB-43EC-8A22-C08C958D785B,IFC_baksteen_roodbruin_100mm_liggend 100,00 begane grond,True
2U35Nruyf1cfc5sAWDSOX1,IfcWall,buitenblad,,,9E0C55F5-E3CA-419A-9985-D8A80D718841,IFC_baksteen_roodbruin_100mm_liggend 100,00 begane grond,True
3Gl09z0xrDMhikUUZFZdvs,IfcWall,buitenblad,,,D0BC027D-03BD-4D5A-BB2E-79E8CF8E7E76,IFC_baksteen_roodbruin_100mm_liggend 100,00 begane grond,True
0yqn783mn5b8lSBwRQAGYV,IfcWall,buitenblad,,,3CD311C8-0F0C-4594-8BDC-2FA6DA29089F,IFC_baksteen_roodbruin_100mm_staand 100,00 begane grond,True
3_LAKs74TEqwOfhvpeA_i8,IfcWall,buitenblad,,,FE54A536-1C47-4ED3-A629-AF9CE82BEB08,IFC_baksteen_roodbruin_100mm_staand 100,00 begane grond,True
2ELxAjp9v3euJJCvWVVMtg,IfcWall,HSB-element,,,8E57B2AD-CC9E-43A3-84D3-33981F7D6DEA,"IFC_HSB_155_wandelement_Rc=3,67 155",00 begane grond,True
2XCsjo3zH3CAxHIt06QmUl,IfcWall,buitenblad,,,A1336B72-0FD4-4330-AED1-4B70066B07AF,IFC_baksteen_roodbruin_100mm_liggend 100,00 begane grond,True
0npgzQizb9UOxmY2t29tNR,IfcWall,buitenblad,,,31CEAF5A-B3D9-4979-8EF0-882DC22775DB,IFC_baksteen_roodbruin_100mm_liggend 100,00 begane grond,True
2RWoWcgO9EtBUuIPPuD7Ot,IfcWall,HSB-element,,,9B832826-A982-4EDC-B7B8-499678347637,"IFC_HSB_155_wandelement_Rc=3,67 155",00 begane grond,True
02XLK06DT5w8biXGZaesSW,IfcWall,HSB-element,,,02855500-18D7-45E8-896C-8508E4A36720,"IFC_HSB_155_wandelement_Rc=3,67 155",00 begane grond,True
3T64ifBjD5OekUb06AiV26,IfcWall,buitenblad,,,DD184B29-2ED3-4562-8B9E-94018AB1F086,IFC_baksteen_roodbruin_100mm_staand 100,00 begane grond,True
32dcXAt7L1eecrauLpV4ya,IfcWall,HSB-element,,,C29E684A-DC75-41A2-89B5-9385737C4F24,"IFC_HSB_155_wandelement_Rc=3,67 155",00 begane grond,True
3tpvWfQc93Pe5RIl_A8mon,IfcWall,buitenblad,,,F7CF9829-6A62-4366-815B-4AFF8A230CB1,IFC_baksteen_roodbruin_100mm_liggend 100,00 begane grond,True
2IKZYPom90NBBWPrDMsabL,IfcWall,buitenblad,,,92523899-CB02-405C-B2E0-675356DA4955,IFC_baksteen_roodbruin_100mm_liggend 100,00 begane grond,True
1wiFMRwA14eOSQ629Ds0EN,IfcWall,buitenblad,,,7AB0F59B-E8A0-44A1-871A-18224DD80397,IFC_baksteen_roodbruin_100mm_liggend 100,00 begane grond,True
0RZYP$9znCHg11Unjzo2gM,IfcWall,buitenblad,,,1B8E267F-27DC-4C46-A041-7B1B7DC82A96,IFC_baksteen_roodbruin_100mm_liggend 100,00 begane grond,True
1j8aXfZ61FCQlpST1A47EK,IfcWall,buitenblad,,,6D224869-8C60-4F31-ABF3-71D04A107394,IFC_baksteen_roodbruin_100mm_liggend 100,00 begane grond,True
33popJ5N52LwaCtgF8Y$AT,IfcWall,buitenblad,,,C3CF2CD3-1571-4257-A90C-DEA3C88BF29D,IFC_baksteen_roodbruin_100mm_staand 100,00 begane grond,True
3cOY44wWnFkPbXVkjznSkG,IfcWall,HSB-element,,,E6622104-EA0C-4FB9-9961-7EEB7DC5CB90,"IFC_HSB_155_wandelement_Rc=3,67 155",00 begane grond,True
1cwdTk8S96F8MVrL$7PPbb,IfcWall,buitenblad,,,66EA776E-21C2-463C-859F-D55FC7659965,IFC_baksteen_roodbruin_100mm_staand 100,00 begane grond,True
27laWgAXX3AQWepVcTmr0b,IfcWall,buitenblad,,,87BE482A-2A18-4329-A828-CDF99DC35025,IFC_baksteen_roodbruin_100mm_liggend 100,00 begane grond,True
1x7Mc6nmT7bwvgcqGXCkvz,IfcWall,buitenblad,,,7B1D6986-C707-4797-AE6A-9B442132EE7D,IFC_baksteen_roodbruin_100mm_staand 100,00 begane grond,True
0BwPscFxPFCuMM1ImRc1Ih,IfcWall,buitenblad,,,0BE99DA6-3FB6-4F33-8596-052C1B9814AB,IFC_baksteen_roodbruin_100mm_liggend 100,00 begane grond,True
1RvcIXv5r5qApoABUlG0pn,IfcWall,buitenblad,,,5BE664A1-E45D-45D0-ACF2-28B7AF400CF1,IFC_baksteen_roodbruin_100mm_liggend 100,00 begane grond,True
3I0Mxc4yT7gf5sgqnBUCnr,IfcWall,buitenblad,,,D2016EE6-13C7-47AA-9176-AB4C4B78CC75,IFC_baksteen_roodbruin_100mm_liggend 100,00 begane grond,True
2Yxhz5qhH1i9kybbH$UNZe,IfcWall,buitenblad,,,A2EEBF45-D2B4-41B0-9BBC-96547F7978E8,IFC_baksteen_roodbruin_100mm_staand 100,00 begane grond,True
264trgx691ZQ1dy9itipVe,IfcWall,buitenblad,,,86137D6A-EC62-418D-A067-F09B37B337E8,IFC_baksteen_roodbruin_100mm_staand 100,00 begane grond,True
0X5njjJnD05RlVfFUaRcc_,IfcWall,buitenblad,,,21171B6D-4F13-4015-BBDF-A4F7A46E69BE,IFC_baksteen_roodbruin_100mm_staand 100,00 begane grond,True
2CAjyYu5rBgeq7raWO$nCM,IfcWall,buitenblad,,,8C2ADF22-E05D-4BAA-8D07-D64818FF1316,IFC_baksteen_roodbruin_100mm_staand 100,00 begane grond,True
1KHRv4Wo92W8Ab30UPNcA8,IfcWall,buitenblad,,,5445BE44-8322-4280-82A5-0C07995E6288,IFC_baksteen_roodbruin_100mm_staand 100,00 begane grond,True
3k5fe2GK57AvySEimXpMxv,IfcWall,binnenblad,,,EE169A02-4141-472B-9F1C-3ACC21CD6EF9,IFC_kalkzandsteen_214mm 214,00 begane grond,True
04LIlkhvb1Bvm_lsMUkqg0,IfcWall,buitenblad,,,04552BEE-AF99-412F-9C3E-BF659EBB4A80,IFC_baksteen_roodbruin_100mm_liggend 100,00 begane grond,True
12hYt_1D96Bvi$FtsKq7Ts,IfcWall,buitenblad,,,42AE2DFE-04D2-462F-9B3F-3F7D94D07776,IFC_baksteen_roodbruin_100mm_staand 100,00 begane grond,True
3gGaKULxj7vO9NevTUNlI8,IfcWall,buitenblad,,,EA42451E-57BB-47E5-8257-A3975E5EF488,IFC_baksteen_roodbruin_100mm_liggend 100,00 begane grond,True
3oqbpQmTz3fuh9S3tOlVZ8,IfcWall,buitenblad,,,F2D25CDA-C1DF-43A7-8AC9-703DD8BDF8C8,IFC_baksteen_roodbruin_100mm_liggend 100,00 begane grond,True
1n$EpDaJj77Qx4eKJyFNzY,IfcWall,binnenblad,,,71FCECCD-913B-471D-AEC4-A144FC3D7F62,IFC_kalkzandsteen_214mm 214,00 begane grond,True
0yGvJBe$9ArOV8je0sM0oV,IfcWall,buitenblad,,,3C4394CB-A3F2-4AD5-87C8-B68036580C9F,IFC_baksteen_roodbruin_100mm_liggend 100,00 begane grond,True
3_Q_3tf9PB0gG8Y6HQWbnU,IfcWall,metalstudwand,,,FE6BE0F7-A496-4B02-A408-88645A825C5E,IFC_HSB_70mm 70,00 begane grond,True
21bpzoYon9TeghbO0ho825,IfcWall,HSB-element,,,81973F72-8B2C-4976-8AAB-95802BC88085,"IFC_HSB_155_wandelement_Rc=3,67 155",00 begane grond,True
1ra$MdZfHBPOSr$MO20fsZ,IfcWall,HSB-element,,,7593F5A7-8E94-4B65-8735-FD6602029DA3,"IFC_HSB_155_wandelement_Rc=3,67 155",00 begane grond,True
1TyYgSSs92feQ6FboiVlCH,IfcWall,HSB-element,,,5DF22A9C-7362-42A6-8686-3E5CAC7EF311,"IFC_HSB_155_wandelement_Rc=3,67 155",00 begane grond,True
0_l2ELmojF3vYbiNvMXM17,IfcWall,HSB-element,,,3EBC2395-C32B-4F0F-98A5-B17E56856047,"IFC_HSB_155_wandelement_Rc=3,67 155",00 begane grond,True
06fbT3wWX0nvalSj0LVOEw,IfcWall,HSB-element,,,06A65743-EA08-40C7-992F-72D0157D83BA,"IFC_HSB_155_wandelement_Rc=3,67 155",00 begane grond,True
2ojCl65KjB$gf89qZ5MPfM,IfcWall,HSB-element,,,B2B4CBC6-154B-4BFE-AA48-2748C5599A56,"IFC_HSB_155_wandelement_Rc=3,67 155",00 begane grond,True
0YU6oy1EfCeBW1mHFSweX2,IfcWall,HSB-element,,,22786CBC-04EA-4CA0-B801-C113DCEA8842,"IFC_HSB_155_wandelement_Rc=3,67 155",00 begane grond,True
1CTGUsNkD2iQBMpcLlMjAY,IfcWall,binnenblad,,,4C7507B6-5EE3-42B1-A2D6-CE656F5AD2A2,IFC_kalkzandsteen_214mm 214,00 begane grond,True
1nrtcIEWXCJBl2_he$mODZ,IfcWall,binnenblad,,,71D77992-3A08-4C4C-BBC2-FABA3FC18363,IFC_kalkzandsteen_214mm 214,00 begane grond,True
2R6F$WfUj7CApH6kaihZst,IfcWall,buitenblad,,,9B18FFE0-A5EB-4730-ACD1-1AE92CAE3DB7,IFC_baksteen_roodbruin_100mm_staand 100,00 begane grond,True
3Cm7scBgX4CQfTVM1hDF2B,IfcWall,buitenblad,,,CCC07DA6-2EA8-4431-AA5D-7D606B34F08B,IFC_baksteen_roodbruin_100mm_liggend 100,00 begane grond,True
2Igex6onTAmfhouHOSUg8V,IfcWall,buitenblad,,,92AA8EC6-CB17-4AC2-9AF2-E1161C7AA21F,IFC_baksteen_roodbruin_100mm_liggend 100,00 begane grond,True
1umTqd3qjB5xn4xlPSMoml,IfcWall,buitenblad,,,78C1DD27-0F4B-4B17-BC44-EEF65C5B2C2F,IFC_baksteen_roodbruin_100mm_liggend 100,00 begane grond,True
0yKSa9A8bBuRIXwylue0ES,IfcWall,buitenblad,,,3C51C909-2889-4BE1-B4A1-EBCBF8A0039C,IFC_baksteen_kopergeel_100mm_staand 100,00 begane grond,True
0j1_rzpXL9NRGFgvzNNHj7,IfcWall,buitenblad,,,2D07ED7D-CE15-495D-B40F-AB9F575D1B47,IFC_baksteen_roodbruin_100mm_staand 100,00 begane grond,True
014PwDUKL5UQmLgv_0D$t9,IfcWall,buitenblad,,,01119E8D-7945-4579-AC15-AB9F8037FDC9,IFC_baksteen_roodbruin_100mm_liggend 100,00 begane grond,True
1AD2j$SNTAhBnN$NNYqXG4,IfcWall,buitenblad,,,4A342B7F-7177-4AAC-BC57-FD75E2D21404,IFC_baksteen_roodbruin_100mm_staand 100,00 begane grond,True
3ew41MT6r7mAzMkFPWSywt,IfcWall,buitenblad,,,E8E84056-746D-47C0-AF56-B8F66073CEB7,IFC_baksteen_roodbruin_100mm_liggend 100,00 begane grond,True
33iRUNUF92df$CutlVAdNZ,IfcWall,buitenblad,,,C3B1B797-78F2-429E-9FCC-E37BDF2A75E3,IFC_baksteen_roodbruin_100mm_staand 100,00 begane grond,True
3XkSf_WQD8B95Qz7TinhrH,IfcWall,buitenblad,,,E1B9CA7E-81A3-482C-915A-F4776CC6BD51,IFC_baksteen_roodbruin_100mm_staand 100,00 begane grond,True
0c01Rv4rP95PoAhsRXcgwU,IfcWall,buitenblad,,,260016F9-1356-4915-9C8A-AF66E19AAE9E,IFC_baksteen_roodbruin_100mm_staand 100,00 begane grond,True
2Deg5LVyrBj8lmqeJEcC9g,IfcWall,buitenblad,,,8DA2A155-7FCD-4BB4-8BF0-D284CE98C26A,IFC_baksteen_roodbruin_100mm_liggend 100,00 begane grond,True
2Yh7gIYaX4WulI_7Z3daPi,IfcWall,buitenblad,,,A2AC7A92-8A48-4483-8BD2-F878C39E466C,IFC_baksteen_roodbruin_100mm_liggend 100,00 begane grond,True
1MhvJn8ib6dAT$Lmr5tFv7,IfcWall,buitenblad,,,56AF94F1-22C9-469C-A77F-570D45DCFE47,IFC_baksteen_roodbruin_100mm_staand 100,00 begane grond,True
0$nmb_JxzCaAMY_T0nZCdH,IfcWall,binnenblad,,,3FC7097E-4FBF-4C90-A5A2-F9D0318CC9D1,IFC_kalkzandsteen_214mm 214,00 begane grond,True
2OaEEPzi95OPFp9P1ePXMb,IfcWall,buitenblad,,,9890E399-F6C2-4561-93F3-2590686615A5,IFC_baksteen_roodbruin_100mm_staand 100,00 begane grond,True
2$jpBsfqD9mwGiQ1MIMyCK,IfcWall,buitenblad,,,BFB732F6-A743-49C3-A42C-6815925BC314,IFC_baksteen_roodbruin_100mm_liggend 100,00 begane grond,True
0A5H6Gj795FQZvzPeczKad,IfcWall,buitenblad,,,0A151190-B472-453D-A8F9-F59A26F54927,IFC_baksteen_roodbruin_100mm_staand 100,00 begane grond,True
0ohCctKtf3xAERYPncHkFE,IfcWall,buitenblad,,,32ACC9B7-537A-43EC-A39B-899C6646E3CE,IFC_baksteen_roodbruin_100mm_staand 100,00 begane grond,True
0dAxGfAP51s88l$orgTdn4,IfcWall,buitenblad,,,272BB429-2991-41D8-822F-FF2D6A767C44,IFC_baksteen_roodbruin_100mm_staand 100,00 begane grond,True
2QS4fApj12O96cFKByf97B,IfcWall,buitenblad,,,9A704A4A-CED0-4260-91A6-3D42FCA491CB,IFC_baksteen_roodbruin_100mm_staand 100,00 begane grond,True
3esS7s_B5C2huIWmYkTJPq,IfcWall,buitenblad,,,E8D9C1F6-F8B1-4C0A-BE12-8308AE753674,IFC_baksteen_roodbruin_100mm_liggend 100,00 begane grond,True
037e4dk9f2mA5SA28Mu_Ya,IfcWall,buitenblad,,,031E8127-B89A-42C0-A15C-282216E3E8A4,IFC_baksteen_roodbruin_100mm_liggend 100,00 begane grond,True
1Pz5bTcYHD$O0CoWS9huuh,IfcWall,buitenblad,,,59F4595D-9A24-4DFD-800C-CA0709AF8E2B,IFC_baksteen_roodbruin_100mm_staand 100,00 begane grond,True
12n3rezy5ABfwwc5yfQdvw,IfcWall,buitenblad,,,42C43D68-F7C1-4A2E-9EBA-985F296A7E7A,IFC_baksteen_roodbruin_100mm_liggend 100,00 begane grond,True
31GveRCSn6hRz9bWTBO2Sx,IfcWall,buitenblad,,,C1439A1B-31CC-46AD-BF49-96074B60273B,IFC_baksteen_roodbruin_100mm_staand 100,00 begane grond,True
3azr12Tev2re9qfmBJNIhw,IfcWall,buitenblad,,,E4F75042-768E-42D6-8274-A702D35D2AFA,IFC_baksteen_roodbruin_100mm_liggend 100,00 begane grond,True
1ocvZUdNzBqPiJsdrrFn1c,IfcWall,buitenblad,,,729B98DE-9D7F-4BD1-9B13-DA7D753F1066,IFC_baksteen_roodbruin_100mm_staand 100,00 begane grond,True
3PoAJuTXPF$u36k5Jw4Z5a,IfcWall,buitenblad,,,D9C8A4F8-7616-4FFF-80C6-B854FA123164,IFC_baksteen_roodbruin_100mm_staand 100,00 begane grond,True
0hDghtDLb88ODx5EtvPzgM,IfcWall,buitenblad,,,2B36AAF7-3559-4821-837B-14EDF967DA96,IFC_baksteen_roodbruin_100mm_staand 100,00 begane grond,True
1YCu$eFwfF7BL8140KPXca,IfcWall,buitenblad,,,62338FE8-3FAA-4F1C-B548-0440146619A4,IFC_baksteen_roodbruin_100mm_staand 100,00 begane grond,True
2WwJToEmn6mgw6GIYna5Lb,IfcWall,buitenblad,,,A0E93772-3B0C-46C2-AE86-4128B1905565,IFC_baksteen_roodbruin_100mm_liggend 100,00 begane grond,True
0qjLt6tpjDu8lujp9gCtYe,IfcWall,binnenblad,,,34B55DC6-DF3B-4DE0-8BF8-B7326A3378A8,IFC_kalkzandsteen_214mm 214,00 begane grond,True
1bgUfDc9n0g9HZP5aLbJ0n,IfcWall,buitenblad,,,65A9EA4D-989C-40A8-9463-645915953031,IFC_baksteen_roodbruin_100mm_liggend 100,00 begane grond,True
1pBD50fUf4HOQWY_FkoYJT,IfcWall,buitenblad,,,732CD140-A5EA-4445-86A0-8BE3EECA24DD,IFC_baksteen_roodbruin_100mm_staand 100,00 begane grond,True
1isL1SRaT9YBDYiTeS2Ty8,IfcWall,buitenblad,,,6CD9505C-6E47-4988-B362-B1DA1C09DF08,IFC_baksteen_kopergeel_100mm_staand 100,00 begane grond,True
3F8rMkRHX4UAiIGKwBj4Po,IfcWall,buitenblad,,,CF2355AE-6D18-4478-AB12-414E8BB44672,IFC_baksteen_roodbruin_100mm_liggend 100,00 begane grond,True
0CIHS3UqLCFfmV3hApIGQ6,IfcWall,buitenblad,,,0C491703-7B45-4C3E-9C1F-0EB2B3490686,IFC_baksteen_roodbruin_100mm_staand 100,00 begane grond,True
0bRZzgbzD4IuC4gxNY7xQh,IfcWall,buitenblad,,,256E3F6A-97D3-444B-8304-ABB5E21FB6AB,IFC_baksteen_roodbruin_100mm_liggend 100,00 begane grond,True
0GU$6X29PC6gNbWz5MWmi4,IfcWall,buitenblad,,,107BF1A1-0896-4C1A-A5E5-83D156830B04,IFC_baksteen_roodbruin_100mm_liggend 100,00 begane grond,True
3f0aTSwAX5n8oP68ncSUmN,IfcWall,buitenblad,,,E902475C-E8A8-45C4-8C99-188C6671EC17,IFC_baksteen_roodbruin_100mm_liggend 100,00 begane grond,True
1$vNox_g1FifYtmbY51XxV,IfcWall,buitenblad,,,7FE57CBB-FAA0-4FB2-98B7-C25885061EDF,IFC_baksteen_roodbruin_100mm_staand 100,00 begane grond,True
026r04Lmj75x6ENTJ7WTIB,IfcWall,buitenblad,,,021B5004-570B-4717-B18E-5DD4C781D48B,IFC_baksteen_roodbruin_100mm_staand 100,00 begane grond,True
0_$Vb4UgX1xBB1w8C2cj2L,IfcWall,buitenblad,,,3EFDF944-7AA8-41EC-B2C1-E883029AD095,IFC_baksteen_roodbruin_100mm_staand 100,00 begane grond,True
1s_rF_1un3wOdkmGxpCfiN,IfcWall,buitenblad,,,76FB53FE-078C-43E9-89EE-C10EF3329B17,IFC_baksteen_roodbruin_100mm_staand 100,00 begane grond,True
1FGAmKk99819cnKcUMT2gL,IfcWall,separatiewand,,,4F40AC14-B892-4804-99B1-526796742A95,IFC_separatiewand_gasbeton_100mm 100,00 begane grond,True
3svLfMUGz6RPW7zJsbFgVI,IfcWall,separatiewand,,,F6E55A56-790F-466D-9807-F53DA53EA7D2,IFC_separatiewand_gasbeton_100mm 100,00 begane grond,True
1LZPU6x0L9wOZBNrZ5df2z,IfcWall,separatiewand,,,558D9786-EC05-49E9-88CB-5F58C59E90BD,IFC_separatiewand_gasbeton_70mm 70,00 begane grond,True
0WqX0b_Gj53ObpF3GHqhgT,IfcWall,separatiewand,,,20D21025-F90B-450D-8973-3C3411D2BA9D,IFC_separatiewand_gasbeton_100mm 100,00 begane grond,True
1oraHrHF1Dyu4SuSnO8ARQ,IfcWall,separatiewand,,,72D64475-44F0-4DF3-811C-E1CC5820A6DA,IFC_gipsblokken_70mm 70,00 begane grond,True
0wAaPRefDFjQKjv08CArN4,IfcWall,separatiewand,,,3A2A465B-A293-4FB5-A52D-E4020C2B55C4,IFC_gipsblokken_70mm 70,00 begane grond,True
2IddtI00n0rx1sVzeIOFgT,IfcWall,separatiewand,,,929E7DD2-000C-40D7-B076-7FDA1260FA9D,IFC_separatiewand_gasbeton_70mm 70,00 begane grond,True
1I9wybdkfBfQfy1clCu312,IfcWall,separatiewand,,,5227AF25-9EEA-4BA5-AA7C-066BCCE03042,IFC_separatiewand_gasbeton_100mm 100,00 begane grond,True
2Y17p3X0LCwAQBBap_PfuM,IfcWall,separatiewand,,,A2047CC3-8405-4CE8-A68B-2E4CFE669E16,IFC_separatiewand_gasbeton_100mm 100,00 begane grond,True
0MTC1GonbDHhxIHc0o_Hwo,IfcWall,separatiewand,,,1674C050-CB19-4D46-BED2-466032F91EB2,IFC_separatiewand_gasbeton_70mm 70,00 begane grond,True
2Ceuxj28f1jeasNbgQdOxb,IfcWall,separatiewand,,,8CA38EED-088A-41B6-8936-5E5A9A9D8EE5,IFC_separatiewand_gasbeton_100mm_hydro 100,00 begane grond,True
1gNkbSVZbFBxFXaKoy2iyq,IfcWall,separatiewand,,,6A5EE95C-7E39-4F2F-B3E1-914CBC0ACF34,IFC_separatiewand_gasbeton_100mm 100,00 begane grond,True
2fm0mZk$v1jv8Zx4BDh_0A,IfcWall,separatiewand,,,A9C00C23-BBFE-41B7-9223-EC42CDAFE00A,IFC_separatiewand_gasbeton_70mm 70,00 begane grond,True
0Q9MMqksT8Lw1MSX6wiWlm,IfcWall,separatiewand,,,1A2565B4-BB67-4857-A056-7211BAB20BF0,IFC_separatiewand_gasbeton_100mm 100,00 begane grond,True
1FqYaESPXFuhUVvvYp6cz_,IfcWall,separatiewand,,,4FD2290E-7198-4FE2-B79F-E798B31A6F7E,IFC_separatiewand_gasbeton_100mm_hydro 100,00 begane grond,True
3NCom$HHj0s8CFEaff7h0i,IfcWall,separatiewand,,,D7332C3F-451B-40D8-830F-3A4A691EB02C,IFC_separatiewand_gasbeton_70mm 70,00 begane grond,True
01Kt0gjUr0wQi3mfN_sJAF,IfcWall,separatiewand,,,0153702A-B5ED-40E9-AB03-C295FED9328F,IFC_separatiewand_gasbeton_100mm_hydro 100,00 begane grond,True
0MShzpttDCFebRi8XxX5Be,IfcWall,separatiewand,,,1672BF73-DF73-4C3E-895B-B0887B8452E8,IFC_separatiewand_gasbeton_100mm_hydro 100,00 begane grond,True
03$ccRRszFBBvdHYRBhWBB,IfcWall,separatiewand,,,03FE699B-6F6F-4F2C-BE67-4626CBAE02CB,IFC_separatiewand_gasbeton_100mm 100,00 begane grond,True
3fuVRb4XjElhDvhrOaoTtt,IfcWall,separatiewand,,,E9E1F6E5-121B-4EBE-B379-AF5624C9DDF7,IFC_separatiewand_gasbeton_70mm 70,00 begane grond,True
27uvm4mVj9Fh2G4GW$nbBr,IfcWall,separatiewand,,,87E39C04-C1FB-493E-B090-11083FC652F5,IFC_separatiewand_gasbeton_100mm 100,00 begane grond,True
2FJRWxBJD9PAYk_P_Dp7uD,IfcWall,separatiewand,,,8F4DB83B-2D33-4964-A8AE-F99F8DCC7E0D,IFC_separatiewand_gasbeton_70mm 70,00 begane grond,True
3IBoEUFNz2$emtSPYYqofy,IfcWall,separatiewand,,,D22F239E-3D7F-42FE-8C37-7198A2D32A7C,IFC_separatiewand_gasbeton_100mm 100,00 begane grond,True
3hPtwB9dPCrQf5d5COzFHr,IfcWall,metalstudwand,,,EB677E8B-2676-4CD5-AA45-9C5318F4F475,IFC_HSB_70mm 70,00 begane grond,True
24KQNv7ID5k8TEYH_QWIPo,IfcWall,metalstudwand,,,8451A5F9-1D23-45B8-874E-891F9A812672,IFC_HSB_70mm 70,00 begane grond,True
1fDCTPwoDCwQjPVZtcx23B,IfcWall,metalstudwand,,,6934C759-EB23-4CE9-AB59-7E3DE6EC20CB,IFC_HSB_70mm 70,00 begane grond,True
1dcl_KEgvBzg2V0ywDT44c,IfcWall,binnenblad,,,679AFF94-3AAE-4BF6-A09F-03CE8D744126,IFC_kalkzandsteen_214mm 214,00 begane grond,True
3nzu1bC1j9OASHamQgK09U,IfcWall,buitenblad,,,F1F78065-301B-4960-A711-9306AA50025E,IFC_baksteen_roodbruin_100mm_liggend 100,00 begane grond,True
1lEjph7wz1fB40MAeoR5xD,IfcWall,separatiewand,,,6F3ADCEB-1FAF-41A4-B100-58AA326C5ECD,IFC_separatiewand_gasbeton_100mm_hydro 100,00 begane grond,True
0klGaA9M11cw9VwJ96pWIe,IfcWall,separatiewand,,,2EBD090A-2560-419B-A25F-E93246CE04A8,IFC_separatiewand_gasbeton_70mm 70,00 begane grond,True
04AOBR8wLDz8EonUdH$yXd,IfcWall,separatiewand,,,042982DB-23A5-4DF4-83B2-C5E9D1FFC867,IFC_separatiewand_gasbeton_70mm 70,00 begane grond,True
31cdahMYL9Leho2rsQXm2b,IfcWall,separatiewand,,,C19A792B-5A25-4956-8AF2-0B5D9A8700A5,IFC_separatiewand_gasbeton_70mm 70,00 begane grond,True
0X2zNK4Gr959hH90pZPnh_,IfcWall,separatiewand,,,210BD5D4-110D-4914-9AD1-240CE3671AFE,IFC_separatiewand_gasbeton_100mm_hydro 100,00 begane grond,True
3x9ycAZtX5CQvD0YimN_OD,IfcWall,separatiewand,,,FB27C98A-8F78-4531-AE4D-022B305FE60D,IFC_separatiewand_gasbeton_100mm_hydro 100,00 begane grond,True
2erHyW9a93fxiTHg9u4oBi,IfcWall,buitenblad,,,A8D51F20-2642-43A7-BB1D-46A2781322EC,IFC_baksteen_kopergeel_100mm_liggend 100,01 eerste verdieping,True
1EWWqeDT9BMgIJKXOapy7g,IfcWall,knieschot,,,4E820D28-35D2-4B5A-A493-521624CFC1EA,"IFC_knieschot_geisoleerd_Rc=4,00 206",01 eerste verdieping,True
3YWZENIwv2cRjcU4sOLnqp,IfcWall,buitenblad,,,E2823397-4BAE-4299-BB66-784D98571D33,IFC_baksteen_kopergeel_100mm_liggend 100,01 eerste verdieping,True
1hNUSW9Fz2kwTPOlreVhJU,IfcWall,binnenblad,,,6B5DE720-24FF-42BB-A759-62FD687EB4DE,IFC_kalkzandsteen_214mm 214,01 eerste verdieping,True
2dez8YjPv64QJPWa_Ut4T2,IfcWall,binnenblad,,,A7A3D222-B59E-4611-A4D9-824F9EDC4742,IFC_kalkzandsteen_214mm 214,01 eerste verdieping,True
1XAtD5ST1B6hJBF87WWK_p,IfcWall,liftwand,,,612B7345-71D0-4B1A-B4CB-3C81E0814FB3,IFC_kalkzandsteen_214mm 214,01 eerste verdieping,True
1ZjSTbnjDE3eg9hU_V3RZu,IfcWall,liftwand,,,63B5C765-C6D3-4E0E-8A89-ADEF9F0DB8F8,IFC_kalkzandsteen_214mm 214,01 eerste verdieping,True
1l4OJxa6HEzfGDywLDzjC4,IfcWall,liftwand,,,6F1184FB-9064-4EF6-940D-F3A54DF6D304,IFC_kalkzandsteen_214mm 214,01 eerste verdieping,True
2w4EgNvcXAxOiGhNOfuw5d,IfcWall,buitenblad,,,BA10EA97-E668-4AED-8B10-AD7629E3A167,IFC_baksteen_roodbruin_100mm_staand 100,01 eerste verdieping,True
3tpY8iJUX04PuBuWL58WJY,IfcWall,knieschot,,,F7CE222C-4DE8-4011-9E0B-E205452204E2,"IFC_knieschot_geisoleerd_Rc=4,00 206",01 eerste verdieping,True
2HMywdZ4v9ehAMv0ULqY7g,IfcWall,binnenblad,,,915BCEA7-8C4E-49A2-B296-E40795D221EA,IFC_kalkzandsteen_214mm 214,01 eerste verdieping,True
0bkZLlteH4Gv_QuHkHzQDP,IfcWall,binnenblad,,,25BA356F-DE84-4443-9F9A-E11B91F5A359,IFC_kalkzandsteen_214mm 214,01 eerste verdieping,True
1lyoimFmL5zA5TFPtlaokD,IfcWall,binnenblad,,,6FF32B30-3F05-45F4-A15D-3D9DEF932B8D,IFC_kalkzandsteen_214mm 214,01 eerste verdieping,True
06P8M5eRX7Q8DMqxH3c_wl,IfcWall,binnenblad,,,06648585-A1B8-4768-8356-D3B4439BEEAF,IFC_kalkzandsteen_214mm 214,01 eerste verdieping,True
0Z4DuejWD50xg4CFcjidlO,IfcWall,binnenblad,,,2310DE28-B603-4503-BA84-30F9ADB27BD8,IFC_kalkzandsteen_214mm 214,01 eerste verdieping,True
2f_jfRbF16awLBIX13CDXP,IfcWall,binnenblad,,,A9FADA5B-94F0-4693-A54B-4A104330D859,IFC_kalkzandsteen_214mm 214,01 eerste verdieping,True
2gjTPGDyjDTuEPcBmfMwbs,IfcWall,buitenblad,,,AAB5D650-37CB-4D77-8399-98BC295BA976,IFC_baksteen_roodbruin_100mm_liggend 100,01 eerste verdieping,True
1Bzc8uSZD4XQVt_ohtWZId,IfcWall,buitenblad,,,4BF66238-7233-4485-A7F7-FB2AF78234A7,IFC_baksteen_roodbruin_100mm_liggend 100,01 eerste verdieping,True
2B0G8J6dD9_eLksetBKO8G,IfcWall,buitenblad,,,8B010213-1A73-49FA-856E-DA8DCB518210,IFC_baksteen_roodbruin_100mm_liggend 100,01 eerste verdieping,True
0BaTdFig96fAQhtMSd1Bze,IfcWall,buitenblad,,,0B91D9CF-B2A2-46A4-A6AB-DD672704BF68,IFC_baksteen_roodbruin_100mm_liggend 100,01 eerste verdieping,True
0j6o0yB1fFhuN_Qos13Bz5,IfcWall,buitenblad,,,2D1B203C-2C1A-4FAF-85FE-6B2D810CBF45,IFC_baksteen_roodbruin_100mm_liggend 100,01 eerste verdieping,True
2jBoz4nA9C1vNRWoQoZCw5,IfcWall,buitenblad,,,AD2F2F44-C4A2-4C07-95DB-8326B28CCE85,IFC_baksteen_roodbruin_100mm_liggend 100,01 eerste verdieping,True
3wmcZBj8H2fBiTVxjtc76K,IfcWall,buitenblad,,,FAC268CB-B484-42A4-BB1D-7FBB77987194,IFC_baksteen_roodbruin_100mm_liggend 100,01 eerste verdieping,True
0HJRV4BSTAkAtUp9svnqkF,IfcWall,buitenblad,,,114DB7C4-2DC7-4AB8-ADDE-CC9DB9C74B8F,IFC_baksteen_roodbruin_100mm_liggend 100,01 eerste verdieping,True
1_5se9Bjn1rgHwEb$U1XcT,IfcWall,buitenblad,,,7E176A09-2EDC-41D6-A47A-3A5FDE06199D,IFC_baksteen_roodbruin_100mm_liggend 100,01 eerste verdieping,True
024PETTtr5LPliAdggDMDR,IfcWall,buitenblad,,,0211939D-777D-4555-9BEC-2A7AAA35635B,IFC_baksteen_roodbruin_100mm_liggend 100,01 eerste verdieping,True
0oq3Y7GEDEWwB4m3kkbnC2,IfcWall,buitenblad,,,32D03887-40E3-4E83-A2C4-C03BAE971302,IFC_baksteen_roodbruin_100mm_liggend 100,01 eerste verdieping,True
0OgpsAvNXAkRbqgrv0PLw5,IfcWall,buitenblad,,,18AB3D8A-E578-4AB9-B974-AB5E40655E85,IFC_baksteen_roodbruin_100mm_liggend 100,01 eerste verdieping,True
02jiAyhWL9AAwFG60v31tV,IfcWall,buitenblad,,,02B6C2BC-AE05-4928-AE8F-4060390C1DDF,IFC_baksteen_roodbruin_100mm_liggend 100,01 eerste verdieping,True
2SmJxWwbTEYA63r0gQnWj5,IfcWall,buitenblad,,,9CC13EE0-EA57-4E88-A183-D40A9AC60B45,IFC_baksteen_roodbruin_100mm_liggend 100,01 eerste verdieping,True
3qaZ5SwO91k8OhrLYeYPcl,IfcWall,buitenblad,,,F492315C-E982-41B8-862B-D558A88999AF,IFC_baksteen_roodbruin_100mm_liggend 100,01 eerste verdieping,True
1kqWYCHTD7O9PRPuC8iVbj,IfcWall,buitenblad,,,6ED2088C-45D3-4760-965B-678308B1F96D,IFC_baksteen_roodbruin_100mm_staand 100,01 eerste verdieping,True
2jijIuzvzCMOBIhgOoeHnJ,IfcWall,buitenblad,,,ADB2D4B8-F79F-4C59-82D2-AEA632A11C53,IFC_baksteen_roodbruin_100mm_staand 100,01 eerste verdieping,True
2qcWMhv7X4VQw$dXrmGBAF,IfcWall,buitenblad,,,B49A05AB-E478-447D-AEBF-9E1D7040B28F,IFC_baksteen_roodbruin_100mm_staand 100,01 eerste verdieping,True
02KCnN8qD7yunPHGlDlBkF,IfcWall,HSB-element,,,0250CC57-2343-47F3-8C59-450BCDBCBB8F,IFC_HSB_155_wandelement_ongeisoleerd_multiplex 155,01 eerste verdieping,True
0uQlWOMIL5sgPCcbhdbYkA,IfcWall,HSB-element,,,386AF818-5925-45DA-A64C-9A5AE7962B8A,IFC_HSB_155_wandelement_ongeisoleerd_multiplex 155,01 eerste verdieping,True
2gZ_44VXjAzRuZlYzgvtgB,IfcWall,HSB-element,,,AA8FE104-7E1B-4AF5-BE23-BE2F6AE77A8B,IFC_HSB_155_wandelement_ongeisoleerd_multiplex 155,01 eerste verdieping,True
3AgwZ0_yPDWxtRR7SaGGUJ,IfcWall,HSB-element,,,CAABA8C0-FBC6-4D83-BDDB-6C7724410793,IFC_HSB_155_wandelement_ongeisoleerd_multiplex 155,01 eerste verdieping,True
1UwMPl_Ff5TeTm5lgVVmYV,IfcWall,HSB-element,,,5EE9666F-F8FA-4576-8770-16FA9F7F089F,IFC_HSB_155_wandelement_ongeisoleerd_multiplex 155,01 eerste verdieping,True
17dT5kmgn18w5w5Mwe_TO2,IfcWall,HSB-element,,,479DD16E-C2AC-4123-A17A-156EA8F9D602,IFC_HSB_155_wandelement_ongeisoleerd_multiplex 155,01 eerste verdieping,True
2M22IcCrn03fbyBol6Rumq,IfcWall,HSB-element,,,960824A6-335C-400E-997C-2F2BC66F8C34,IFC_HSB_155_wandelement_ongeisoleerd_multiplex 155,01 eerste verdieping,True
2r3yVmqMz9zBwYn9dHz5cg,IfcWall,HSB-element,,,B50FC7F0-D16F-49F4-BEA2-C499D1F459AA,IFC_HSB_155_wandelement_ongeisoleerd_multiplex 155,01 eerste verdieping,True
31lVOEPPf3OfIKg0uKPRBg,IfcWall,HSB-element,,,C1BDF60E-659A-4362-9494-A80E1465B2EA,IFC_HSB_155_wandelement_ongeisoleerd_multiplex 155,01 eerste verdieping,True
0cEQnttXL9iAGcN5wu5iIi,IfcWall,HSB-element,,,2639AC77-DE15-49B0-A426-5C5EB816C4AC,IFC_HSB_155_wandelement_ongeisoleerd_multiplex 155,01 eerste verdieping,True
1_yHrjirr42P2omCvRv61n,IfcWall,HSB-element,,,7EF11D6D-B35D-4409-90B2-C0CE5BE46071,IFC_HSB_155_wandelement_ongeisoleerd_multiplex 155,01 eerste verdieping,True
36MTIgYN58Khj4Maho8oRs,IfcWall,buitenblad,,,C659D4AA-8971-4852-BB44-5A4AF22326F6,IFC_baksteen_roodbruin_100mm_liggend 100,01 eerste verdieping,True
2enUmZYnj72OcwNACl0MbV,IfcWall,buitenblad,,,A8C5EC23-8B1B-4709-89BA-5CA32F01695F,IFC_baksteen_roodbruin_100mm_liggend 100,01 eerste verdieping,True
0eH4s4FArDowd5Az30KXRB,IfcWall,buitenblad,,,28444D84-3CAD-4DCB-A9C5-2BD0C05216CB,IFC_baksteen_roodbruin_100mm_liggend 100,01 eerste verdieping,True
0CWWia1q51AgVCIHuLfLS1,IfcWall,buitenblad,,,0C820B24-0741-412A-A7CC-491E15A55701,IFC_baksteen_roodbruin_100mm_staand 100,01 eerste verdieping,True
1QORPgpTj4YPl0HjFsWYcQ,IfcWall,buitenblad,,,5A61B66A-CDDB-4489-9BC0-46D3F682299A,IFC_baksteen_roodbruin_100mm_liggend 100,01 eerste verdieping,True
1b2PVXDBDCvRuDvEnW$veo,IfcWall,buitenblad,,,650997E1-34B3-4CE5-BE0D-E4EC60FF9A32,IFC_baksteen_roodbruin_100mm_liggend 100,01 eerste verdieping,True
2IwaDf7jv9jQ$qH1aQXS$b,IfcWall,buitenblad,,,92EA4369-1EDE-49B5-AFF4-44191A85CFE5,IFC_baksteen_roodbruin_100mm_staand 100,01 eerste verdieping,True
2Zb5jLlbD7TeMfbx6mSTkJ,IfcWall,buitenblad,,,A3945B55-BE53-4776-85A9-97B1B071DB93,IFC_baksteen_roodbruin_100mm_liggend 100,01 eerste verdieping,True
0RrPQ1pTz1IBZvY9bQxtJH,IfcWall,buitenblad,,,1BD59681-CDDF-4148-B8F9-88995AEF74D1,IFC_baksteen_roodbruin_100mm_liggend 100,01 eerste verdieping,True
3K4sDlB8X44RAiRHBjIKFR,IfcWall,buitenblad,,,D413636F-2C88-4411-B2AC-6D12ED4943DB,IFC_baksteen_roodbruin_100mm_liggend 100,01 eerste verdieping,True
0y_z48Xb192w3Y1QR0DkXK,IfcWall,buitenblad,,,3CFBD108-8650-490B-A0E2-05A6C036E854,IFC_baksteen_roodbruin_100mm_liggend 100,01 eerste verdieping,True
2yGqckrs5DJB1X5tSmguGd,IfcWall,buitenblad,,,BC4349AE-D761-4D4C-B061-177730AB8427,IFC_baksteen_roodbruin_100mm_staand 100,01 eerste verdieping,True
2wk5wp3ynE2wbb1It1IEO6,IfcWall,buitenblad,,,BAB85EB3-0FCC-4E0B-A965-052DC148E606,IFC_baksteen_roodbruin_100mm_liggend 100,01 eerste verdieping,True
1ecPb8Ljv5du9f_BTPBG2_,IfcWall,buitenblad,,,68999948-56DE-459F-8269-F8B7592D00BE,IFC_baksteen_roodbruin_100mm_liggend 100,01 eerste verdieping,True
3aiixXmHf4dwr8r_4mNw9M,IfcWall,buitenblad,,,E4B2CEE1-C11A-449F-AD48-D7E1305FA256,IFC_baksteen_roodbruin_100mm_liggend 100,01 eerste verdieping,True
2IBK6_51z5PfBrZG7jZNaY,IfcWall,knieschot,,,922D41BE-141F-4566-92F5-8D01ED8D7922,"IFC_knieschot_geisoleerd_Rc=4,00 206",01 eerste verdieping,True
23_VOHnPPArRsc$svE7nkR,IfcWall,buitenblad,,,83F9F611-C596-4AD5-BDA6-FF6E4E1F1B9B,IFC_baksteen_roodbruin_100mm_liggend 100,01 eerste verdieping,True
1I9tCSVyDBEBMZBe$pLoMh,IfcWall,binnenblad,,,5227731C-7FC3-4B38-B5A3-2E8FF35725AB,IFC_kalkzandsteen_214mm 214,01 eerste verdieping,True
3fqzucbC53mxxunSDyWwfk,IfcWall,buitenblad,,,E9D3DE26-94C1-43C3-BEF8-C5C37C83AA6E,IFC_baksteen_roodbruin_100mm_liggend 100,01 eerste verdieping,True
0bN1XastH7E8NuXGmKqrWD,IfcWall,buitenblad,,,255C1864-DB74-4738-85F8-850C14D3580D,IFC_baksteen_roodbruin_100mm_liggend 100,01 eerste verdieping,True
38M13axmP7Leh6M0bMLeTb,IfcWall,buitenblad,,,C85810E4-EF06-4756-8AC6-580956568765,IFC_baksteen_roodbruin_100mm_liggend 100,01 eerste verdieping,True
2LUMJaNrP2fADnpLMmofDg,IfcWall,buitenblad,,,957964E4-5F56-42A4-A371-CD55B0CA936A,IFC_baksteen_roodbruin_100mm_liggend 100,01 eerste verdieping,True
0PH9okqXD9oRQ1c7UPiNBe,IfcWall,HSB-element,,,19449CAE-D213-49C9-B681-987799B172E8,IFC_HSB_155_wandelement_ongeisoleerd_multiplex 155,01 eerste verdieping,True
27hOrbxS9AhO93h_RDjqPg,IfcWall,buitenblad,,,87AD8D65-EDC2-4AAD-8243-AFE6CDB7466A,IFC_baksteen_roodbruin_100mm_staand 100,01 eerste verdieping,True
3ID8ceKyb379nQYi3vIepA,IfcWall,buitenblad,,,D23489A8-53C9-431C-9C5A-8AC0F94A8CCA,IFC_baksteen_roodbruin_100mm_staand 100,01 eerste verdieping,True
3ZAgbgjkD0pezbSpKh8cdk,IfcWall,HSB-element,,,E32AA96A-B6E3-40CE-8F65-73352B2269EE,IFC_HSB_155_wandelement_ongeisoleerd_multiplex 155,01 eerste verdieping,True
0DiFYGULT7Q8CIC_CShhpg,IfcWall,HSB-element,,,0DB0F890-7957-4768-8312-33E31CAEBCEA,IFC_HSB_155_wandelement_ongeisoleerd_multiplex 155,01 eerste verdieping,True
2cIQdivwH0euQ3BKDTFgOA,IfcWall,buitenblad,,,A649A9EC-E7A4-40A3-8683-2D435D3EA60A,IFC_baksteen_roodbruin_100mm_liggend 100,01 eerste verdieping,True
0_iidB$pr6yercMCS15Alt,IfcWall,buitenblad,,,3EB2C9CB-FF3D-46F2-8D66-58C70114ABF7,IFC_baksteen_roodbruin_100mm_staand 100,01 eerste verdieping,True
1uRc_LHwLCmOpEs$CvHIwc,IfcWall,HSB-element,,,786E6F95-47A5-4CC1-8CCE-DBF339452EA6,IFC_HSB_155_wandelement_ongeisoleerd_multiplex 155,01 eerste verdieping,True
3Lm974x2fEPgfOqVvZhvhW,IfcWall,HSB-element,,,D5C091C4-EC2A-4E66-AA58-D1FE63AF9AE0,IFC_HSB_155_wandelement_ongeisoleerd_multiplex 155,01 eerste verdieping,True
00$z$gLSv2BR45OgtA7FON,IfcWall,HSB-element,,,00FFDFEA-55CE-422D-B105-62ADCA1CF617,IFC_HSB_155_wandelement_ongeisoleerd_multiplex 155,01 eerste verdieping,True
3w7zWNbiT30PlEUwkvLv6L,IfcWall,HSB-element,,,FA1FD817-96C7-4301-9BCE-7BABB9579195,IFC_HSB_155_wandelement_ongeisoleerd_multiplex 155,01 eerste verdieping,True
2La$$5$C99PhLMBg99JnTe,IfcWall,HSB-element,,,9593FFC5-FCC2-4966-B556-2EA2494F1768,IFC_HSB_155_wandelement_ongeisoleerd_multiplex 155,01 eerste verdieping,True
2smbTp1y91MwG0CTtOPTAw,IfcWall,HSB-element,,,B6C25773-07C2-415B-A400-31DDD865D2BA,IFC_HSB_155_wandelement_ongeisoleerd_multiplex 155,01 eerste verdieping,True
1A_ELmRfT6DuuCCqJYimXQ,IfcWall,HSB-element,,,4AF8E570-6E97-4637-8E0C-3344E2B3085A,IFC_HSB_155_wandelement_ongeisoleerd_multiplex 155,01 eerste verdieping,True
2WW_2E6Wr1XPPZ0X1qKYGa,IfcWall,buitenblad,,,A083E08E-1A0D-4185-9663-021074522424,IFC_baksteen_roodbruin_100mm_liggend 100,01 eerste verdieping,True
0FcOHM$Tz0OuZrgJPxG6uE,IfcWall,buitenblad,,,0F998456-FDDF-4063-88F5-A9367B406E0E,IFC_baksteen_roodbruin_100mm_staand 100,01 eerste verdieping,True
08lCyzAS1By8H2pkiWtxEb,IfcWall,buitenblad,,,08BCCF3D-29C0-4BF0-8442-CEEB20DFB3A5,IFC_baksteen_roodbruin_100mm_liggend 100,01 eerste verdieping,True
05FOAkTzrCUBgsJj6dAI3z,IfcWall,buitenblad,,,053D82AE-77DD-4C78-BAB6-4ED1A72920FD,IFC_baksteen_roodbruin_100mm_liggend 100,01 eerste verdieping,True
3xRi6WMC572By6DWM_I3Le,IfcWall,buitenblad,,,FB6EC1A0-58C1-4708-BF06-3605BE483568,IFC_baksteen_roodbruin_100mm_liggend 100,01 eerste verdieping,True
0xlZwI2nnDuf_2wkrcyQcc,IfcWall,buitenblad,,,3BBE3E92-0B1C-4DE2-9F82-EAED66F1A9A6,IFC_baksteen_roodbruin_100mm_staand 100,01 eerste verdieping,True
1E_lkxjMb4FwlCAOaRCfqv,IfcWall,buitenblad,,,4EFAFBBB-B569-443F-ABCC-29891B329D39,IFC_baksteen_roodbruin_100mm_staand 100,01 eerste verdieping,True
11sY8mZADDkvJg9PvHNKN5,IfcWall,buitenblad,,,41DA2230-8CA3-4DBB-94EA-259E515D45C5,IFC_baksteen_roodbruin_100mm_liggend 100,01 eerste verdieping,True
125bFabrLCqQQ0adr4pzjL,IfcWall,buitenblad,,,421653E4-9755-4CD1-A680-927D44CFDB55,IFC_baksteen_roodbruin_100mm_liggend 100,01 eerste verdieping,True
3RyopHsn1E0hLmAiylGg_C,IfcWall,buitenblad,,,DBF32CD1-DB10-4E02-B570-2ACF2F42AF8C,IFC_baksteen_roodbruin_100mm_liggend 100,01 eerste verdieping,True
38l_4KH3nDcgCphNLY110B,IfcWall,buitenblad,,,C8BFE114-443C-4D9A-A333-AD756204100B,IFC_baksteen_roodbruin_100mm_liggend 100,01 eerste verdieping,True
0FepsNa9T4UhJymkj5VxYZ,IfcWall,buitenblad,,,0FA33D97-9097-447A-B4FC-C2EB457FB8A3,IFC_baksteen_roodbruin_100mm_liggend 100,01 eerste verdieping,True
1pjf8_QnDCkB1dNjpKR_lv,IfcWall,buitenblad,,,73B6923E-6B13-4CB8-B067-5EDCD46FEBF9,IFC_baksteen_roodbruin_100mm_liggend 100,01 eerste verdieping,True
22mAbcvOX0$BQrqP9Ht5Wu,IfcWall,buitenblad,,,82C0A966-E588-40FC-B6B5-D19251DC5838,IFC_baksteen_roodbruin_100mm_liggend 100,01 eerste verdieping,True
3tzmbbcRPEK8Jf8X7AmWZI,IfcWall,buitenblad,,,F7F70965-99B6-4E50-84E9-2211CAC208D2,IFC_baksteen_roodbruin_100mm_liggend 100,01 eerste verdieping,True
2OqtQrOIX5SgQiSf_8aJMC,IfcWall,buitenblad,,,98D376B5-6128-4572-A6AC-729F8891358C,IFC_baksteen_roodbruin_100mm_staand 100,01 eerste verdieping,True
0B$TCMJjPBzRAR8ZOmGVuF,IfcWall,buitenblad,,,0BFDD316-4ED6-4BF5-B29B-22363041FE0F,IFC_baksteen_roodbruin_100mm_liggend 100,01 eerste verdieping,True
2y7S$CXyT1DRAHPrckxu7F,IfcWall,buitenblad,,,BC1DCFCC-87C7-4135-B291-6759AEEF81CF,IFC_baksteen_roodbruin_100mm_liggend 100,01 eerste verdieping,True
2TrMoO439DxOlECBPIzO4S,IfcWall,buitenblad,,,9DD56C98-1032-4DED-8BCE-30B652F5811C,IFC_baksteen_roodbruin_100mm_liggend 100,01 eerste verdieping,True
38WNoiHDr8$Pci7QltamW4,IfcWall,buitenblad,,,C8817CAC-44DD-48FD-99AC-1DABF7930804,IFC_baksteen_roodbruin_100mm_liggend 100,01 eerste verdieping,True
0fvTtXunb1Fwv_e4ll9UPn,IfcWall,buitenblad,,,29E5DDE1-E319-413F-AE7E-A04BEF25E671,IFC_baksteen_roodbruin_100mm_liggend 100,01 eerste verdieping,True
18Nc74m4zBDvow8cF_wmNX,IfcWall,buitenblad,,,485E61C4-C04F-4B37-9CBA-2263FEEB05E1,IFC_baksteen_roodbruin_100mm_liggend 100,01 eerste verdieping,True
3jpVM5WZ16TeYfO6FM2grI,IfcWall,buitenblad,,,EDCDF585-8230-4676-88A9-6063D60AAD52,IFC_baksteen_roodbruin_100mm_liggend 100,01 eerste verdieping,True
02OffYjAT1s8Msmi40pyAF,IfcWall,buitenblad,,,02629A62-B4A7-41D8-85B6-C2C100CFC28F,IFC_baksteen_roodbruin_100mm_liggend 100,01 eerste verdieping,True
0aS6kmdNTA78a6rHPn0utA,IfcWall,buitenblad,,,24706BB0-9D77-4A1C-8906-D51671038DCA,IFC_baksteen_roodbruin_100mm_liggend 100,01 eerste verdieping,True
2qVLSA1HjA7gEgBcbFEzQ$,IfcWall,HSB-element,,,B47D570A-051B-4A1E-A3AA-2E694F3BD6BF,IFC_HSB_155_wandelement_ongeisoleerd_multiplex 155,01 eerste verdieping,True
2fHkuDHjr38vJAKjFDaE3T,IfcWall,buitenblad,,,A946EE0D-46DD-4323-94CA-52D3CD90E0DD,IFC_baksteen_roodbruin_100mm_liggend 100,01 eerste verdieping,True
0B6H$8Szr3t9w$7S$WA_aT,IfcWall,buitenblad,,,0B191FC8-73DD-43DC-9EBF-1DCFE02BE91D,IFC_baksteen_roodbruin_100mm_liggend 100,01 eerste verdieping,True
10OU69waTEDvLdArMy4CnC,IfcWall,buitenblad,,,4061E189-EA47-4E37-9567-2B55BC10CC4C,IFC_baksteen_roodbruin_100mm_liggend 100,01 eerste verdieping,True
3VPfLoGP93KB2ZAJFRlJBf,IfcWall,binnenblad,,,DF669572-4192-4350-B0A3-2933DBBD32E9,IFC_kalkzandsteen_214mm 214,01 eerste verdieping,True
0GkhpndB96r98q9Zpfg0ks,IfcWall,buitenblad,,,10BABCF1-9CB2-46D4-9234-263CE9A80BB6,IFC_baksteen_roodbruin_100mm_liggend 100,01 eerste verdieping,True
0278_Daw13meE7b8P6cVmO,IfcWall,buitenblad,,,021C8F8D-93A0-43C2-8387-94864699FC18,IFC_baksteen_roodbruin_100mm_liggend 100,01 eerste verdieping,True
32E8b9i1P7UhL7O9IHfQCU,IfcWall,buitenblad,,,C2388949-B016-477A-B547-609491A5A31E,IFC_baksteen_roodbruin_100mm_staand 100,01 eerste verdieping,True
0hxjm9AAf15upUBjgwA0Rn,IfcWall,buitenblad,,,2BEEDC09-28AA-4117-8CDE-2EDABA2806F1,IFC_baksteen_roodbruin_100mm_liggend 100,01 eerste verdieping,True
1ew$4Yu4v9Vv4KrOFOPnZH,IfcWall,binnenblad,,,68EBF122-E04E-497F-9114-D583D86718D1,IFC_kalkzandsteen_214mm 214,01 eerste verdieping,True
33eAV7UCH3ivGX7bdUtSDE,IfcWall,buitenblad,,,C3A0A7C7-78C4-43B3-9421-1E59DEDDC34E,IFC_baksteen_roodbruin_100mm_liggend 100,01 eerste verdieping,True
2NK6L58znE3x0jludfQJ0Q,IfcWall,knieschot,,,97506545-23DC-4E0F-B02D-BF89E969301A,"IFC_knieschot_geisoleerd_Rc=4,00 206",01 eerste verdieping,True
3tN_Pe9Bn2su$y5CGYbUOg,IfcWall,knieschot,,,F75FE668-24BC-42DB-8FFC-14C42295E62A,"IFC_knieschot_geisoleerd_Rc=4,00 206",01 eerste verdieping,True
3HXFH_8Kf3ixZJgb7yuoAq,IfcWall,buitenblad,,,D184F47E-214A-43B3-B8D3-AA51FCE322B4,IFC_baksteen_roodbruin_100mm_liggend 100,01 eerste verdieping,True
2jJFj_IGr059N3J3HNyAwC,IfcWall,knieschot,,,AD4CFB7E-490D-4014-95C3-4C3457F0AE8C,"IFC_knieschot_geisoleerd_Rc=4,00 206",01 eerste verdieping,True
3RS6khZcH6xe8eMNVG5kXl,IfcWall,binnenblad,,,DB706BAB-8E64-46EE-8228-5977D016E86F,IFC_kalkzandsteen_214mm 214,01 eerste verdieping,True
3xcd5VqGn5fu$PUBghiK4$,IfcWall,binnenblad,,,FB9A715F-D10C-45A7-8FD9-78BAABB1413F,IFC_kalkzandsteen_214mm 214,01 eerste verdieping,True
0vR_41KwL8TONUw$RC45Tp,IfcWall,buitenblad,,,396FE101-53A5-4875-85DE-EBF6CC105773,IFC_baksteen_kopergeel_100mm_staand 100,01 eerste verdieping,True
2xq1ULvID0ZhZQyYVmG_x8,IfcWall,buitenblad,,,BBD01795-E523-408E-B8DA-F227F043EEC8,IFC_baksteen_kopergeel_100mm_staand 100,01 eerste verdieping,True
1jf6xhOyP38hazktRRDqpM,IfcWall,buitenblad,,,6DA46EEB-63C6-4322-B93D-BB76DB374CD6,IFC_baksteen_kopergeel_100mm_staand 100,01 eerste verdieping,True
1KWjkyI$n118qPzNlbN$tk,IfcWall,buitenblad,,,5482DBBC-4BFC-4104-8D19-F57BE55FFDEE,IFC_baksteen_kopergeel_100mm_staand 100,01 eerste verdieping,True
03bsiTWZnDxOuJzgGQiRYN,IfcWall,buitenblad,,,03976B1D-823C-4DED-8E13-F6A41AB1B897,IFC_baksteen_kopergeel_100mm_staand 100,01 eerste verdieping,True
2q0u5mFjD3c9$BNFL_WViM,IfcWall,buitenblad,,,B4038170-3ED3-4398-9FCB-5CF57E81FB16,IFC_baksteen_kopergeel_100mm_staand 100,01 eerste verdieping,True
3pvjKhWy13A9kxY9YJFWVh,IfcWall,buitenblad,,,F3E6D52B-83C0-4328-9BBB-8898933E07EB,IFC_baksteen_kopergeel_100mm_staand 100,01 eerste verdieping,True
3s4FafcUf5Vg95Kh0woD3O,IfcWall,buitenblad,,,F610F929-99EA-457E-A245-52B03AC8D0D8,IFC_baksteen_kopergeel_100mm_liggend 100,01 eerste verdieping,True
2c_AF5wUTF1QfaOZAIaoc_,IfcWall,buitenblad,,,A6F8A3C5-E9E7-4F05-AA64-6232929329BE,IFC_baksteen_kopergeel_100mm_liggend 100,01 eerste verdieping,True
1i40eUabT0jBHvLTD9ciNT,IfcWall,buitenblad,,,6C100A1E-9257-40B4-B479-55D3499AC5DD,IFC_baksteen_kopergeel_100mm_liggend 100,01 eerste verdieping,True
3vqnVssVr38PmaxLZRlkiQ,IfcWall,buitenblad,,,F9D317F6-D9FD-4321-9C24-ED58DBBEEB1A,IFC_baksteen_kopergeel_100mm_liggend 100,01 eerste verdieping,True
1rSzOTGwP5sAz8s_QFzsbt,IfcWall,buitenblad,,,7573D61D-43A6-45D8-AF48-DBE68FF76977,IFC_baksteen_kopergeel_100mm_liggend 100,01 eerste verdieping,True
02RLewsq14rfNfUfsrYydb,IfcWall,buitenblad,,,026D5A3A-DB40-44D6-95E9-7A9DB58BC9E5,IFC_baksteen_kopergeel_100mm_liggend 100,01 eerste verdieping,True
0UqYpHM_f69uGDRRbUc$FH,IfcWall,buitenblad,,,1ED22CD1-5BEA-4627-840D-6DB95E9BF3D1,IFC_baksteen_kopergeel_100mm_liggend 100,01 eerste verdieping,True
0vMW8cByPFX8BI$W96Sbm3,IfcWall,buitenblad,,,395A0226-2FC6-4F84-82D2-FE0246725C03,IFC_baksteen_kopergeel_100mm_liggend 100,01 eerste verdieping,True
31FCK2RS1EuA77gZKV2XJD,IfcWall,buitenblad,,,C13CC502-6DC0-4EE0-A1C7-AA351F0A14CD,IFC_baksteen_roodbruin_100mm_liggend 100,01 eerste verdieping,True
23PS8rQv5E1BulEvT_9Lm4,IfcWall,knieschot,,,8365C235-6B91-4E04-BE2F-3B977E255C04,"IFC_knieschot_geisoleerd_Rc=4,00 206",01 eerste verdieping,True
3So0XCTXD9LOOcc8xKMDxu,IfcWall,dakisolatie,,,DCC8084C-7613-4955-8626-988ED458DEF8,99 Isolatie - Glaswol 190mm 206,01 eerste verdieping,True
0x8663Ubf6t9GPNfvbHat5,IfcWall,liftwand,,,3B206183-7A5A-46DC-9419-5E9E65464DC5,IFC_kalkzandsteen_214mm 214,01 eerste verdieping,True
3P4RIlUy168hDz$MlvcMUR,IfcWall,binnenblad,,,D911B4AF-7BC0-4622-B37D-FD6BF999679B,IFC_kalkzandsteen_214mm 214,01 eerste verdieping,True
32bwVvXTDCG9KBVnHmBwjs,IfcWall,zijwang dakk,,,C297A7F9-85D3-4C40-950B-7F14702FAB76,IFC_dakkapel_zijwang 151,01 eerste verdieping,True
0yfAXMIyTD4OemjMEjshON,IfcWall,knieschot,,,3CA4A856-4BC7-4D11-8A30-B563ADDAB617,"IFC_knieschot_geisoleerd_Rc=4,00 206",01 eerste verdieping,True
1gx0Xl4ar0_QVYF7WPkiWw,IfcWall,knieschot,,,6AEC086F-124D-40F9-A7E2-3C7819BAC83A,"IFC_knieschot_geisoleerd_Rc=4,00 206",01 eerste verdieping,True
1a2lgRlTX5$vytE5V2eVMD,IfcWall,zijwang dakk,,,640AFA9B-BDD8-45FF-9F37-3857C2A1F58D,IFC_dakkapel_zijwang 151,01 eerste verdieping,True
3I1SbPKkL4zAlqpNU0djSH,IfcWall,zijwang dakk,,,D205C959-52E5-44F4-ABF4-CD77809ED711,IFC_dakkapel_zijwang 151,01 eerste verdieping,True
0N87rS0p59MefjiinSTPbO,IfcWall,knieschot,,,17207D5C-0331-495A-8A6D-B2CC5C759958,"IFC_knieschot_geisoleerd_Rc=4,00 206",01 eerste verdieping,True
0YU639B0b26vJoT3EwCZ1S,IfcWall,knieschot,,,227860C9-2C09-421B-94F2-7433BA32305C,"IFC_knieschot_geisoleerd_Rc=4,00 206",01 eerste verdieping,True
2EvgfrVCvBDRKMUr9VcRni,IfcWall,zijwang dakk,,,8EE6AA75-7CCE-4B35-B516-7B525F99BC6C,IFC_dakkapel_zijwang 151,01 eerste verdieping,True
1DGUzGqYPA48wqrK_0zvye,IfcWall,zijwang dakk,,,4D41EF50-D226-4A10-8EB4-D54F80F79F28,IFC_dakkapel_zijwang 151,01 eerste verdieping,True
1p1FF_z_f4WQbihlDHKOVU,IfcWall,zijwang dakk,,,7304F3FE-F7EA-4481-A96C-AEF3515187DE,IFC_dakkapel_zijwang 151,01 eerste verdieping,True
3BRCTWHh97vv6a5eleOkf9,IfcWall,zijwang dakk,,,CB6CC760-46B2-47E7-91A4-168BE862EA49,IFC_dakkapel_zijwang 151,01 eerste verdieping,True
0VtorzIgT4YQ3IWHyNlS39,IfcWall,zijwang dakk,,,1FDF2D7D-4AA7-4489-A0D2-811F17BDC0C9,IFC_dakkapel_zijwang 151,01 eerste verdieping,True
3CZIhaS2X1axbTF8juS7Mz,IfcWall,zijwang dakk,,,CC8D2AE4-7028-4193-B95D-3C8B787075BD,IFC_dakkapel_zijwang 151,01 eerste verdieping,True
1iVtHa_7f46e6rXH_0ueYM,IfcWall,zijwang dakk,,,6C7F7464-F87A-441A-81B5-851F80E28896,IFC_dakkapel_zijwang 151,01 eerste verdieping,True
1X1dyx5u95kBdimFBlNdD7,IfcWall,buitenblad,,,61067F3B-1782-45B8-B9EC-C0F2EF5E7347,IFC_baksteen_roodbruin_100mm_liggend 100,01 eerste verdieping,True
1W6YoNnJr89eUNAg7yarIz,IfcWall,buitenblad,,,601A2C97-C53D-4826-8797-2AA1FC9354BD,IFC_baksteen_roodbruin_100mm_liggend 100,01 eerste verdieping,True
3epBlD4FL6Ufbmfw91XuQv,IfcWall,buitenblad,,,E8CCBBCD-10F5-467A-9970-A7A2418786B9,IFC_baksteen_roodbruin_100mm_liggend 100,01 eerste verdieping,True
30WEjfMGz3yuCn14_i4kip,IfcWall,binnenblad,,,C080EB69-590F-43F3-8331-044FAC12EB33,IFC_kalkzandsteen_214mm 214,01 eerste verdieping,True
2kVGJvQZL0mAExkU9324Cw,IfcWall,separatiewand,,,AE7D04F9-6A35-40C0-A3BB-B9E24308433A,IFC_separatiewand_gasbeton_70mm 70,01 eerste verdieping,True
1Mi7kgLg5AVPl4maq3n2Gg,IfcWall,separatiewand,,,56B07BAA-56A1-4A7D-9BC4-C24D03C4242A,IFC_separatiewand_gasbeton_70mm 70,01 eerste verdieping,True
1lwY_TdJr2cPYIacxTvNwI,IfcWall,separatiewand,,,6FEA2F9D-9D3D-4299-9892-926EDDE57E92,IFC_separatiewand_gasbeton_100mm 100,01 eerste verdieping,True
3nYzqJhnfBkOR94jliuzeB,IfcWall,separatiewand,,,F18BDD13-AF1A-4BB9-86C9-12DBECE3DA0B,IFC_separatiewand_gasbeton_100mm 100,01 eerste verdieping,True
36eFiCXT94$epOezE7s33Q,IfcWall,separatiewand,,,C6A0FB0C-85D2-44FE-8CD8-A3D387D830DA,IFC_separatiewand_gasbeton_70mm 70,01 eerste verdieping,True
3d11Rmvt5C6wKW52oYhu3V,IfcWall,separatiewand,,,E70416F0-E771-4C1B-A520-142CA2AF80DF,IFC_separatiewand_gasbeton_70mm 70,01 eerste verdieping,True
049lATq1LDCPRaEaNkDT7E,IfcWall,separatiewand,,,0426F29D-D015-4D31-96E4-3A45EE35D1CE,IFC_separatiewand_gasbeton_100mm 100,01 eerste verdieping,True
0N6xlCed99mPtUuN7Qd65B,IfcWall,separatiewand,,,171BBBCC-A272-49C1-9DDE-E171DA9C614B,IFC_separatiewand_gasbeton_100mm 100,01 eerste verdieping,True
3_KLM_wLHAKg4j6BDg71DH,IfcWall,separatiewand,,,FE5155BE-E954-4A52-A12D-18B36A1C1351,IFC_separatiewand_gasbeton_100mm_hydro 100,01 eerste verdieping,True
1wiWGNReP648JAaHUzIpH7,IfcWall,separatiewand,,,7AB20417-6E86-4610-84CA-9117BD4B3447,IFC_separatiewand_gasbeton_100mm_hydro 100,01 eerste verdieping,True
2g6fy99p57ceCZvYI38wB6,IfcWall,separatiewand,,,AA1A9F09-2731-479A-8323-E6248323A2C6,IFC_separatiewand_gasbeton_70mm 70,01 eerste verdieping,True
0tXk1VggPDAu8Pm5b9CfDe,IfcWall,separatiewand,,,3786E05F-AAA6-4D2B-8219-C05949329368,IFC_separatiewand_gasbeton_100mm 100,01 eerste verdieping,True
3v6F8ltknAuO1JJakibxnI,IfcWall,separatiewand,,,F918F22F-DEEC-4AE1-8053-4E4BAC97BC52,IFC_separatiewand_gasbeton_100mm_hydro 100,01 eerste verdieping,True
3_oxSjdbrA2vjqc3bWxC2g,IfcWall,separatiewand,,,FECBB72D-9E5D-4A0B-9B74-983960ECC0AA,IFC_separatiewand_gasbeton_70mm 70,01 eerste verdieping,True
3viuF7apj30uTA$BnbmYaw,IfcWall,separatiewand,,,F9B383C7-933B-4303-874A-FCBC65C2293A,IFC_separatiewand_gasbeton_100mm_hydro 100,01 eerste verdieping,True
2Fvh2bjBf7VvAXtB48RNxw,IfcWall,separatiewand,,,8FE6B0A5-B4BA-477F-92A1-DCB1086D7EFA,IFC_separatiewand_gasbeton_100mm 100,01 eerste verdieping,True
24dxcSg8f1yBqpqT3Ttjz8,IfcWall,separatiewand,,,849FB99C-A88A-41F0-BD33-D1D0DDDEDF48,IFC_separatiewand_gasbeton_100mm 100,01 eerste verdieping,True
0cEZV1n5jF8RUNCsgczqnw,IfcWall,separatiewand,,,263A37C1-C45B-4F21-B797-336AA6F74C7A,IFC_separatiewand_gasbeton_70mm 70,01 eerste verdieping,True
3qnBAcChL4Vx5NE2JgS9DS,IfcWall,separatiewand,,,F4C4B2A6-32B5-447F-B157-3824EA70935C,IFC_separatiewand_gasbeton_100mm 100,01 eerste verdieping,True
143VmHA6z6_9Ju$8nLSk75,IfcWall,separatiewand,,,440DFC11-286F-46F8-94F8-FC8C5572E1C5,IFC_separatiewand_gasbeton_70mm 70,01 eerste verdieping,True
2y5dj7DKz9HvF8RYQofDdA,IfcWall,separatiewand,,,BC167B47-354F-4947-93C8-6E26B2A4D9CA,IFC_separatiewand_gasbeton_100mm_hydro 100,01 eerste verdieping,True
0dYXTnq1T6TvUR6OKvH25L,IfcWall,separatiewand,,,278A1771-D017-4677-979B-198539442155,IFC_separatiewand_gasbeton_100mm_hydro 100,01 eerste verdieping,True
2_PD0MSuX0qeRQMB0w4Za0,IfcWall,separatiewand,,,BE64D016-7388-40D2-86DA-58B03A123900,IFC_separatiewand_gasbeton_100mm 100,01 eerste verdieping,True
0WoZLLChzDIvoZsmSZcBDg,IfcWall,separatiewand,,,20CA3555-32BF-4D4B-9CA3-DB072398B36A,IFC_separatiewand_gasbeton_100mm_hydro 100,01 eerste verdieping,True
3IuK8$_ZHAJw36Pw2gYslk,IfcWall,zijwang dakk,,,D2E1423F-FA34-4A4F-A0C6-67A0AA8B6BEE,IFC_dakkapel_zijwang 151,01 eerste verdieping,True
3U4osC1p5EqwcBW8F2DJ6K,IfcWall,separatiewand,,,DE132D8C-0731-4ED3-A98B-8083C2353194,IFC_separatiewand_gasbeton_70mm 70,01 eerste verdieping,True
28wb0jU9b5qeDiiKq5PVkR,IfcWall,binnenblad,,,88EA502D-7899-45D2-836C-B14D0565FB9B,IFC_kalkzandsteen_214mm 214,02 tweede verdieping,True
0wy5YnvrH2ZOH2izVhvOeV,IfcWall,binnenblad,,,3AF058B1-E754-428D-8442-B3D7EBE58A1F,IFC_kalkzandsteen_214mm 214,02 tweede verdieping,True
2Ge90Q03n0MANbJpOUtA4_,IfcWall,binnenblad,,,90A0901A-003C-4058-A5E5-4F361EDCA13E,IFC_kalkzandsteen_214mm 214,02 tweede verdieping,True
0DoMC7RY1C4u1e7ehHzO9a,IfcWall,liftwand,,,0DC96307-6E20-4C13-8068-1E8AD1F58264,IFC_kalkzandsteen_214mm 214,02 tweede verdieping,True
3DGQEI9Mn2nPDr4X9RyE6B,IfcWall,liftwand,,,CD41A392-256C-42C5-9375-12125BF0E18B,IFC_kalkzandsteen_214mm 214,02 tweede verdieping,True
2Bxgu8k2L9pfsSj3Di_iJI,IfcWall,liftwand,,,8BEEAE08-B825-49CE-9D9C-B4336CFAC4D2,IFC_kalkzandsteen_214mm 214,02 tweede verdieping,True
3_iO12ohL1_ho4SqhocKBY,IfcWall,buitenblad,,,FEB18042-CAB5-41FA-BC84-734AF29942E2,IFC_baksteen_roodbruin_100mm_liggend 100,02 tweede verdieping,True
12grnadITFjfJK8cHbftP3,IfcWall,balkonopstand,,,42AB5C64-9D27-4FB6-94D4-226465A77643,IFC_baksteen_roodbruin_100mm_liggend 100,02 tweede verdieping,True
3MbRrcI21CE98sQs6t3WRb,IfcWall,balkonopstand,,,D695BD66-4820-4C38-9236-6B61B70E06E5,IFC_baksteen_roodbruin_100mm_liggend 100,02 tweede verdieping,True
2gGcTEl0v0ShI1XyO_sw82,IfcWall,balkonopstand,,,AA42674E-BC0E-4072-B481-87C63EDBA202,IFC_baksteen_roodbruin_100mm_liggend 100,02 tweede verdieping,True
1neRZM3Jz4YRFBbSzyVXpb,IfcWall,balkonopstand,,,71A1B8D6-0D3F-4489-B3CB-95CF7C7E1CE5,IFC_baksteen_roodbruin_100mm_liggend 100,02 tweede verdieping,True
3oqP6P3$n36BZp4seP6jBe,IfcWall,balkonopstand,,,F2D19199-0FFC-4318-B8F3-136A191AD2E8,IFC_baksteen_roodbruin_100mm_liggend 100,02 tweede verdieping,True
2ukcZZOQX3hvxY6QWgxpl_,IfcWall,buitenblad,,,B8BA68E3-61A8-43AF-9EE2-19A82AEF3BFE,IFC_baksteen_roodbruin_100mm_liggend 100,02 tweede verdieping,True
2Q8nE94kjBZQ9wLLJEIi7a,IfcWall,buitenblad,,,9A231389-12EB-4B8D-A27A-5554CE4AC1E4,IFC_baksteen_roodbruin_100mm_liggend 100,02 tweede verdieping,True
2KNXXMxvT9KwmfbIdOJvFZ,IfcWall,buitenblad,,,945E1856-EF97-4953-AC29-9529D84F93E3,IFC_baksteen_roodbruin_100mm_liggend 100,02 tweede verdieping,True
3gpatvkjr49vcFHijloS3i,IfcWall,buitenblad,,,EACE4DF9-BADD-4427-998F-46CB6FC9C0EC,IFC_baksteen_roodbruin_100mm_liggend 100,02 tweede verdieping,True
0_eHrpDSL0BenGv3Mcv8fS,IfcWall,buitenblad,,,3EA11D73-35C5-402E-8C50-E435A6E48A5C,IFC_baksteen_roodbruin_100mm_liggend 100,02 tweede verdieping,True
2gk5LNkGDAiezdMGuWISeo,IfcWall,buitenblad,,,AAB85557-B903-4AB2-8F67-590E2049CA32,IFC_baksteen_roodbruin_100mm_liggend 100,02 tweede verdieping,True
2T0DOi9tPAZBOy2yjz78BB,IfcWall,buitenblad,,,9D00D62C-2776-4A8C-B63C-0BCB7D1C82CB,IFC_cellenbeton_100mm 100,02 tweede verdieping,True
2adNDBpjPCFx0FjvPzxk4J,IfcWall,buitenblad,,,A49D734B-CED6-4C3F-B00F-B7967DEEE113,IFC_baksteen_roodbruin_100mm_liggend 100,02 tweede verdieping,True
3iLtr1ui53ofDOXEJX4gjT,IfcWall,buitenblad,,,EC577D41-E2C1-43CA-9358-84E4E112AB5D,IFC_baksteen_kopergeel_100mm_staand 100,02 tweede verdieping,True
2AN3EpcXvFk9pPcpHH7MhD,IfcWall,buitenblad,,,8A5C33B3-9A1E-4FB8-9CD9-9B34511D6ACD,IFC_baksteen_roodbruin_100mm_liggend 100,02 tweede verdieping,True
1YQyrPEXHBLxjACMwg6JFx,IfcWall,buitenblad,,,626BCD59-3A14-4B57-BB4A-316EAA1933FB,IFC_baksteen_roodbruin_100mm_liggend 100,02 tweede verdieping,True
3qwqZPeTDBNwoqje$5Pg6w,IfcWall,buitenblad,,,F4EB48D9-A1D3-4B5F-ACB4-B68FC566A1BA,IFC_baksteen_kopergeel_100mm_staand 100,02 tweede verdieping,True
0gjkZSaxz2lQqbBG8NzPmQ,IfcWall,buitenblad,,,2AB6E8DC-93BF-42BD-AD25-2D0217F59C1A,IFC_baksteen_kopergeel_100mm_staand 100,02 tweede verdieping,True
0y8InRC0PA_QAR3SQu10jj,IfcWall,buitenblad,,,3C212C5B-3006-4AF9-A29B-0DC6B8040B6D,IFC_baksteen_kopergeel_100mm_staand 100,02 tweede verdieping,True
2IGgkY9NzFsO6L9Hw4opSW,IfcWall,buitenblad,,,9242ABA2-257F-4FD9-8195-251E84CB3720,IFC_baksteen_kopergeel_100mm_staand 100,02 tweede verdieping,True
3ywoxytLL6Ze1mLcpf_CYM,IfcWall,buitenblad,,,FCEB2EFC-DD55-468E-8070-566CE9F8C896,IFC_baksteen_kopergeel_100mm_staand 100,02 tweede verdieping,True
0Dfap14aP2YP8pZtG63oRO,IfcWall,buitenblad,,,0DA64CC1-1246-4289-9233-8F74060F26D8,IFC_baksteen_roodbruin_100mm_liggend 100,02 tweede verdieping,True
3SaiHeo5LCzxecqRkOokyn,IfcWall,buitenblad,,,DC92C468-C855-4CF7-BA26-D1BB98CAEF31,IFC_baksteen_roodbruin_100mm_liggend 100,02 tweede verdieping,True
0rNbUsEKD4XBbyiiTLa27n,IfcWall,buitenblad,,,355E57B6-3943-4484-B97C-B2C7559021F1,IFC_baksteen_roodbruin_100mm_liggend 100,02 tweede verdieping,True
1PycZDUoP84w58oDIbUMKc,IfcWall,buitenblad,,,59F268CD-7B26-4813-A148-C8D4A5796526,IFC_baksteen_roodbruin_100mm_liggend 100,02 tweede verdieping,True
34boc95w531BHjQiyeFScJ,IfcWall,buitenblad,,,C4972989-17A1-4304-B46D-6ACF283DC993,IFC_baksteen_roodbruin_100mm_liggend 100,02 tweede verdieping,True
3HJMA9pCn1i8rqTdIY$FGx,IfcWall,buitenblad,,,D14D6289-CCCC-41B0-8D74-7674A2FCF43B,IFC_baksteen_roodbruin_100mm_liggend 100,02 tweede verdieping,True
0I$hY8NrnD9uJssTrChZth,IfcWall,buitenblad,,,12FEB888-5F5C-4D27-84F6-D9DD4CAE3DEB,IFC_baksteen_kopergeel_100mm_staand 100,02 tweede verdieping,True
155JGPm0v1bRun6HwItrP8,IfcWall,buitenblad,,,45153419-C00E-4195-BE31-191E92DF5648,IFC_baksteen_kopergeel_100mm_liggend 100,02 tweede verdieping,True
0IDKbAsN90HOIaSuxh7$D_,IfcWall,buitenblad,,,1235494A-D972-4045-84A4-738EEB1FF37E,IFC_baksteen_kopergeel_100mm_liggend 100,02 tweede verdieping,True
3TJALh2NH58fnTzUmA$xeG,IfcWall,buitenblad,,,DD4CA56B-0974-4522-9C5D-F5EC0AFFBA10,IFC_baksteen_kopergeel_100mm_staand 100,02 tweede verdieping,True
0Js8lcInj8zAwW4RtybLWO,IfcWall,buitenblad,,,13D88BE6-4B1B-48F4-AEA0-11BDFC955818,IFC_baksteen_roodbruin_100mm_liggend 100,02 tweede verdieping,True
3_66xHtdD00gDHwZ35Ec9S,IfcWall,buitenblad,,,FE186ED1-DE73-4002-A351-EA30C53A625C,IFC_baksteen_roodbruin_100mm_liggend 100,02 tweede verdieping,True
3m9Hy1M75BH9VBDXHStI5B,IfcWall,buitenblad,,,F0251F01-5871-4B44-97CB-36145CDD214B,IFC_baksteen_kopergeel_100mm_liggend 100,02 tweede verdieping,True
2OIWyGBtrCv8R3lIQz00C2,IfcWall,buitenblad,,,984A0F10-2F7D-4CE4-86C3-BD26BD000302,IFC_baksteen_kopergeel_100mm_liggend 100,02 tweede verdieping,True
1TiiPVUKD2aPYlSpzVRUs8,IfcWall,buitenblad,,,5DB2C65F-7943-4291-98AF-733F5F6DED88,IFC_baksteen_kopergeel_100mm_staand 100,02 tweede verdieping,True
2OIA0__HjCZQxPB5tMpYIZ,IfcWall,buitenblad,,,9848A03E-F91B-4C8D-AED9-2C5DD6CE24A3,IFC_baksteen_roodbruin_100mm_liggend 100,02 tweede verdieping,True
3ENEtGT0P2aOgPXmUQo9L5,IfcWall,buitenblad,,,CE5CEDD0-7406-4291-8A99-87079AC89545,IFC_baksteen_kopergeel_100mm_staand 100,02 tweede verdieping,True
3nxm$Vo_XDpfp4gaIyp2WC,IfcWall,buitenblad,,,F1EF0FDF-CBE8-4DCE-9CC4-AA44BCCC280C,IFC_baksteen_roodbruin_100mm_liggend 100,02 tweede verdieping,True
2X7K0fWBzEBwqRpOV6YOyi,IfcWall,buitenblad,,,A11D4029-80BF-4E2F-AD1B-CD87C6898F2C,IFC_baksteen_kopergeel_100mm_staand 100,02 tweede verdieping,True
3NSXc2oELEOw72BpEhL0Ho,IfcWall,buitenblad,,,D7721982-C8E5-4E63-A1C2-2F33AB540472,IFC_baksteen_roodbruin_100mm_liggend 100,02 tweede verdieping,True
1XEOpfOLnB7viu19VwOX3c,IfcWall,balkonopstand,,,61398CE9-615C-4B1F-9B38-0497FA6210E6,IFC_baksteen_roodbruin_100mm_liggend 100,02 tweede verdieping,True
3EI5egGLv6nRBJSwVb6eY0,IfcWall,buitenblad,,,CE485A2A-415E-46C5-B2D3-73A7E51A8880,IFC_baksteen_kopergeel_100mm_staand 100,02 tweede verdieping,True
2BbC$n0yrCdeZPo4oGzJUF,IfcWall,buitenblad,,,8B94CFF1-03CD-4C9E-88D9-C84C90F5378F,IFC_baksteen_kopergeel_100mm_liggend 100,02 tweede verdieping,True
1chqBV5fz1DAQ7iTYl9xJW,IfcWall,buitenblad,,,66AF42DF-169F-4134-A687-B1D8AF27B4E0,IFC_baksteen_kopergeel_100mm_staand 100,02 tweede verdieping,True
34dgUlG_HFa9U89iOrk_fk,IfcWall,buitenblad,,,C49EA7AF-43E4-4F90-9788-26C635BBEA6E,IFC_baksteen_roodbruin_100mm_liggend 100,02 tweede verdieping,True
24$jwl0afAx8xKI8Xz$brq,IfcWall,buitenblad,,,84FEDEAF-024A-4AEC-8ED4-48887DFE5D74,IFC_baksteen_roodbruin_100mm_liggend 100,02 tweede verdieping,True
3IRzbnRxr7tRoMgqhcMpHJ,IfcWall,buitenblad,,,D26FD971-6FBD-47DD-BC96-AB4AE65B3453,IFC_baksteen_roodbruin_100mm_liggend 100,02 tweede verdieping,True
2YCvD5WXrDSvT9hUS0mMVk,IfcWall,buitenblad,,,A2339345-821D-4D73-9749-ADE700C167EE,IFC_baksteen_roodbruin_100mm_liggend 100,02 tweede verdieping,True
1jxF$_0yTC98_L1BUP3f7y,IfcWall,balkonopstand,,,6DECFFFE-03C7-4C24-8F95-04B7990E91FC,IFC_baksteen_roodbruin_100mm_liggend 100,02 tweede verdieping,True
1xGRL2W0f9oOLYrSo$ob8a,IfcWall,balkonopstand,,,7B41B542-800A-49C9-8562-D5CCBFCA5224,IFC_baksteen_roodbruin_100mm_liggend 100,02 tweede verdieping,True
1NIbBSGgf98vI9bBPL0SWL,IfcWall,buitenblad,,,574A52DC-42AA-4923-9489-94B65501C815,IFC_baksteen_roodbruin_100mm_liggend 100,02 tweede verdieping,True
1ookyeC7LE$AaPpQcJd5pu,IfcWall,buitenblad,,,72CAEF28-3075-4EFC-A919-CDA9939C5CF8,IFC_baksteen_roodbruin_100mm_liggend 100,02 tweede verdieping,True
0bgtceKbb1q8CGOdbPa1PM,IfcWall,buitenblad,,,25AB79A8-5259-41D0-8310-627959901656,IFC_baksteen_kopergeel_100mm_staand 100,02 tweede verdieping,True
1f0niA5XD16BehmueNucKp,IfcWall,buitenblad,,,69031B0A-1613-4118-BA2B-C38A17E26533,IFC_baksteen_roodbruin_100mm_liggend 100,02 tweede verdieping,True
3m6x5s_8PAAhYa93zpsvfd,IfcWall,buitenblad,,,F01BB176-F886-4A2A-B8A4-243F73DB9A67,IFC_baksteen_roodbruin_100mm_liggend 100,02 tweede verdieping,True
0zijvaqYb2avG5CJ9VqLrO,IfcWall,buitenblad,,,3DB2DE64-D229-4293-9405-31325FD15D58,IFC_baksteen_roodbruin_100mm_liggend 100,02 tweede verdieping,True
0A3vw0h3r70vl1BMRbs2JR,IfcWall,buitenblad,,,0A0F9E80-AC3D-4703-9BC1-2D66E5D824DB,IFC_baksteen_roodbruin_100mm_liggend 100,02 tweede verdieping,True
1DSGX6PF1Ci9x95ZttlYHY,IfcWall,buitenblad,,,4D710846-64F0-4CB0-9EC9-163DF7BE2462,IFC_baksteen_roodbruin_100mm_liggend 100,02 tweede verdieping,True
15T8e5$wL0PuR3k2ZvZ6I1,IfcWall,balkonopstand,,,45748A05-FFA5-4067-86C3-B828F98C6481,IFC_baksteen_roodbruin_100mm_liggend 100,02 tweede verdieping,True
3Qdk$TMxrAuxQZiJv_K8BY,IfcWall,balkonopstand,,,DA9EEFDD-5BBD-4AE3-B6A3-B13E7E5082E2,IFC_baksteen_roodbruin_100mm_liggend 100,02 tweede verdieping,True
2UnVuOVXb3bOG3sOJS1Zt2,IfcWall,buitenblad,,,9EC5FE18-7E19-4395-8403-D984DC063DC2,IFC_baksteen_roodbruin_100mm_liggend 100,02 tweede verdieping,True
3WCGRIZNT4NAcbbtFlpxb5,IfcWall,buitenblad,,,E03106D2-8D77-445C-A9A5-9773EFCFB945,IFC_baksteen_kopergeel_100mm_liggend 100,02 tweede verdieping,True
0gDFYFSIb8WR4zH2JTY1zU,IfcWall,buitenblad,,,2A34F88F-7129-4881-B13D-4424DD881F5E,IFC_baksteen_kopergeel_100mm_staand 100,02 tweede verdieping,True
09YpdCHjz5YBYCUKfOMJyS,IfcWall,buitenblad,,,098B39CC-46DF-4588-B88C-794A58593F1C,IFC_baksteen_kopergeel_100mm_staand 100,02 tweede verdieping,True
1ckT0RmsnAARlFpWWu4Tng,IfcWall,buitenblad,,,66B9D01B-C36C-4A29-BBCF-CE083811DC6A,IFC_baksteen_kopergeel_100mm_staand 100,02 tweede verdieping,True
0LrrAnsxDC59wymHCsWDmP,IfcWall,buitenblad,,,15D752B1-DBB3-4C14-9EBC-C1133680DC19,IFC_baksteen_roodbruin_100mm_liggend 100,02 tweede verdieping,True
12j6jtmaL8zuq2HGrdglgu,IfcWall,buitenblad,,,42B46B77-C245-48F7-8D02-450D67AAFAB8,IFC_baksteen_kopergeel_100mm_staand 100,02 tweede verdieping,True
3wYxh0Tzb4jgB_lNtlAast,IfcWall,buitenblad,,,FA8BBAC0-77D9-44B6-A2FE-BD7DEF2A4DB7,IFC_baksteen_kopergeel_100mm_liggend 100,02 tweede verdieping,True
1YUFB$oSz7Ph9Moucnpfi$,IfcWall,buitenblad,,,6278F2FF-C9CF-4766-B256-CB89B1CE9B3F,IFC_baksteen_kopergeel_100mm_liggend 100,02 tweede verdieping,True
14K5xdkbjFFxYMTqMomdZc,IfcWall,buitenblad,,,44505EE7-BA5B-4F3F-B896-7745B2C278E6,IFC_baksteen_kopergeel_100mm_staand 100,02 tweede verdieping,True
1XPG8aW2HEnPkZs$_nNEgo,IfcWall,buitenblad,,,61650224-8024-4EC5-9BA3-DBFFB15CEAB2,IFC_baksteen_kopergeel_100mm_staand 100,02 tweede verdieping,True
22dkzeSP1C2vUCoDO3J0FD,IfcWall,buitenblad,,,829EEF68-7190-4C0B-978C-C8D6034C03CD,IFC_baksteen_roodbruin_100mm_liggend 100,02 tweede verdieping,True
1oG8K7PMn35RVgxyYflbEL,IfcWall,buitenblad,,,72408507-656C-4315-B7EA-EFC8A9BE5395,IFC_baksteen_roodbruin_100mm_liggend 100,02 tweede verdieping,True
0Nml1uVCDDlRq6wu6UMyQA,IfcWall,buitenblad,,,17C2F078-7CC3-4DBD-BD06-EB819E5BC68A,IFC_baksteen_kopergeel_100mm_liggend 100,02 tweede verdieping,True
2W6rpbxm58RAbCztJP9sdd,IfcWall,buitenblad,,,A01B5CE5-EF01-486C-A94C-F774D92769E7,IFC_baksteen_kopergeel_100mm_liggend 100,02 tweede verdieping,True
3mtBIKwCnBVfKSlgawrl_w,IfcWall,buitenblad,,,F0DCB494-E8CC-4B7E-951C-BEA93AD6FFBA,IFC_baksteen_kopergeel_100mm_staand 100,02 tweede verdieping,True
345cLww$z3hfdn3CHwKK17,IfcWall,buitenblad,,,C416657A-EBFF-43AE-99F1-0CC47A514047,IFC_baksteen_kopergeel_100mm_staand 100,02 tweede verdieping,True
0VddUtFIf0YOTa5v8yH$LX,IfcWall,binnenblad,,,1F9E77B7-3D2A-4089-8764-17923C47F561,IFC_kalkzandsteen_214mm 214,02 tweede verdieping,True
0sfnf50Vz6qxgaVSSC_9Ng,IfcWall,binnenblad,,,36A71A45-01FF-46D3-BAA4-7DC70CF895EA,IFC_kalkzandsteen_214mm 214,02 tweede verdieping,True
2Wvxe$Unr75AYlno91cf_O,IfcWall,buitenblad,,,A0E7BA3F-7B1D-4714-A8AF-C722419A9F98,IFC_baksteen_kopergeel_100mm_staand 100,02 tweede verdieping,True
3oyt7VQ65F5h4Da$jUkdcw,IfcWall,buitenblad,,,F2F371DF-6861-4F16-B10D-93FB5EBA79BA,IFC_baksteen_kopergeel_100mm_liggend 100,02 tweede verdieping,True
0OrKFlctL3BwozyQDz24Kf,IfcWall,buitenblad,,,18D543EF-9B75-432F-ACBD-F1A37D084529,IFC_baksteen_kopergeel_100mm_liggend 100,02 tweede verdieping,True
1RZNf1j5n2Bxgp3S7pxeMw,IfcWall,buitenblad,,,5B8D7A41-B45C-422F-BAB3-0DC1F3EE85BA,IFC_cellenbeton_100mm 100,02 tweede verdieping,True
2vAiffEY52lh0rPlxXkYKc,IfcWall,binnenwand,,,B92ACA69-3A21-42BE-B035-66FEE1BA2526,IFC_kalkzandsteen_120mm 120,02 tweede verdieping,True
1HTsnt8sHE9vtJiO2XDVSy,IfcWall,buitenblad,,,51776C77-2364-4E27-9DD3-B180A135F73C,IFC_baksteen_kopergeel_100mm_staand 100,02 tweede verdieping,True
0gbR2DoCHFEfOlinGdyTXb,IfcWall,buitenblad,,,2A95B08D-C8C4-4F3A-962F-B31427F1D865,IFC_baksteen_kopergeel_100mm_staand 100,02 tweede verdieping,True
2266ahoUX5twjwxCprNIE$,IfcWall,buitenblad,,,8218692B-C9E8-45DF-AB7A-ECCCF55D23BF,IFC_baksteen_roodbruin_100mm_liggend 100,02 tweede verdieping,True
0pgNH1DHHA_AMCXvj8dZP0,IfcWall,binnenblad,,,33A97441-3514-4AF8-A58C-879B489E3640,IFC_kalkzandsteen_214mm 214,02 tweede verdieping,True
1WM5Q$rAn8rvdvmWcR$vvr,IfcWall,buitenblad,,,605856BF-D4AC-48D7-99F9-C2099BFF9E75,IFC_baksteen_kopergeel_100mm_staand 100,02 tweede verdieping,True
0gPViWnc97_em9NLpt_LR_,IfcWall,buitenblad,,,2A65FB20-C662-47FA-8C09-5D5CF7F956FE,IFC_baksteen_kopergeel_100mm_staand 100,02 tweede verdieping,True
1H3j$_zKfF3f7NmuRnd_KM,IfcWall,buitenblad,,,510EDFFE-F54A-4F0E-91D7-C386F19FE516,IFC_baksteen_kopergeel_100mm_staand 100,02 tweede verdieping,True
39FsFjEuL3dQTjl2UmVHsR,IfcWall,buitenblad,,,C93F63ED-3B85-439D-A76D-BC27B07D1D9B,IFC_baksteen_roodbruin_100mm_liggend 100,02 tweede verdieping,True
0NsY4MrjP47eGpLW37qLNh,IfcWall,separatiewand,,,17DA2116-D6D6-441E-8433-5600C7D155EB,IFC_separatiewand_gasbeton_70mm 70,02 tweede verdieping,True
1DWAGIZlj6RAB4An0ALhY$,IfcWall,separatiewand,,,4D80A412-8EFB-466C-A2C4-2B100A56B8BF,IFC_separatiewand_gasbeton_70mm 70,02 tweede verdieping,True
0c6TWvGAHBORZRvoEDgQFO,IfcWall,separatiewand,,,2619D839-40A4-4B61-B8DB-E7238DA9A3D8,IFC_separatiewand_gasbeton_100mm 100,02 tweede verdieping,True
10ogexLW905RKdX1927VSU,IfcWall,separatiewand,,,40CAAA3B-5602-4015-B527-8412421DF71E,IFC_separatiewand_gasbeton_70mm 70,02 tweede verdieping,True
2_OUbn7mHDGB97nRdx_Swc,IfcWall,separatiewand,,,BE61E971-1F04-4D40-B247-C5B9FBF9CEA6,IFC_separatiewand_gasbeton_70mm 70,02 tweede verdieping,True
0mBWreOprCfhxEee1_L62E,IfcWall,separatiewand,,,302E0D68-633D-4CA6-BECE-A2807E54608E,IFC_separatiewand_gasbeton_100mm 100,02 tweede verdieping,True
27avDheLb5IRUF3u2QaId2,IfcWall,separatiewand,,,8793936B-A159-4549-B78F-0F809A9129C2,IFC_separatiewand_gasbeton_100mm 100,02 tweede verdieping,True
2BTB5LQ8HDNP8ojpnQFMGW,IfcWall,separatiewand,,,8B74B155-6884-4D5D-9232-B73C5A3D6420,IFC_separatiewand_gasbeton_100mm 100,02 tweede verdieping,True
1QKjhh_S58EOZF6F8vrJ6E,IfcWall,separatiewand,,,5A52DAEB-F9C1-4839-88CF-18F239D5318E,IFC_separatiewand_gasbeton_70mm 70,02 tweede verdieping,True
36GtlHnYf65hKVVR2kT4x0,IfcWall,separatiewand,,,C6437BD1-C62A-4616-B51F-7DB0AE744EC0,IFC_separatiewand_gasbeton_70mm 70,02 tweede verdieping,True
0zoY98O157i8MAJTtMw2tr,IfcWall,binnenblad,,,3DCA2248-6011-47B0-858A-4DDDD6E82DF5,IFC_kalkzandsteen_214mm 214,02 tweede verdieping,True
1tmLhF7Cn61RudeBvrE04v,IfcWall,binnenblad,,,77C15ACF-1CCC-4605-BE27-A0BE75380139,IFC_kalkzandsteen_214mm 214,02 tweede verdieping,True
2uaQbPNLX7DebbkESsYvDm,IfcWall,separatiewand,,,B891A959-5D58-4736-8965-B8E7368B9370,IFC_separatiewand_gasbeton_70mm 70,02 tweede verdieping,True
2a_A$QZ6b08fzqzP6NgKSG,IfcWall,binnenblad,,,A4F8AFDA-8C69-4022-9F74-F59197A94710,IFC_kalkzandsteen_214mm 214,02 tweede verdieping,True
1EyK7eWxP2T94jexdjw7zO,IfcWall,liftwand,,,4EF141E8-83B6-4274-912D-A3B9EDE87F58,IFC_kalkzandsteen_214mm 214,03 derde verdieping,True
1E_W7CZ8bFguuJuOlGiSq9,IfcWall,liftwand,,,4EFA01CC-8C89-4FAB-8E13-E18BD0B1CD09,IFC_kalkzandsteen_214mm 214,03 derde verdieping,True
2akm4sEy18KhqU2hKpeBjG,IfcWall,binnenwand,,,A4BB0136-3BC0-4852-BD1E-0AB533A0BB50,IFC_kalkzandsteen_300mm 300,03 derde verdieping,True
3YLmLSYqr0kxvCC8B81IAJ,IfcWall,binnenwand,,,E257055C-8B4D-40BB-BE4C-3082C8052293,IFC_kalkzandsteen_300mm 300,03 derde verdieping,True
3auUwUfW5EcPaoBpNctlU$,IfcWall,zijwang dakk,,,E4E1EE9E-A601-4E99-9932-2F35E6DEF7BF,IFC_dakkapel_zijwang 151,03 derde verdieping,True
1N0dLD7_b9g8tFENBqrJDV,IfcWall,zijwang dakk,,,5702754D-1FE9-49A8-8DCF-3972F4D5335F,IFC_dakkapel_zijwang 151,03 derde verdieping,True
3ICu8JsLD61wqtGk04qXlS,IfcWall,zijwang dakk,,,D2338213-D953-4607-AD37-42E004D21BDC,IFC_dakkapel_zijwang 151,03 derde verdieping,True
1cMmlPl490tPOO2RzYrdce,IfcWall,zijwang dakk,,,665B0BD9-BC42-40DD-9618-09BF62D679A8,IFC_dakkapel_zijwang 151,03 derde verdieping,True
2Tzx7w7sD0lO244T1GnOv$,IfcWall,zijwang dakk,,,9DF7B1FA-1F63-40BD-8084-11D050C58E7F,IFC_dakkapel_zijwang 151,03 derde verdieping,True
2coheVmn10xepG8L0X4PjH,IfcWall,zijwang dakk,,,A6CABA1F-C310-40EE-8CD0-215021119B51,IFC_dakkapel_zijwang 151,03 derde verdieping,True
21iVHGuE5Aae60NipXJ6ao,IfcWall,knieschot,,,81B1F450-E0E1-4A92-8180-5ECCE14C6932,IFC_knieschot_ongeisoleerd 49,03 derde verdieping,True
2E6mo2HkfDvuJiRRG$wc1e,IfcWall,knieschot,,,8E1B0C82-46EA-4DE7-84EC-6DB43FEA6068,IFC_knieschot_ongeisoleerd 49,03 derde verdieping,True
1WwDHDheL4wPrM0QpmGNrX,IfcWall,knieschot,,,60E8D44D-AE85-44E9-9D56-01ACF0417D61,IFC_knieschot_ongeisoleerd 49,03 derde verdieping,True
2YMzAzDVLEQgj6C$uJ2tng,IfcWall,knieschot,,,A25BD2BD-35F5-4E6A-AB46-33FE130B7C6A,IFC_knieschot_ongeisoleerd 49,03 derde verdieping,True
1YsYDA1r91IATxaJdCY3K9,IfcWall,knieschot,,,62DA234A-0752-4148-A77B-9139CC883509,IFC_knieschot_ongeisoleerd 49,03 derde verdieping,True
2xvopPXd9EPgibaSIHI8QI,IfcWall,knieschot,,,BBE72CD9-8672-4E66-AB25-91C491488692,IFC_knieschot_ongeisoleerd 49,03 derde verdieping,True
1UlvQl2Fr6x94ewQQV4QYD,IfcWall,HSB-element,,,5EBF96AF-08FD-46EC-9128-E9A69F11A88D,"IFC_HSB_155_wandelement_Rc=3,67 155",03 derde verdieping,True
3xUCqCcT5CIgdra2gZT2db,IfcWall,HSB-element,,,FB78CD0C-99D1-4C4A-A9F5-902AA37429E5,"IFC_HSB_155_wandelement_Rc=3,67 155",03 derde verdieping,True
0PYnvK1QT2g90Zy$gCExD1,IfcWall,HSB-element,,,198B1E54-05A7-42A8-9023-F3FA8C3BB341,"IFC_HSB_155_wandelement_Rc=3,67 155",03 derde verdieping,True
08J5ZQbrj5Mx$rrc3rSlid,IfcWall,HSB-element,,,084C58DA-975B-455B-BFF5-D660F572FB27,"IFC_HSB_155_wandelement_Rc=3,67 155",03 derde verdieping,True
3k13aCiJv7Fu95f6UUXxdk,IfcWall,HSB-element,,,EE04390C-B13E-473F-8245-A4679E87B9EE,"IFC_HSB_155_wandelement_Rc=3,67 155",03 derde verdieping,True
0B$7T0g8P0Qxh5KunO$Vuh,IfcWall,HSB-element,,,0BFC7740-A886-406B-BAC5-538C58FDFE2B,"IFC_HSB_155_wandelement_Rc=3,67 155",03 derde verdieping,True
0BbZBldn94MfvyeV9ZExMT,IfcWall,HSB-element,,,0B9632EF-9F12-445A-9E7C-A1F2633BB59D,"IFC_HSB_155_wandelement_Rc=3,67 155",03 derde verdieping,True
1AV_hs6Kf5MBG2ZRq0OyR0,IfcWall,knieschot,,,4A7FEAF6-194A-4558-B402-8DBD0063C6C0,IFC_knieschot_ongeisoleerd 49,03 derde verdieping,True
1tYO1kwy17RRUruN2aoAOl,IfcWall,knieschot,,,7789806E-EBC0-476D-B7B5-E170A4C8A62F,IFC_knieschot_ongeisoleerd 49,03 derde verdieping,True
1o3JNwlLT2pR5xzj7dIHdp,IfcWall,knieschot,,,720D35FA-BD57-42CD-B17B-F6D1E74919F3,IFC_knieschot_ongeisoleerd 49,03 derde verdieping,True
2WLxeUa2P6K9FRHev9QauM,IfcWall,knieschot,,,A057BA1E-9026-4650-93DB-468E496A4E16,IFC_knieschot_ongeisoleerd 49,03 derde verdieping,True
1nuR7Rs590TQ5OKJ9Z1uEI,IfcWall,knieschot,,,71E1B1DB-D852-4075-A158-513263078392,IFC_knieschot_ongeisoleerd 49,03 derde verdieping,True
3YRqEfrCP8BhPfrw8ie$07,IfcWall,knieschot,,,E26F43A9-D4C6-482E-B669-D7A22CA3F007,IFC_knieschot_ongeisoleerd 49,03 derde verdieping,True
0zqN$1Spv2UAq7aXZK3XKv,IfcWall,knieschot,,,3DD17FC1-733E-4278-AD07-9218D40E1539,IFC_knieschot_ongeisoleerd 49,03 derde verdieping,True
2G3UTfDMD1egi1bydvtHzQ,IfcWall,knieschot,,,900DE769-3563-41A2-AB01-97C9F9DD1F5A,IFC_knieschot_ongeisoleerd 49,03 derde verdieping,True
19wRuwW0DBPwA2NduOQ2rx,IfcWall,knieschot,,,49E9BE3A-8003-4B67-A282-5E7E18682D7B,IFC_knieschot_ongeisoleerd 49,03 derde verdieping,True
1HB2RkFMD9UQq5pmmS3kII,IfcWall,HSB-element,,,512C26EE-3D63-4979-AD05-CF0C1C0EE492,"IFC_HSB_155_wandelement_Rc=3,67 155",03 derde verdieping,True
3DFmbDSn5BAgDHvlMxbGui,IfcWall,knieschot,,,CD3F094D-7311-4B2A-A351-E6F5BB950E2C,IFC_knieschot_ongeisoleerd 49,03 derde verdieping,True
3cn6wvI6HBu8fP4N2GN$Pj,IfcWall,knieschot,,,E6C46EB9-4864-4BE0-8A59-1170905FF66D,IFC_knieschot_ongeisoleerd 49,03 derde verdieping,True
1CbKRR0a92Mut22gOUS8EV,IfcWall,knieschot,,,4C9546DB-0242-425B-8DC2-0AA61E70839F,IFC_knieschot_ongeisoleerd 49,03 derde verdieping,True
23vbTQ1Xb6I9RR8JQjRHhM,IfcWall,knieschot,,,83E6575A-0619-4648-96DB-2136AD6D1AD6,IFC_knieschot_ongeisoleerd 49,03 derde verdieping,True
0h0J8$jKDB7vqG8dDiDAKz,IfcWall,knieschot,,,2B01323F-B543-4B1F-9D10-22736C34A53D,IFC_knieschot_ongeisoleerd 49,03 derde verdieping,True
15jfYuGer1Ah1QZYTNDpTJ,IfcWall,knieschot,,,45B698B8-428D-412A-B05A-8E2757373753,IFC_knieschot_ongeisoleerd 49,03 derde verdieping,True
3AuBloy8rB2eQ0HbTV6Kmm,IfcWall,knieschot,,,CAE0BBF2-F08D-4B0A-8680-46575F194C30,IFC_knieschot_ongeisoleerd 49,03 derde verdieping,True
2xj8og5ynADeLjrLMO9aln,IfcWall,knieschot,,,BBB48CAA-17CC-4A36-856D-D55598264BF1,IFC_knieschot_ongeisoleerd 49,03 derde verdieping,True
0nrQiWUSfB6g722vNHkgc_,IfcWall,knieschot,,,31D5AB20-79CA-4B1A-A1C2-0B95D1BAA9BE,IFC_knieschot_ongeisoleerd 49,03 derde verdieping,True
16WP2f9KP2DBE9sfY$ffYK,IfcWall,knieschot,,,468190A9-2546-4234-B389-DA98BFA69894,IFC_knieschot_ongeisoleerd 49,03 derde verdieping,True
1us$eS2XH6h9DpSVtp$vYM,IfcWall,knieschot,,,78DBFA1C-0A14-46AC-9373-71FDF3FF9896,IFC_knieschot_ongeisoleerd 49,03 derde verdieping,True
31jJ7Ha698fBHCB0Q2e1yq,IfcWall,knieschot,,,C1B531D1-9062-48A4-B44C-2C0682A01F34,IFC_knieschot_ongeisoleerd 49,03 derde verdieping,True
1dKTBRP$50WglvLBumwpIK,IfcWall,knieschot,,,6751D2DB-67F1-4082-ABF9-54BE30EB3494,IFC_knieschot_ongeisoleerd 49,03 derde verdieping,True
35sB5hOEPF8R6s4haDTl5Q,IfcWall,knieschot,,,C5D8B16B-60E6-4F21-B1B6-12B90D76F15A,IFC_knieschot_ongeisoleerd 49,03 derde verdieping,True
3YJAx09Gb8txATI7X87x8M,IfcWall,knieschot,,,E24CAEC0-2509-48DF-B29D-4878481FB216,IFC_knieschot_ongeisoleerd 49,03 derde verdieping,True
03AHdIiA55r8PqyXVRRazD,IfcWall,knieschot,,,032919D2-B0A1-45D4-8674-F217DB6E4F4D,IFC_knieschot_ongeisoleerd 49,03 derde verdieping,True
1O7GR1UOf6r8WCpuroNm0Z,IfcWall,separatiewand,,,581D06C1-798A-46D4-880C-CF8D725F0023,IFC_separatiewand_gasbeton_70mm 70,03 derde verdieping,True
0THNgQ0CDF9BljZQaz9g8p,IfcWall,separatiewand,,,1D457A9A-00C3-4F24-BBED-8DA93D26A233,IFC_separatiewand_gasbeton_100mm 100,03 derde verdieping,True
2yQ4V1Ntn8pezOU3JG_CmS,IfcWall,separatiewand,,,BC6847C1-5F7C-48CE-8F58-7834D0F8CC1C,IFC_separatiewand_gasbeton_100mm 100,03 derde verdieping,True
0OvS7XTSrEEfgY9zLS52bd,IfcWall,separatiewand,,,18E5C1E1-75CD-4E3A-9AA2-27D55C142967,IFC_separatiewand_gasbeton_100mm 100,03 derde verdieping,True
1WKOi2evr6bhCsVsQkzbKa,IfcWall,separatiewand,,,60518B02-A39D-4696-B336-7F66AEF65524,IFC_separatiewand_gasbeton_70mm 70,03 derde verdieping,True
2MV1zwMlv8eBvA2WOEAaEl,IfcWall,separatiewand,,,967C1F7A-5AFE-48A0-BE4A-0A060E2A43AF,IFC_separatiewand_gasbeton_100mm 100,03 derde verdieping,True
07ycr3rkX9oB1rB6HYpOJ0,IfcWall,separatiewand,,,07F26D43-D6E8-49C8-B075-2C6462CD84C0,IFC_separatiewand_gasbeton_70mm 70,03 derde verdieping,True
2UzzVHoG57Ex92Zgaglbg7,IfcWall,separatiewand,,,9EF7D7D1-C901-473B-B242-8EA92ABE5A87,IFC_separatiewand_gasbeton_70mm 70,03 derde verdieping,True
3gGmXbzkjAsuTeSl1cCGLB,IfcWall,separatiewand,,,EA430865-F6EB-4ADB-8768-72F06631054B,IFC_separatiewand_gasbeton_100mm 100,03 derde verdieping,True
34b24nbdP4VwDBt7cfF8Fe,IfcWall,separatiewand,,,C4942131-9676-447F-A34B-DC79A93C83E8,IFC_separatiewand_gasbeton_100mm 100,03 derde verdieping,True
1Ht3sHXY19ZO0gy_WWLMfy,IfcWall,separatiewand,,,51DC3D91-8620-498D-802A-F3E820556A7C,IFC_separatiewand_gasbeton_100mm 100,03 derde verdieping,True
22V6iCqlz6FBLNTsOBRNQ$,IfcWall,separatiewand,,,827C6B0C-D2FF-463C-B557-77660B6D76BF,IFC_separatiewand_gasbeton_100mm 100,03 derde verdieping,True
1o9IVHY3z6jPb$8UF0w0pc,IfcWall,separatiewand,,,722527D1-883F-46B5-997F-21E3C0E80CE6,IFC_separatiewand_gasbeton_70mm 70,03 derde verdieping,True
2$_Kkal4jC8BFBilJN8I3K,IfcWall,separatiewand,,,BFF94BA4-BC4B-4C20-B3CB-B2F4D72120D4,IFC_HSB_70mm 70,03 derde verdieping,True
0FDpOPjDv2iud3tAKPO5Zh,IfcWall,separatiewand,,,0F373619-B4DE-42B3-89C3-DCA5196058EB,IFC_separatiewand_gasbeton_70mm 70,03 derde verdieping,True
0SAmxP$$bBAgZObgQGJhrq,IfcWall,separatiewand,,,1C2B0ED9-FFF9-4B2A-A8D8-96A6904EBD74,IFC_separatiewand_gasbeton_70mm 70,03 derde verdieping,True
1bzY3tIwjEEAUZw62_UiuO,IfcWall,separatiewand,,,65F620F7-4BAB-4E38-A7A3-E860BE7ACE18,IFC_separatiewand_gasbeton_100mm 100,03 derde verdieping,True
0VgxmJGxv2wP5IVI81qJrl,IfcWall,knieschot,,,1FABBC13-43BE-42E9-9152-7D2201D13D6F,IFC_knieschot_ongeisoleerd 49,03 derde verdieping,True
2uxQYe3V1DwQZELRcxkhw7,IfcWall,separatiewand,,,B8EDA8A8-0DF0-4DE9-A8CE-55B9BBBABE87,IFC_separatiewand_gasbeton_70mm 70,03 derde verdieping,True
3KLlSyI5DCcB6QscI2_oI8,IfcWall,separatiewand,,,D456F73C-4853-4C98-B19A-DA6482FB2488,IFC_separatiewand_gasbeton_100mm 100,03 derde verdieping,True
2DXswjBO17YBftrJtbKRyD,IfcWall,zijwang dakk,,,8D876EAD-2D80-4788-BA77-D53DE551BF0D,IFC_dakkapel_zijwang 151,03 derde verdieping,True
3B_EPhJC9EX98Fq1ITIUW2,IfcWall,zijwang dakk,,,CBF8E66B-4CC2-4E84-920F-D0149D49E802,IFC_dakkapel_zijwang 151,03 derde verdieping,True
0j8iqQ1cHD_wWRaox$OwDX,IfcWall,spouwisolatie,,,2D22CD1A-0664-4DFB-A81B-932EFF63A361,IFC_isolatie_74mm_PIR 74,04 dak,True
3hhiC8yEn2tx0W6$uE_WXb,IfcWall,dakopstand,,,EBAEC308-F0EC-42DF-B020-1BFE0EFA0865,IFC_dakopstand_lifttop 256 x 220,04 dak,True
2vp_usBx12Y9PoQVOVdAFF,IfcWall,dakopstand,,,B9CFEE36-2FB0-4288-9672-69F61F9CA3CF,IFC_dakopstand_lifttop 256 x 220,04 dak,True
2xwBlNrYfAchV3j2l7PQmO,IfcWall,buitenblad,,,BBE8BBD7-D62A-4A9A-B7C3-B42BC765AC18,IFC_cellenbeton_100mm 100,04 dak,True
1eNXen6OD4JOmh7NdHP9jp,IfcWall,spouwisolatie,,,685E1A31-1983-444D-8C2B-1D79D1649B73,IFC_isolatie_74mm_PIR 74,04 dak,True
3qg7Wwbh5AgulDFXBaIFZA,IfcWall,buitenblad,,,F4A8783A-96B1-4AAB-8BCD-3E12E448F8CA,IFC_baksteen_kopergeel_100mm_liggend 100,04 dak,True
1YU8aaFOD8OPwDOmgEQKhm,IfcWall,buitenblad,,,62788924-3D83-4861-9E8D-630A8E694AF0,IFC_baksteen_kopergeel_100mm_liggend 100,04 dak,True
0waDvH$z1BAuy6RDYVrspu,IfcWall,buitenblad,,,3A90DE51-FFD0-4B2B-8F06-6CD89FD76CF8,IFC_cellenbeton_100mm 100,04 dak,True
3k9bZEdJLCwuXfzWidDJzy,IfcWall,buitenblad,,,EE2658CE-9D35-4CEB-8869-F60B27353F7C,IFC_baksteen_kopergeel_100mm_liggend 100,04 dak,True
3UBXqYk8n2BvnMbkKRXzyl,IfcWall,spouwisolatie,,,DE2E1D22-B88C-422F-9C56-96E51B87DF2F,IFC_isolatie_74mm_PIR 74,04 dak,True
0l9eFmlAD0bPx_2$7MDd3z,IfcWall,buitenblad,,,2F2683F0-BCA3-4095-9EFE-0BF1D63670FD,IFC_cellenbeton_100mm 100,04 dak,True
1uUPZpr3j4Lhny6RrkUukO,IfcWall,spouwisolatie,,,787998F3-D43B-4456-BC7C-19BD6E7B8B98,IFC_isolatie_74mm_PIR 74,04 dak,True
1DmuGbPJ91dw5Kcyo77jdx,IfcWall,buitenblad,,,4DC38425-6532-419F-A154-9BCC871ED9FB,IFC_cellenbeton_100mm 100,04 dak,True
3OJXj65Af8H9Kb3GdS63X8,IfcWall,buitenblad,,,D84E1B46-14AA-4844-9525-0D09DC183848,IFC_baksteen_kopergeel_100mm_liggend 100,04 dak,True
2Oyl7MsmPBX8QuVAq0wJYB,IfcWall,dakopstand,,,98F2F1D6-DB06-4B84-86B8-7CAD00E9388B,IFC_dakopstand_lifttop 256 x 220,04 dak,True
0Zx4cqrajBR8O5_p97fE50,IfcWall,dakopstand,,,23EC49B4-D64B-4B6C-8605-FB3247A4E140,IFC_dakopstand_lifttop 256 x 220,04 dak,True
2KGpm9zbnERBaMzt8D8bA0,IfcWall,zinkwerk,,,94433C09-F65C-4E6C-B916-F7720D225280,04 Zink,04 dak,True
1FgbE$IVbDyuVsaYa7Qy5Q,IfcWall,zinkwerk,,,4FAA53BF-49F9-4DF3-87F6-9229076BC15A,04 Zink,04 dak,True
1nOs6Hg0v9fR$sLR1LjIyX,IfcWallStandardCase,opgaand werk,,,71636191-A80E-49A5-BFF6-55B055B52F21,IFC_kalkzandsteen_100mm 100,-1 fundering,True
1bxNK1wJ15XRDckLWQ$BAb,IfcWallStandardCase,opgaand werk,,,65ED7501-E930-4585-B366-B9581AFCB2A5,IFC_kalkzandsteen_100mm 100,-1 fundering,True
3nFC64uPPAXefSRxq6JPqA,IfcWallStandardCase,opgaand werk,,,F13CC184-E196-4A86-8A5C-6FBD064D9D0A,IFC_kalkzandsteen_100mm 100,-1 fundering,True
06FuADHCz36hBoAywogP5m,IfcWallStandardCase,opgaand werk,,,063F828D-44CF-431A-B2F2-2BCEB2A99170,IFC_kalkzandsteen_100mm 100,-1 fundering,True
2KDiiUOLb3WAKWvMvjXliZ,IfcWallStandardCase,opgaand werk,,,9436CB1E-6159-4380-A520-E56E6D86FB23,IFC_kalkzandsteen_100mm 100,-1 fundering,True
3HN6IBOw1BKQP$d73uzLdY,IfcWallStandardCase,opgaand werk,,,D15C648B-63A0-4B51-A67F-9C70F8F559E2,IFC_kalkzandsteen_100mm 100,-1 fundering,True
24_ACX2uf3DQHvDbd2z98c,IfcWallStandardCase,opgaand werk,,,84F8A321-0B8A-4335-A479-3659C2F49226,IFC_kalkzandsteen_100mm 100,-1 fundering,True
0p5DTahObB4gZyJfnNXgRR,IfcWallStandardCase,opgaand werk,,,3314D764-AD89-4B12-A8FC-4E9C5786A6DB,IFC_kalkzandsteen_100mm 100,-1 fundering,True
1MmZYEKF5Fjg0U$Axhtgap,IfcWallStandardCase,opgaand werk,,,56C2388E-50F1-4FB6-A01E-FCAEEBDEA933,IFC_kalkzandsteen_100mm 100,-1 fundering,True
390EuePXb0OhjRV8d6hXqE,IfcWallStandardCase,opgaand werk,,,C900EE28-6619-4062-BB5B-7C89C6AE1D0E,IFC_kalkzandsteen_100mm 100,-1 fundering,True
30PtVh$Bz9RxwCgystZdJF,IfcWallStandardCase,opgaand werk,,,C06777EB-FCBF-496F-BE8C-ABCDB78E74CF,IFC_kalkzandsteen_100mm 100,-1 fundering,True
3rm7AtWY9BCBlzkw8$VplC,IfcWallStandardCase,opgaand werk,,,F5C072B7-8222-4B30-BBFD-BBA23F7F3BCC,IFC_kalkzandsteen_100mm 100,-1 fundering,True
0oDaXCEUb4qRApwJFIFZGb,IfcWallStandardCase,opgaand werk,,,3236484C-39E9-44D1-B2B3-E933D23E3425,IFC_kalkzandsteen_100mm 100,-1 fundering,True
02pJnwninFKefvu_ivlXzM,IfcWallStandardCase,opgaand werk,,,02CD3C7A-C6CC-4F52-8A79-E3EB39BE1F56,IFC_kalkzandsteen_100mm 100,-1 fundering,True
0_4DdazE95P956DJ3xDRfk,IfcWallStandardCase,binnenwand,,,3E10D9E4-F4E2-4564-9146-3530FB35BA6E,IFC_kalkzandsteen_300mm 300,00 begane grond,True
21dR9W9x91fvuQePLPaWmj,IfcWallStandardCase,binnenblad,,,819DB260-27B2-41A7-9E1A-A19559920C2D,IFC_kalkzandsteen_214mm 214,00 begane grond,True
2FEj_vwVnA0wmw3ugle$qu,IfcWallStandardCase,binnenblad,,,8F3ADFB9-E9FC-4A03-AC3A-0F8AAFA3FD38,IFC_kalkzandsteen_214mm 214,00 begane grond,True
0tcR38Brv6pOxSmBDiytX0,IfcWallStandardCase,binnenblad,,,3799B0C8-2F5E-46CD-8EDC-C0B36CF37840,IFC_kalkzandsteen_175mm 175,00 begane grond,True
24AsVNrK12ieTYzCHkhC5E,IfcWallStandardCase,binnenwand,,,842B67D7-D540-42B2-8762-F4C46EACC14E,IFC_kalkzandsteen_300mm 300,00 begane grond,True
0JMWaqvB90a9vpyx$40t8U,IfcWallStandardCase,binnenblad,,,135A0934-E4B2-4090-9E73-F3BFC403721E,IFC_kalkzandsteen_175mm 175,00 begane grond,True
0_ig6A34vCA8BhO4VTs82C,IfcWallStandardCase,binnenwand,,,3EB2A18A-0C4E-4C28-82EB-6047DDD8808C,IFC_kalkzandsteen_120mm 120,00 begane grond,True
33Kr6bhDfDw8cTao1b83Jj,IfcWallStandardCase,binnenwand,,,C35351A5-ACDA-4DE8-899D-9320652034ED,IFC_kalkzandsteen_300mm 300,00 begane grond,True
2UekXAS9D7Axk7JFozbAzY,IfcWallStandardCase,liftwand,,,9EA2E84A-7093-472B-BB87-4CFCBD94AF62,IFC_kalkzandsteen_214mm 214,00 begane grond,True
1Gd2wK2gTESAZkByEgtOjA,IfcWallStandardCase,binnenwand,,,509C2E94-0AA7-4E70-A8EE-2FC3AADD8B4A,IFC_kalkzandsteen_214mm 214,00 begane grond,True
3GgWasL7D0fOL_Qpv72VFd,IfcWallStandardCase,binnenwand,,,D0AA0936-5473-40A5-857E-6B3E4709F3E7,IFC_kalkzandsteen_300mm 300,00 begane grond,True
3y4kc37zvEUflqx63YvD_Y,IfcWallStandardCase,binnenwand,,,FC12E983-1FDE-4E7A-9BF4-EC60E2E4DFA2,IFC_kalkzandsteen_300mm 300,00 begane grond,True
0k3Fv57_HFQ9A8iOn_65kY,IfcWallStandardCase,binnenblad,,,2E0CFE45-1FE4-4F68-9288-B18C7E185BA2,IFC_kalkzandsteen_214mm 214,00 begane grond,True
2bPBntZlnEWQZkSXsG5rjA,IfcWallStandardCase,binnenblad,,,A564BC77-8EFC-4E81-A8EE-721D90175B4A,IFC_kalkzandsteen_214mm 214,00 begane grond,True
0sp70S3SL34xgjHRQAVzCH,IfcWallStandardCase,binnenwand,,,36CC701C-0DC5-4313-BAAD-45B68A7FD311,IFC_kalkzandsteen_300mm 300,00 begane grond,True
2jMXaMTy17tOYjMh68W7L1,IfcWallStandardCase,buitenblad,,,AD5A1916-77C0-47DD-88AD-5AB188807541,IFC_baksteen_kopergeel_100mm_liggend 100,00 begane grond,True
05OARqtmL1oADCPKfx3yQP,IfcWallStandardCase,buitenblad,,,0560A6F4-DF05-41C8-A34C-654A7B0FC699,IFC_baksteen_kopergeel_100mm_liggend 100,00 begane grond,True
1A9aTEU4z9SwaqEUwI8Lx4,IfcWallStandardCase,kozijn,,,4A26474E-784F-4973-A934-39EE92215EC4,IFC_kozijn_90x114 114,00 begane grond,True
2qmQa8nAP39u6po5334l9v,IfcWallStandardCase,kozijn,,,B4C1A908-C4A6-4327-81B3-C850C312F279,IFC_kozijn_90x114 114,00 begane grond,True
1tcWGl1LzD4PaO22w5iJ$y,IfcWallStandardCase,buitenblad,,,779A042F-055F-4D11-9918-082E85B13FFC,IFC_baksteen_roodbruin_100mm_staand 100,00 begane grond,True
148inggZz0fAp_L7YGDBl6,IfcWallStandardCase,kozijn,,,4422CC6A-AA3F-40A4-ACFE-54789034BBC6,IFC_kozijn_90x114 114,00 begane grond,True
1mT7Bow8PF7PF6vCUEchmm,IfcWallStandardCase,buitenblad,,,707472F2-E886-4F1D-93C6-E4C78E9ABC30,IFC_baksteen_roodbruin_100mm_staand 100,00 begane grond,True
0eZiD1rUvDiRlrDMG3tx8T,IfcWallStandardCase,buitenblad,,,288EC341-D5EE-4DB1-BBF5-356403DFB21D,IFC_baksteen_roodbruin_100mm_staand 100,00 begane grond,True
07KefAgD14SecYqb_G4vxC,IfcWallStandardCase,buitenblad,,,07528A4A-A8D0-4472-89A2-D25F90139ECC,IFC_baksteen_roodbruin_100mm_staand 100,00 begane grond,True
3bi7XzqxrAgvdZxFnRwTdg,IfcWallStandardCase,kozijn,,,E5B0787D-D3BD-4AAB-99E3-ECFC5BE9D9EA,IFC_kozijn_90x114 114,00 begane grond,True
0GzsBzJf5A2f5drvUenvXI,IfcWallStandardCase,buitenblad,,,10F762FD-4E91-4A0A-9167-D797A8C79852,IFC_baksteen_roodbruin_100mm_staand 100,00 begane grond,True
0A$dxBFCfD698O7H1hW$fd,IfcWallStandardCase,kozijn,,,0AFE7ECB-3CCA-4D18-9218-1D106B83FA67,IFC_kozijn_90x114 114,00 begane grond,True
0Nj60ieO55uBt_I0iEvvde,IfcWallStandardCase,kozijn,,,17B4602C-A181-45E0-BDFE-480B0EE799E8,IFC_kozijn_90x114 114,00 begane grond,True
1MYwCqSdv7Ix8uPO8cUAsK,IfcWallStandardCase,buitenblad,,,568BA334-727E-474B-B238-65822678AD94,IFC_baksteen_roodbruin_100mm_staand 100,00 begane grond,True
1Ujkg0Sv91WPYvXF6dYBBV,IfcWallStandardCase,buitenblad,,,5EB6EA80-7392-4181-98B9-84F1A788B2DF,IFC_baksteen_roodbruin_100mm_staand 100,00 begane grond,True
0GioG4iQzA1OyX4F47kc4a,IfcWallStandardCase,kozijn,,,10B32404-B1AF-4A05-8F21-10F107BA6124,IFC_kozijn_90x114 114,00 begane grond,True
0ItgJO_EL9ThNZBqkAgxcV,IfcWallStandardCase,buitenblad,,,12DEA4D8-F8E5-4976-B5E3-2F4B8AABB99F,IFC_baksteen_roodbruin_100mm_staand 100,00 begane grond,True
1virtZ$r5EUAHNnyzDVvgX,IfcWallStandardCase,buitenblad,,,79B35DE3-FF51-4E78-A457-C7CF4D7F9AA1,IFC_baksteen_roodbruin_100mm_staand 100,00 begane grond,True
2iybqz3VH31hQztnwzJ_m7,IfcWallStandardCase,kozijn,,,ACF25D3D-0DF4-4306-B6BD-DF1EBD4FEC07,IFC_kozijn_90x114 114,00 begane grond,True
1f_ym7cBPBg8lptVrtQpIa,IfcWallStandardCase,buitenblad,,,69FBCC07-98B6-4BA8-8BF3-DDFD776B34A4,IFC_baksteen_roodbruin_100mm_staand 100,00 begane grond,True
3XhijCDWT4ERsmhSDcEHtI,IfcWallStandardCase,kozijn,,,E1AECB4C-3607-4439-BDB0-ADC366391DD2,IFC_kozijn_90x114 114,00 begane grond,True
1oHEx35PDDzQFKEx3RZUI5,IfcWallStandardCase,kozijn,,,7244EEC3-1593-4DF5-A3D4-3BB0DB8DE485,IFC_kozijn_90x114 114,00 begane grond,True
0RAk_ZkAf6gB8J5bo4h2r7,IfcWallStandardCase,buitenblad,,,1B2AEFA3-B8AA-46A8-B213-165C84AC2D47,IFC_baksteen_roodbruin_100mm_staand 100,00 begane grond,True
356ZU40Tn3tvjGsP5aWnKD,IfcWallStandardCase,kozijn,,,C51A3784-01DC-43DF-9B50-D9916483150D,IFC_kozijn_90x114 114,00 begane grond,True
01hUAhn2r989LDYSpRx4VK,IfcWallStandardCase,kozijn,,,01ADE2AB-C42D-4920-954D-89CCDBEC47D4,IFC_kozijn_90x114 114,00 begane grond,True
2Hagr_o5nCPha8GzqG_2Pz,IfcWallStandardCase,kozijn,,,9192AD7E-C85C-4C66-B908-43DD10F8267D,IFC_kozijn_90x114 114,00 begane grond,True
1AtB01imf94g7vyKEx$EUO,IfcWallStandardCase,kozijn,,,4ADCB001-B30A-4912-A1F9-F143BBFCE798,IFC_kozijn_90x114 114,00 begane grond,True
06vshORsrEVvjbvNCwwl$2,IfcWallStandardCase,kozijn,,,06E76AD8-6F6D-4E7F-9B65-E5733AEAFFC2,IFC_kozijn_90x114 114,00 begane grond,True
36zbLfC19AzAp$d2fdItUB,IfcWallStandardCase,binnenblad,,,C6F65569-3012-4AF4-ACFF-9C2A674B778B,IFC_kalkzandsteen_214mm 214,00 begane grond,True
0vTAFL4d1DwxQSNiJxvejT,IfcWallStandardCase,kozijn,,,3974A3D5-1270-4DEB-B69C-5EC4FBE68B5D,IFC_kozijn_90x114 114,00 begane grond,True
1hWMKdA2X8793OkX5$OmQf,IfcWallStandardCase,buitenblad,,,6B816527-2828-481C-90D8-BA117F6306A9,IFC_baksteen_roodbruin_100mm_staand 100,00 begane grond,True
0OeTVTjU5EHg8eoSvuD3f9,IfcWallStandardCase,buitenblad,,,18A1D7DD-B5E1-4E46-A228-C9CE78343A49,IFC_baksteen_roodbruin_100mm_liggend 100,00 begane grond,True
3YPowjOjj46Aqmo9CcIrNd,IfcWallStandardCase,buitenblad,,,E2672EAD-62DB-4418-AD30-C893264B55E7,IFC_baksteen_kopergeel_100mm_liggend 100,00 begane grond,True
2SOFxehfn3JPJ42eH$gc$u,IfcWallStandardCase,kozijn,,,9C60FEE8-AE9C-434D-94C4-0A847FAA6FF8,IFC_kozijn_90x114 114,00 begane grond,True
36fadt$IzDJQp5auYj8rIY,IfcWallStandardCase,kozijn,,,C6A649F7-FD2F-4D4D-ACC5-9388AD2354A2,IFC_kozijn_90x114 114,00 begane grond,True
3KcIMVZ513EPkQumNhbyRn,IfcWallStandardCase,buitenblad,,,D499259F-8C50-4339-9B9A-E305EB97C6F1,IFC_baksteen_kopergeel_100mm_liggend 100,00 begane grond,True
0zCNq_mof6gPonl4mLYuLv,IfcWallStandardCase,kozijn,,,3D317D3E-C32A-46A9-9CB1-BC4C158B8579,IFC_kozijn_90x114 114,00 begane grond,True
0IIlOCBsj3HgQHK5iljQCT,IfcWallStandardCase,kozijn,,,124AF60C-2F6B-4346-A691-505B2FB5A31D,IFC_kozijn_90x114 114,00 begane grond,True
1i4_mvNgv86Pj97Vy1f2eY,IfcWallStandardCase,kozijn,,,6C13EC39-5EAE-4819-9B49-1DFF01A42A22,IFC_kozijn_90x114 114,00 begane grond,True
1xxJ8dxUX8FO1xRHT446SR,IfcWallStandardCase,buitenblad,,,7BED3227-EDE8-483D-807B-6D174410671B,IFC_baksteen_kopergeel_100mm_staand 100,00 begane grond,True
3fvHYcQET4afRMl3etTK4F,IfcWallStandardCase,kozijn,,,E9E518A6-68E7-4492-96D6-BC3A3775410F,IFC_kozijn_90x114 114,00 begane grond,True
2KG9S4Gt1FQALCzumz4aA4,IfcWallStandardCase,liftwand,,,94409704-4370-4F68-A54C-F78C3D124284,IFC_kalkzandsteen_214mm 214,00 begane grond,True
0ZmS3bTmHEN9O1xmMHDik$,IfcWallStandardCase,liftwand,,,23C1C0E5-7704-4E5C-9601-EF059136CBBF,IFC_kalkzandsteen_214mm 214,00 begane grond,True
1oj0t$E6HCLgy3dI2OlRsM,IfcWallStandardCase,buitenblad,,,72B40DFF-3864-4C56-AF03-9D2098BDBD96,IFC_baksteen_roodbruin_100mm_liggend 100,00 begane grond,True
2ZLM_28ojBLQ7MioqA3Uef,IfcWallStandardCase,binnenblad,,,A3556F82-232B-4B55-A1D6-B32D0A0DEA29,IFC_kalkzandsteen_175mm 175,00 begane grond,True
2myRdJgB9D0wiu$QoesY6D,IfcWallStandardCase,binnenblad,,,B0F1B9D3-A8B2-4D03-AB38-FDACA8DA218D,IFC_kalkzandsteen_175mm 175,00 begane grond,True
1WCZr3c7r05hqSejiWoWO4,IfcWallStandardCase,kozijn,,,60323D43-987D-4016-BD1C-A2DB20CA0604,IFC_kozijn_90x114 114,00 begane grond,True
13hN5zL1L2fftXqB_Ac_WZ,IfcWallStandardCase,kozijn,,,43AD717D-5415-42A6-9DE1-D0BF8A9BE823,IFC_kozijn_90x114 114,00 begane grond,True
3m4OJLKQX4J9bJbE0bieP3,IfcWallStandardCase,buitenblad,,,F01184D5-51A8-444C-9953-94E025B28643,IFC_baksteen_roodbruin_100mm_staand 100,00 begane grond,True
0dv5m3Uyz21Ah3WBH5x$Lz,IfcWallStandardCase,buitenblad,,,27E45C03-7BCF-4204-AAC3-80B445EFF57D,IFC_baksteen_roodbruin_100mm_liggend 100,00 begane grond,True
3bBEEvVlvEOPrWs5bUkDsC,IfcWallStandardCase,separatiewand,,,E52CE3B9-7EFE-4E61-9D60-D8595EB8DD8C,IFC_separatiewand_gasbeton_100mm 100,00 begane grond,True
2pjO5b_CT3kxxZIf3Tw3UH,IfcWallStandardCase,separatiewand,,,B3B58165-F8C7-43BB-BEE3-4A90DDE83791,IFC_separatiewand_gasbeton_100mm 100,00 begane grond,True
2b7WxLrT1FLu7GMANtCr5t,IfcWallStandardCase,separatiewand,,,A51E0ED5-D5D0-4F57-81D0-58A5F7335177,IFC_separatiewand_gasbeton_100mm_hydro 100,00 begane grond,True
2vERavliX7vPHqu2JyhRbq,IfcWallStandardCase,separatiewand,,,B939B939-BEC8-47E5-9474-E024FCADB974,IFC_separatiewand_gasbeton_100mm_hydro 100,00 begane grond,True
3WUNETxEDBHgxwkEJ1_F9C,IfcWallStandardCase,separatiewand,,,E079739D-ECE3-4B46-AEFA-B8E4C1F8F24C,IFC_gipsblokken_70mm 70,00 begane grond,True
2lqfq7sKH8m9jYTXN7BC2$,IfcWallStandardCase,separatiewand,,,AFD29D07-D944-48C0-9B62-7615C72CC0BF,IFC_separatiewand_gasbeton_100mm 100,00 begane grond,True
2b61I4AHX32vjsQH0d5lBm,IfcWallStandardCase,separatiewand,,,A5181484-2918-430B-9B76-69102716F2F0,IFC_separatiewand_gasbeton_70mm 70,00 begane grond,True
228l_jAhDCs8IltPd8fl$x,IfcWallStandardCase,separatiewand,,,8222FFAD-2AB3-4CD8-84AF-DD99C8A6FFFB,IFC_separatiewand_gasbeton_100mm 100,00 begane grond,True
0jzFz$TozAjQrbFqUARxz$,IfcWallStandardCase,separatiewand,,,2DF4FF7F-772F-4AB5-AD65-3F478A6FBF7F,IFC_separatiewand_gasbeton_100mm 100,00 begane grond,True
0opoNTmV5DihPxS3qf88gc,IfcWallStandardCase,separatiewand,,,32CF25DD-C1F1-4DB2-B67B-703D29208AA6,IFC_separatiewand_gasbeton_100mm_hydro 100,00 begane grond,True
2N820yNsH7P9D_BMeGcEoL,IfcWallStandardCase,binnenwanden,,,9720203C-5F64-4764-937E-2D6A1098EC95,IFC_separatiewand_gasbeton_70mm 70,00 begane grond,True
0uYipqPGHFivV8pH6oIeF6,IfcWallStandardCase,binnenwanden,,,388ACCF4-6504-4FB3-97C8-CD11B24A83C6,IFC_separatiewand_gasbeton_70mm 70,00 begane grond,True
2fzWmLwVz2EfmQoLFRNg48,IfcWallStandardCase,separatiewand,,,A9F60C15-E9FF-423A-9C1A-C953DB5EA108,IFC_separatiewand_gasbeton_100mm 100,00 begane grond,True
129TmjQAD9ye2vA2ED4kH6,IfcWallStandardCase,separatiewand,,,4225DC2D-68A3-49F2-80B9-28238D12E446,IFC_separatiewand_gasbeton_100mm 100,00 begane grond,True
0JA6_1Yrf0RQthH4oemj6g,IfcWallStandardCase,separatiewand,,,13286F81-8B5A-406D-ADEB-444CA8C2D1AA,IFC_separatiewand_gasbeton_100mm_hydro 100,00 begane grond,True
2nSc65nI157BNwwXccpxDw,IfcWallStandardCase,separatiewand,,,B1726185-C520-451C-B5FA-EA19A6CFB37A,IFC_separatiewand_gasbeton_100mm 100,00 begane grond,True
1NXgN45uzABPTg9bKlCFYR,IfcWallStandardCase,separatiewand,,,5786A5C4-178F-4A2D-976A-26552F30F89B,IFC_separatiewand_gasbeton_100mm_hydro 100,00 begane grond,True
23nSY_Wdr7lRZ4bELCuUa$,IfcWallStandardCase,separatiewand,,,83C5C8BE-827D-47BD-B8C4-94E54CE1E93F,IFC_separatiewand_gasbeton_100mm 100,00 begane grond,True
3zCgRefMzFTuEzSGylppUP,IfcWallStandardCase,separatiewand,,,FD32A6E8-A56F-4F77-83BD-710F2FCF3799,IFC_separatiewand_gasbeton_70mm 70,00 begane grond,True
2x8r6mt6H0iR0MeEuwtMRQ,IfcWallStandardCase,separatiewand,,,BB2351B0-DC64-40B1-B016-A0EE3ADD66DA,IFC_separatiewand_gasbeton_70mm 70,00 begane grond,True
1VtXJdt4L7kv9XQ9k2M6LK,IfcWallStandardCase,separatiewand,,,5FDE14E7-DC45-47BB-9261-689B82586554,IFC_separatiewand_gasbeton_70mm 70,00 begane grond,True
3q8aQLG$L6gAja8u0czfoL,IfcWallStandardCase,separatiewand,,,F4224695-43F5-46A8-AB64-238026F69C95,IFC_separatiewand_gasbeton_70mm 70,00 begane grond,True
3u_b3DOQ16afvB2LeI3Bn3,IfcWallStandardCase,separatiewand,,,F8FA50CD-61A0-4692-9E4B-095A120CBC43,IFC_separatiewand_gasbeton_100mm 100,00 begane grond,True
2dOn0Rxx9BM94apjsEB5vG,IfcWallStandardCase,separatiewand,,,A763101B-EFB2-4B58-9124-CEDD8E2C5E50,IFC_separatiewand_gasbeton_70mm 70,00 begane grond,True
1cqatVBUbE7ulPbW1qGfHB,IfcWallStandardCase,separatiewand,,,66D24DDF-2DE9-4E1F-8BD9-96007442944B,IFC_separatiewand_gasbeton_70mm 70,00 begane grond,True
3uK_yBk8z6lRGEp4$AHAFc,IfcWallStandardCase,separatiewand,,,F853EF0B-B88F-46BD-B40E-CC4FCA44A3E6,IFC_separatiewand_gasbeton_100mm 100,00 begane grond,True
03H6xp_QD6g83v4Lwkmveh,IfcWallStandardCase,separatiewand,,,03446EF3-F9A3-46A8-80F9-115EAEC39A2B,IFC_separatiewand_gasbeton_100mm 100,00 begane grond,True
1fHeY3m7nFlxdWcaufG5ZK,IfcWallStandardCase,separatiewand,,,69468883-C07C-4FBF-B9E0-9A4E294058D4,IFC_separatiewand_gasbeton_100mm 100,00 begane grond,True
1G1K7K61r3jxyH3FUlbbvN,IfcWallStandardCase,separatiewand,,,500541D4-181D-43B7-BF11-0CF7AF965E57,IFC_separatiewand_gasbeton_70mm 70,00 begane grond,True
1e3LLVW_12PPIMvff5kUE_,IfcWallStandardCase,separatiewand,,,680D555F-83E0-4265-9496-E69A45B9E3BE,IFC_separatiewand_gasbeton_100mm 100,00 begane grond,True
2tetrk$QnA49mTczDExu06,IfcWallStandardCase,separatiewand,,,B7A37D6E-FDAC-4A10-9C1D-9BD34EEF8006,IFC_separatiewand_gasbeton_100mm 100,00 begane grond,True
0MqRD9mj90_OBPCfUN$DCW,IfcWallStandardCase,metalstudwand,,,16D1B349-C2D2-40F9-82D9-329797FCD320,IFC_separatiewand_gasbeton_100mm 100,00 begane grond,True
1BnMt3vVfFpBiFgNfeOg7r,IfcWallStandardCase,binnenwand,,,4BC56DC3-E5FA-4FCC-BB0F-A97A6862A1F5,IFC_kalkzandsteen_300mm 300,00 begane grond,True
1OLZLl3a18pQTsfuMNKOWg,IfcWallStandardCase,separatiewand,,,5856356F-0E40-48CD-A776-A7859751882A,IFC_separatiewand_gasbeton_100mm_hydro 100,00 begane grond,True
3Dr$ZMMa98fvt8EYMKh14n,IfcWallStandardCase,separatiewand,,,CDD7F8D6-5A42-48A7-9DC8-3A2594AC1131,IFC_separatiewand_gasbeton_100mm 100,00 begane grond,True
3wdTux4mr1TeVnxQ0KiOLe,IfcWallStandardCase,separatiewand,,,FA9DDE3B-130D-4176-87F1-EDA014B18568,IFC_separatiewand_gasbeton_70mm 70,00 begane grond,True
2_xwfAnHjEGheqbGUc$BD5,IfcWallStandardCase,kozijn,,,BEEFAA4A-C51B-4E42-BA34-9507A6FCB345,IFC_kozijn_90x114 114,01 eerste verdieping,True
1beNKg3CL4DfsMvrzccZGK,IfcWallStandardCase,buitenblad,,,65A1752A-0CC5-4436-9D96-E75F669A3414,IFC_baksteen_roodbruin_100mm_liggend 100,01 eerste verdieping,True
27SAqTJ4n1cfkb4yN$O3Ny,IfcWallStandardCase,kozijn,,,8770AD1D-4C4C-419A-9BA5-13C5FF6035FC,IFC_kozijn_90x114 114,01 eerste verdieping,True
0W7j$v4vD3yRYaWSNgQcv2,IfcWallStandardCase,binnenblad,,,201EDFF9-1393-43F1-B8A4-81C5EA6A6E42,IFC_kalkzandsteen_214mm 214,01 eerste verdieping,True
3PZVRZoyjCPBphjdTHYUqQ,IfcWallStandardCase,binnenblad,,,D98DF6E3-CBCB-4C64-BCEB-B6775189ED1A,IFC_kalkzandsteen_214mm 214,01 eerste verdieping,True
36OsTfoWX4eg8RrFRpldHA,IfcWallStandardCase,binnenblad,,,C6636769-CA08-44A2-A21B-D4F6F3BE744A,IFC_kalkzandsteen_214mm 214,01 eerste verdieping,True
3HGDkJWG95UBZE0EMTLl3$,IfcWallStandardCase,liftwand,,,D140DB93-8102-4578-B8CE-00E59D56F0FF,IFC_kalkzandsteen_214mm 214,01 eerste verdieping,True
1U2uLr_Iv7fAUjTUySx2R3,IfcWallStandardCase,binnenblad,,,5E0B8575-F92E-47A4-A7AD-75EF1CEC26C3,IFC_kalkzandsteen_175mm 175,01 eerste verdieping,True
3PxcgMX$j6XBsE4BpxQwRG,IfcWallStandardCase,binnenblad,,,D9EE6A96-87FB-4684-BD8E-10BCFB6BA6D0,IFC_kalkzandsteen_175mm 175,01 eerste verdieping,True
1f5AtB78TCSfLPJ75qhQVd,IfcWallStandardCase,binnenblad,,,6914ADCB-1C87-4C72-9559-4C7174ADA7E7,IFC_kalkzandsteen_214mm 214,01 eerste verdieping,True
07o2mHpkH4_PxUBc290w3Z,IfcWallStandardCase,kozijn,,,07C82C11-CEE4-44F9-9EDE-2E608903A0E3,IFC_kozijn_90x114 114,01 eerste verdieping,True
0$YDCcbYPB0wRxDYucu1$k,IfcWallStandardCase,kozijn,,,3F88D326-9626-4B03-A6FB-362E26E01FEE,IFC_kozijn_90x114 114,01 eerste verdieping,True
0LxscyRCL35PTDOLAAjfSI,IfcWallStandardCase,kozijn,,,15EF69BC-6CC5-4315-974D-61528AB69712,IFC_kozijn_90x114 114,01 eerste verdieping,True
1kbGkmCozDwxyH6BQswrOc,IfcWallStandardCase,buitenblad,,,6E950BB0-332F-4DEB-BF11-18B6B6EB5626,IFC_baksteen_roodbruin_100mm_staand 100,01 eerste verdieping,True
1ir2UHdQfEdfEBkNwAW_9u,IfcWallStandardCase,buitenblad,,,6CD42791-9DAA-4E9E-938B-B97E8A83E278,IFC_baksteen_roodbruin_100mm_staand 100,01 eerste verdieping,True
1DrFQ$L096euRQX3RpKz6f,IfcWallStandardCase,buitenblad,,,4DD4F6BF-5402-46A3-86DA-8436F353D1A9,IFC_baksteen_roodbruin_100mm_staand 100,01 eerste verdieping,True
1qHBiNfAHCHhBLrRv9Uyf5,IfcWallStandardCase,kozijn,,,7444BB17-A4A4-4C46-B2D5-D5BE497BCA45,IFC_kozijn_90x114 114,01 eerste verdieping,True
0kWJnAkxrDEB6OzCYJGlDZ,IfcWallStandardCase,buitenblad,,,2E813C4A-BBBD-4D38-B198-F4C89342F363,IFC_baksteen_roodbruin_100mm_staand 100,01 eerste verdieping,True
1ES9GtArbBLv1n_CK2wxd2,IfcWallStandardCase,buitenblad,,,4E709437-2B59-4B57-9071-F8C502EBB9C2,IFC_baksteen_roodbruin_100mm_staand 100,01 eerste verdieping,True
2cxNc1U458jxM3uvZIlspS,IfcWallStandardCase,buitenblad,,,A6ED7981-7841-48B7-B583-E398D2BF6CDC,IFC_baksteen_roodbruin_100mm_staand 100,01 eerste verdieping,True
2YbkLyzAX8sufEsj84l6uQ,IfcWallStandardCase,buitenblad,,,A296E57C-F4A8-48DB-8A4E-DAD204BC6E1A,IFC_baksteen_roodbruin_100mm_staand 100,01 eerste verdieping,True
0I$ApwjMb2WhHUnG9PohvA,IfcWallStandardCase,kozijn,,,12FCACFA-B569-4282-B45E-C50259CABE4A,IFC_kozijn_90x114 114,01 eerste verdieping,True
1a3Bw$Plv1NBGNlNfFUZO_,IfcWallStandardCase,kozijn,,,640CBEBF-66FE-415C-B417-BD7A4F7A363E,IFC_kozijn_90x114 114,01 eerste verdieping,True
0P9P2MTnDFWgpzAECWRMfc,IfcWallStandardCase,kozijn,,,19259096-7713-4F82-ACFD-28E3206D6A66,IFC_kozijn_90x114 114,01 eerste verdieping,True
14XsuvhErDaQe9Ghiv9NHI,IfcWallStandardCase,buitenblad,,,44876E39-ACED-4D91-AA09-42BB39257452,IFC_baksteen_roodbruin_100mm_staand 100,01 eerste verdieping,True
3V$ApEXsL4kuuKln_RMzx7,IfcWallStandardCase,kozijn,,,DFFCACCE-8765-44BB-8E14-BF1F9B5BDEC7,IFC_kozijn_90x114 114,01 eerste verdieping,True
2kHoPrvTH4mgO72z01pDOc,IfcWallStandardCase,buitenblad,,,AE472675-E5D4-44C2-A607-0BD001CCD626,IFC_baksteen_roodbruin_100mm_staand 100,01 eerste verdieping,True
0d193_IC94VBo0OC8YxmOX,IfcWallStandardCase,kozijn,,,270490FE-48C2-447C-BC80-60C222EF0621,IFC_kozijn_90x114 114,01 eerste verdieping,True
2T7$dTI398mR34m8VeIw4m,IfcWallStandardCase,kozijn,,,9D1FF9DD-4832-48C1-B0C4-C087E84BA130,IFC_kozijn_90x114 114,01 eerste verdieping,True
1X9_auq7fAKPab7CpdR8v7,IfcWallStandardCase,kozijn,,,6127E938-D07A-4A51-9925-1CCCE76C8E47,IFC_kozijn_90x114 114,01 eerste verdieping,True
2X9Gop0bn3_x38P_1PGdAJ,IfcWallStandardCase,kozijn,,,A1250CB3-025C-43FB-B0C8-67E059427293,IFC_kozijn_90x114 114,01 eerste verdieping,True
23NrJ1a$r1DOY9eePDI0DJ,IfcWallStandardCase,kozijn,,,835F54C1-93FD-4135-8889-A2864D480353,IFC_kozijn_90x114 114,01 eerste verdieping,True
2E0UIyR1D8MwHXB_I7Dkrt,IfcWallStandardCase,buitenblad,,,8E01E4BC-6C13-485B-A461-2FE48736ED77,IFC_baksteen_kopergeel_100mm_staand 100,01 eerste verdieping,True
2HHpDv_uDC4QWow2JwiAdZ,IfcWallStandardCase,liftwand,,,91473379-FB83-4C11-A832-E824FAB0A9E3,IFC_kalkzandsteen_214mm 214,01 eerste verdieping,True
3YDoxP1AL2yOJ5bNO5Jiuq,IfcWallStandardCase,zijwang dakk,,,E2372ED9-04A5-42F1-84C5-9576054ECE34,IFC_dakkapel_zijwang 151,01 eerste verdieping,True
2j63fN3Y59zRTHstj46MKH,IfcWallStandardCase,zijwang dakk,,,AD183A57-0E21-49F5-B751-DB7B44196511,IFC_dakkapel_zijwang 151,01 eerste verdieping,True
0n3286K797DvQM_Fi5RIsM,IfcWallStandardCase,zijwang dakk,,,310C2206-5072-4737-9696-F8FB056D2D96,IFC_dakkapel_zijwang 151,01 eerste verdieping,True
2_aOxJ0vb20v1d5h5564dh,IfcWallStandardCase,zijwang dakk,,,BE918ED3-0399-4203-9067-16B1451849EB,IFC_dakkapel_zijwang 151,01 eerste verdieping,True
3gnRbbc8f6xQGyDQ_NG2tX,IfcWallStandardCase,zijwang dakk,,,EAC5B965-988A-46ED-A43C-35AF97402DE1,IFC_dakkapel_zijwang 151,01 eerste verdieping,True
11emksH1TFfeNTGT$0J1nP,IfcWallStandardCase,binnenblad,,,41A30BB6-4417-4FA6-85DD-41DFC04C1C59,IFC_kalkzandsteen_175mm 175,01 eerste verdieping,True
1Xeom_rPb9RxptB79DEktP,IfcWallStandardCase,binnenblad,,,61A32C3E-D599-496F-BCF7-2C724D3AEDD9,IFC_kalkzandsteen_175mm 175,01 eerste verdieping,True
0hCGa0m7L5vxYadRPxstkw,IfcWallStandardCase,separatiewand,,,2B310900-C075-45E7-B8A4-9DB67BDB7BBA,IFC_separatiewand_gasbeton_70mm 70,01 eerste verdieping,True
3JOyzS90z7NeKMHT$tWAAY,IfcWallStandardCase,separatiewand,,,D363CF5C-240F-475E-8516-45DFF780A2A2,IFC_separatiewand_gasbeton_100mm 100,01 eerste verdieping,True
1DbP0KrnLBu9P61DsvE4$d,IfcWallStandardCase,separatiewand,,,4D959014-D715-4BE0-9646-04DDB9384FE7,IFC_separatiewand_gasbeton_100mm 100,01 eerste verdieping,True
2U_SkEGmL8xOrgREFcAZVV,IfcWallStandardCase,separatiewand,,,9EF9CB8E-4305-48ED-8D6A-6CE3E62A37DF,IFC_separatiewand_gasbeton_70mm 70,01 eerste verdieping,True
3uEMFzu2v8GRvw8kqNTH4S,IfcWallStandardCase,separatiewand,,,F83963FD-E02E-4841-BE7A-22ED1775111C,IFC_separatiewand_gasbeton_100mm 100,01 eerste verdieping,True
3ls5Dm7gH70eH43kipcgjP,IfcWallStandardCase,separatiewand,,,EFD85370-1EA4-4702-8444-0EEB339AAB59,IFC_separatiewand_gasbeton_100mm_hydro 100,01 eerste verdieping,True
2VqWkt35X9yQtKQjAy_Y54,IfcWallStandardCase,separatiewand,,,9FD20BB7-0C58-49F1-ADD4-6AD2BCFA2144,IFC_separatiewand_gasbeton_70mm 70,01 eerste verdieping,True
30d$oCa$97QwnV5mZFo6CK,IfcWallStandardCase,separatiewand,,,C09FFC8C-93F2-476B-AC5F-1708CFC86314,IFC_separatiewand_gasbeton_100mm 100,01 eerste verdieping,True
1KN7KJjST5sxuq4IDdIZ1v,IfcWallStandardCase,separatiewand,,,545C7513-B5C7-45DB-BE34-1123674A3079,IFC_separatiewand_gasbeton_100mm_hydro 100,01 eerste verdieping,True
2ZiBjkwkb9Tw6JeNNhNy0C,IfcWallStandardCase,separatiewand,,,A3B0BB6E-EAE9-4977-A193-A175EB5FC00C,IFC_separatiewand_gasbeton_70mm_hydro 70,01 eerste verdieping,True
3YLJyxBUz6tByQMuL5pipR,IfcWallStandardCase,separatiewand,,,E2553F3B-2DEF-46DC-BF1A-5B8545CECCDB,IFC_separatiewand_gasbeton_70mm 70,01 eerste verdieping,True
1J9G$AMj5D8ePpFewsM_ee,IfcWallStandardCase,separatiewand,,,53250FCA-5AD1-4D22-8673-3E8EB65BEA28,IFC_separatiewand_gasbeton_70mm 70,01 eerste verdieping,True
2niu_iCwbDV8RTwkUv3xsE,IfcWallStandardCase,separatiewand,,,B1B38FAC-33A9-4D7C-86DD-EAE7B90FBD8E,IFC_separatiewand_gasbeton_100mm 100,01 eerste verdieping,True
3Zz4XmJlvDFxeVZaItTzNS,IfcWallStandardCase,separatiewand,,,E3F44870-4EFE-4D3F-BA1F-8E44B777D5DC,IFC_separatiewand_gasbeton_100mm 100,01 eerste verdieping,True
3G7K2WeEz6Yx3gFem0Mu8N,IfcWallStandardCase,separatiewand,,,D01D40A0-A0EF-468B-B0EA-3E8C005B8217,IFC_separatiewand_gasbeton_70mm 70,01 eerste verdieping,True
1ZZOV6oCb65REUbS44kIiy,IfcWallStandardCase,separatiewand,,,638D87C6-C8C9-4615-B39E-95C104B92B3C,IFC_separatiewand_gasbeton_100mm 100,01 eerste verdieping,True
1oJyju8TLF2fHh517_OS1e,IfcWallStandardCase,separatiewand,,,724FCB78-21D5-4F0A-946B-1411FE61C068,IFC_separatiewand_gasbeton_100mm 100,01 eerste verdieping,True
34GGUGAIfFtxn_c95jJjry,IfcWallStandardCase,separatiewand,,,C4410790-292A-4FDF-BC7E-98916D4EDD7C,IFC_separatiewand_gasbeton_100mm_hydro 100,01 eerste verdieping,True
2kKKJCXvb8$uI5opVLCiQE,IfcWallStandardCase,separatiewand,,,AE5144CC-8799-48FF-8485-CB37D532C68E,IFC_separatiewand_gasbeton_100mm_hydro 100,01 eerste verdieping,True
1jwWHfvA56nwQIdYNHWi21,IfcWallStandardCase,separatiewand,,,6DEA0469-E4A1-46C7-A692-9E25D182C081,IFC_separatiewand_gasbeton_70mm 70,01 eerste verdieping,True
1nk4MALuvFOBEQoHF5$rG7,IfcWallStandardCase,separatiewand,,,71B8458A-578E-4F60-B39A-C913C5FF5407,IFC_separatiewand_gasbeton_70mm 70,01 eerste verdieping,True
32BRu80e95IgL7sHEAaW4K,IfcWallStandardCase,separatiewand,,,C22DBE08-0282-454A-A547-D9138A920114,IFC_separatiewand_gasbeton_70mm 70,01 eerste verdieping,True
11isJmlKb6GuisJNxWKISc,IfcWallStandardCase,binnenwand,,,41B364F0-BD49-4643-8B36-4D7EE0512726,IFC_kalkzandsteen_214mm 214,01 eerste verdieping,True
1z1vUhjSD0DA4$hE7I0_5_,IfcWallStandardCase,separatiewand,,,7D0797AB-B5C3-4034-A13F-ACE1D203E17E,IFC_separatiewand_gasbeton_70mm 70,01 eerste verdieping,True
0Y0Dldwy50Eg_FPmXF$IEI,IfcWallStandardCase,separatiewand,,,2200DBE7-EBC1-403A-AF8F-67084FFD2392,IFC_separatiewand_gasbeton_70mm 70,01 eerste verdieping,True
0bPVJE8dDCJuZfC321Nz06,IfcWallStandardCase,binnenwand,,,2565F4CE-2273-4C4F-88E9-3030815FD006,IFC_kalkzandsteen_300mm 300,01 eerste verdieping,True
0cr6SQeNT879fCrehfWeM7,IfcWallStandardCase,binnenwand,,,26D4671A-A177-481C-9A4C-D68AE9828587,IFC_kalkzandsteen_214mm 214,01 eerste verdieping,True
0VfEUH2Vj3ARUZ0FmZ51oJ,IfcWallStandardCase,binnenwand,,,1FA4E791-09FB-4329-B7A3-00FC23141C93,IFC_kalkzandsteen_300mm 300,01 eerste verdieping,True
09ftZfqDr4NAqliSbe_Q2x,IfcWallStandardCase,binnenwand,,,09A778E9-D0DD-445C-AD2F-B1C968F9A0BB,IFC_kalkzandsteen_300mm 300,01 eerste verdieping,True
2qiB0g_bbDCwZnOTvTZQ6o,IfcWallStandardCase,binnenwand,,,B4B0B02A-FA59-4D33-A8F1-61DE5D8DA1B2,IFC_kalkzandsteen_120mm 120,01 eerste verdieping,True
3CCqrUrgH98hGVnr$ZylYm,IfcWallStandardCase,binnenwand,,,CC334D5E-D6A4-4922-B41F-C75FE3F2F8B0,IFC_kalkzandsteen_300mm 300,01 eerste verdieping,True
0CqTK2cer2YubDT0sUqCjK,IfcWallStandardCase,binnenwand,,,0CD1D502-9A8D-428B-894D-740D9ED0CB54,IFC_kalkzandsteen_300mm 300,01 eerste verdieping,True
3UBzAzajr5q8aCMUEKo4IM,IfcWallStandardCase,binnenwand,,,DE2FD2BD-92DD-45D0-890C-59E394C84496,IFC_kalkzandsteen_300mm 300,01 eerste verdieping,True
2yLc5m5c562gD7oOBx$ZML,IfcWallStandardCase,binnenwand,,,BC566170-1661-460A-A347-C982FBFE3595,IFC_kalkzandsteen_300mm 300,01 eerste verdieping,True
3yqEwZ1P5D79qJ$faewDWt,IfcWallStandardCase,binnenwand,,,FCD0EEA3-0591-4D1C-9D13-FE9928E8D837,IFC_kalkzandsteen_120mm 120,01 eerste verdieping,True
1s8is3Uiv7tQGUsBmvA$Si,IfcWallStandardCase,separatiewand,,,7622CD83-7ACE-47DD-A41E-D8BC392BF72C,IFC_separatiewand_gasbeton_100mm 100,01 eerste verdieping,True
0deLVuR01FZAQAP50$NggQ,IfcWallStandardCase,separatiewand,,,27A157F8-6C00-4F8C-A68A-64503F5EAA9A,IFC_separatiewand_gasbeton_100mm 100,01 eerste verdieping,True
2ZmMppv5rB_ONxxlP9t69C,IfcWallStandardCase,separatiewand,,,A3C16CF3-E45D-4BF9-85FB-EEF649DC624C,IFC_separatiewand_gasbeton_100mm 100,01 eerste verdieping,True
1BQPStyIP71erNv7anlefJ,IfcWallStandardCase,separatiewand,,,4B699737-F126-4706-8D57-E47931BE8A53,IFC_separatiewand_gasbeton_70mm 70,01 eerste verdieping,True
3SiUNxtcn0yQfTkkuMVtbA,IfcWallStandardCase,separatiewand,,,DCB1E5FB-DE6C-40F1-AA5D-BAEE167F794A,IFC_separatiewand_gasbeton_100mm 100,01 eerste verdieping,True
2A$7uUIbP13B7P0LW_wNaR,IfcWallStandardCase,binnenwand,,,8AFC7E1E-4A56-410C-B1D9-01583EE9791B,IFC_kalkzandsteen_214mm 214,02 tweede verdieping,True
1jYNjECon1MwxCVxTA6CsR,IfcWallStandardCase,binnenblad,,,6D897B4E-332C-415B-AECC-7FB74A18CD9B,IFC_kalkzandsteen_214mm 214,02 tweede verdieping,True
0TQftTqorEnA$V3IcZujpF,IfcWallStandardCase,binnenblad,,,1D6A9DDD-D32D-4EC4-AFDF-0D29A3E2DCCF,IFC_kalkzandsteen_214mm 214,02 tweede verdieping,True
0Kx3M5Ak15Xe2RV4CREhVl,IfcWallStandardCase,binnenblad,,,14EC3585-2AE0-4586-809B-7C431B3AB7EF,IFC_kalkzandsteen_214mm 214,02 tweede verdieping,True
1mixsyQgL2yPSXNO8DXz33,IfcWallStandardCase,binnenblad,,,70B3BDBC-6AA5-42F1-9721-5D820D87D0C3,IFC_kalkzandsteen_214mm 214,02 tweede verdieping,True
1adPyP$S5FOuoo6jijMkB5,IfcWallStandardCase,binnenblad,,,649D9F19-FDC1-4F63-8CB2-1ADB2D5AE2C5,IFC_kalkzandsteen_175mm 175,02 tweede verdieping,True
0jnEXUcjnDq8kxq1jLk0I5,IfcWallStandardCase,binnenblad,,,2DC4E85E-9ADC-4DD0-8BBB-D01B55B80485,IFC_kalkzandsteen_175mm 175,02 tweede verdieping,True
25xnmjtXDBEeYnceWKw7hY,IfcWallStandardCase,binnenwand,,,85EF1C2D-DE13-4B3A-88B1-9A8814E87AE2,IFC_kalkzandsteen_300mm 300,02 tweede verdieping,True
3A25_zHmn6zvE6RvYBE4vL,IfcWallStandardCase,liftwand,,,CA085FBD-470C-46F7-9386-6F988B384E55,IFC_kalkzandsteen_214mm 214,02 tweede verdieping,True
2tjIJivgn4axF2ewhddO9d,IfcWallStandardCase,binnenwand,,,B7B524EC-E6AC-4493-B3C2-A3AAE79D8267,IFC_kalkzandsteen_300mm 300,02 tweede verdieping,True
1wVDx$yUr7JvYDVbX62qca,IfcWallStandardCase,binnenwand,,,7A7CDEFF-F1ED-474F-988D-7E58460B49A4,IFC_kalkzandsteen_300mm 300,02 tweede verdieping,True
3Oiw4ELt1BaBeKn0mDwzz7,IfcWallStandardCase,binnenwand,,,D8B3A10E-5770-4B90-BA14-C40C0DEBDF47,IFC_kalkzandsteen_300mm 300,02 tweede verdieping,True
084e5AQmT0uflc7GA4Kii$,IfcWallStandardCase,binnenwand,,,0812814A-6B07-40E2-9BE6-1D028452CB3F,IFC_kalkzandsteen_214mm 214,02 tweede verdieping,True
1PdtDF7oTDvA0vo83lvpNZ,IfcWallStandardCase,binnenwand,,,599F734F-1F27-4DE4-A039-C880EFE735E3,IFC_kalkzandsteen_120mm 120,02 tweede verdieping,True
3ZrkktGzTA2AWEqU4sCSU0,IfcWallStandardCase,binnenwand,,,E3D6EBB7-43D7-4A08-A80E-D1E13631C780,IFC_kalkzandsteen_120mm 120,02 tweede verdieping,True
1qSuEDSd1E8ftzFK1HXdBc,IfcWallStandardCase,kozijn,,,7473838D-7270-4E22-9DFD-3D40518672E6,IFC_kozijn_90x114 114,02 tweede verdieping,True
3NC1dYtqL1pRl7LXtoL4QX,IfcWallStandardCase,buitenblad,,,D73019E2-DF45-41CD-BBC7-561DF25446A1,IFC_baksteen_roodbruin_100mm_liggend 100,02 tweede verdieping,True
3JaHyppKTBGBnjCpoJt74v,IfcWallStandardCase,kozijn,,,D3911F33-CD47-4B40-BC6D-333C93DC7139,IFC_kozijn_90x114 114,02 tweede verdieping,True
2r4e5jHWfDKhLK$Is1u15D,IfcWallStandardCase,kozijn,,,B512816D-460A-4D52-B554-FD2D81E0114D,IFC_kozijn_90x114 114,02 tweede verdieping,True
0FdLbmS_r6Ch8VPitxry03,IfcWallStandardCase,kozijn,,,0F9D5970-73ED-4632-B21F-66CDFBD7C003,IFC_kozijn_90x114 114,02 tweede verdieping,True
232kvyKbLFYgj8ZO97j_As,IfcWallStandardCase,liftwand,,,830AEE7C-5255-4F8A-AB48-8D8247B7E2B6,IFC_kalkzandsteen_214mm 214,02 tweede verdieping,True
1G6YT_8LrAC8$aW$ayM0qB,IfcWallStandardCase,liftwand,,,501A277E-215D-4A30-8FE4-83F93C580D0B,IFC_kalkzandsteen_214mm 214,02 tweede verdieping,True
32cOaJbaP9VOemKr9dYXtJ,IfcWallStandardCase,kozijn,,,C2998913-9646-497D-8A30-5352678A1DD3,IFC_kozijn_90x114 114,02 tweede verdieping,True
1HTzx6dK99rxYirl5arG$b,IfcWallStandardCase,kozijn,,,5177DEC6-9D42-49D7-B8AC-D6F164D50FE5,IFC_kozijn_90x114 114,02 tweede verdieping,True
05PISK4lv4tAMDc9oYQUQO,IfcWallStandardCase,binnenblad,,,05652714-12FE-44DC-A58D-989CA269E698,IFC_kalkzandsteen_175mm 175,02 tweede verdieping,True
3XEK0$_UjAlwZMwjEFf978,IfcWallStandardCase,binnenblad,,,E139403F-F9EB-4ABF-A8D6-EAD38FA491C8,IFC_kalkzandsteen_175mm 175,02 tweede verdieping,True
2JPdNMyFX7BeGxw9gHJ640,IfcWallStandardCase,separatiewand,,,936675D6-F0F8-472E-843B-E89A914C6100,IFC_separatiewand_gasbeton_70mm 70,02 tweede verdieping,True
0T0_lwb8vCZ82bqHL85eAN,IfcWallStandardCase,separatiewand,,,1D03EBFA-948E-4C8C-80A5-D11548168297,IFC_separatiewand_gasbeton_100mm 100,02 tweede verdieping,True
05yuQkJxb22el7nxTgecJc,IfcWallStandardCase,separatiewand,,,05F386AE-4FB9-420A-8BC7-C7B76AA264E6,IFC_separatiewand_gasbeton_100mm 100,02 tweede verdieping,True
0RcMlaEQT1OPaNSwo8vOeV,IfcWallStandardCase,separatiewand,,,1B996BE4-39A7-4161-9917-73AC88E58A1F,IFC_separatiewand_gasbeton_70mm 70,02 tweede verdieping,True
1SHwwggSX5N85G1pvxbVJs,IfcWallStandardCase,separatiewand,,,5C47AEAA-A9C8-455C-8150-073E7B95F4F6,IFC_separatiewand_gasbeton_100mm 100,02 tweede verdieping,True
1aanU1sID4GuGI4tqWjizO,IfcWallStandardCase,separatiewand,,,64931781-D923-4443-8412-137D20B6CF58,IFC_separatiewand_gasbeton_100mm 100,02 tweede verdieping,True
18QJYzL6z4iAOHp4H6Ay3e,IfcWallStandardCase,separatiewand,,,486938BD-546F-44B0-A611-CC44462BC0E8,IFC_separatiewand_gasbeton_70mm 70,02 tweede verdieping,True
1GALR4lb1EXeRUW8L575n7,IfcWallStandardCase,separatiewand,,,502956C4-BE50-4E86-86DE-8085451C5C47,IFC_separatiewand_gasbeton_100mm 100,02 tweede verdieping,True
2bF_5Z$bP7cgvJFU8oBkt4,IfcWallStandardCase,separatiewand,,,A53FE163-FE56-479A-AE53-3DE2322EEDC4,IFC_separatiewand_gasbeton_100mm 100,02 tweede verdieping,True
1TcWO8$wXBkfgTkeXVZkte,IfcWallStandardCase,separatiewand,,,5D9A0608-FFA8-4BBA-9A9D-BA885F8EEDE8,IFC_separatiewand_gasbeton_100mm 100,02 tweede verdieping,True
2U1qifvIT5ge0qFAL2VUhi,IfcWallStandardCase,separatiewand,,,9E074B29-E527-45AA-8034-3CA5427DEAEC,IFC_separatiewand_gasbeton_100mm 100,02 tweede verdieping,True
2WJjAV$8v4jOUzZCgqJCcm,IfcWallStandardCase,separatiewand,,,A04ED29F-FC8E-44B5-87BD-8CCAB44CC9B0,IFC_separatiewand_gasbeton_70mm 70,02 tweede verdieping,True
3nEQqWNWTE_v9UbdS1CA69,IfcWallStandardCase,separatiewand,,,F139AD20-5E07-4EFB-925E-96770130A189,IFC_separatiewand_gasbeton_70mm 70,02 tweede verdieping,True
35lxEQN1T28BAoF82UTp4p,IfcWallStandardCase,separatiewand,,,C5BFB39A-5C17-4220-B2B2-3C809E773133,IFC_separatiewand_gasbeton_100mm 100,02 tweede verdieping,True
1STt9H3In5quyR1zJeBmHK,IfcWallStandardCase,separatiewand,,,5C777251-0D2C-45D3-8F1B-07D4E82F0454,IFC_separatiewand_gasbeton_100mm 100,02 tweede verdieping,True
1QdoUqDr1FNhj$RUw0amva,IfcWallStandardCase,separatiewand,,,5A9F27B4-3750-4F5E-BB7F-6DEE80930E64,IFC_separatiewand_gasbeton_70mm 70,02 tweede verdieping,True
3Y$Zx5Ilj20hTV9WYChn09,IfcWallStandardCase,separatiewand,,,E2FE3EC5-4AFB-4202-B75F-26088CAF1009,IFC_separatiewand_gasbeton_100mm 100,02 tweede verdieping,True
18b_p0iTHCeOdrecTjmnfy,IfcWallStandardCase,separatiewand,,,4897ECC0-B1D4-4CA1-89F5-A2676DC31A7C,IFC_separatiewand_gasbeton_70mm 70,02 tweede verdieping,True
1ZbRQwjUz9DQ98KhTax8G9,IfcWallStandardCase,separatiewand,,,6395B6BA-B5EF-4935-A248-52B764EC8409,IFC_separatiewand_gasbeton_70mm 70,02 tweede verdieping,True
3gDDH0mPrAzfl6dkPI$_uZ,IfcWallStandardCase,separatiewand,,,EA34D440-C19D-4AF6-9BC6-9EE652FFEE23,IFC_separatiewand_gasbeton_70mm 70,02 tweede verdieping,True
0fP8MV2Y52$vpMZsHCVKvA,IfcWallStandardCase,separatiewand,,,2964859F-0A21-42FF-9CD6-8F644C7D4E4A,IFC_separatiewand_gasbeton_100mm 100,02 tweede verdieping,True
0$rXI4QKH23g$k0kmZL$uo,IfcWallStandardCase,separatiewand,,,3FD61484-6944-420E-AFEE-02EC2357FE32,IFC_separatiewand_gasbeton_100mm 100,02 tweede verdieping,True
1tE5Pvx2b1b91s5G2OMYFP,IfcWallStandardCase,separatiewand,,,77385679-EC29-4194-9076-1500985A23D9,IFC_separatiewand_gasbeton_70mm 70,02 tweede verdieping,True
1DJtnvOrX1OOYupc3T5tCZ,IfcWallStandardCase,separatiewand,,,4D4F7C79-6358-4161-88B8-CE60DD177323,IFC_separatiewand_gasbeton_100mm 100,02 tweede verdieping,True
2UBG6Q7d5DDBiKwUwETbGj,IfcWallStandardCase,binnenwand,,,9E2D019A-1E71-4D34-BB14-E9EE8E76542D,IFC_kalkzandsteen_214mm 214,03 derde verdieping,True
1dAtUpLDz73PTe3wIpQOtG,IfcWallStandardCase,liftwand,,,672B77B3-54DF-470D-9768-0FA4B3698DD0,IFC_kalkzandsteen_100mm 100,03 derde verdieping,True
3lUaefqT14jRJXPO$2osRB,IfcWallStandardCase,kozijn,,,EF7A4A29-D1D0-44B5-B4E1-658FC2CB66CB,IFC_kozijn_90x114 114,03 derde verdieping,True
3$8ejY9wb5C8Jjn_NcmDw8,IfcWallStandardCase,liftwand,,,FF228B62-27A9-4530-84ED-C7E5E6C0DE88,IFC_kalkzandsteen_214mm 214,03 derde verdieping,True
0apuv$1UrB68Hd8$GUUl1U,IfcWallStandardCase,liftwand,,,24CF8E7F-05ED-4B18-8467-23F41E7AF05E,IFC_kalkzandsteen_214mm 214,03 derde verdieping,True
1YAmFJ8PrFRPmTAUAfERk_,IfcWallStandardCase,binnenwand,,,622B03D3-219D-4F6D-9C1D-29E2A939BBBE,IFC_kalkzandsteen_300mm 300,03 derde verdieping,True
0$SpH8S2n2ufDBhk$ljbCs,IfcWallStandardCase,binnenwand,,,3F733448-702C-42E2-934B-AEEFEFB65336,IFC_kalkzandsteen_300mm 300,03 derde verdieping,True
0GUGYII3j58vHPlOrLYtw3,IfcWallStandardCase,binnenwand,,,10790892-483B-4523-9459-BD8D558B7E83,IFC_kalkzandsteen_214mm 214,03 derde verdieping,True
2_GpLiXvv0T9m7AS0ICKWx,IfcWallStandardCase,binnenwand,,,BE43356C-879E-4074-9C07-29C01231483B,IFC_kalkzandsteen_120mm 120,03 derde verdieping,True
0uG931DjD31hhRwgBkGmit,IfcWallStandardCase,kozijn,,,384090C1-36D3-4306-BADB-EAA2EE430B37,IFC_kozijn_90x114 114,03 derde verdieping,True
1e1zdP$AzC4AbSnq$yxhNh,IfcWallStandardCase,binnenwand,,,6807D9D9-FCAF-4C10-A95C-C74FFCEEB5EB,IFC_kalkzandsteen_120mm 120,03 derde verdieping,True
1XUARZ_Oj8K9AyF3GV$kQz,IfcWallStandardCase,liftwand,,,6178A6E3-F98B-4850-92BC-3C341FFEE6BD,IFC_kalkzandsteen_214mm 214,03 derde verdieping,True
1Kd0rYVgj3ZQL11$4pv7wq,IfcWallStandardCase,liftwand,,,549C0D62-7EAB-438D-A541-07F133E47EB4,IFC_kalkzandsteen_214mm 214,03 derde verdieping,True
0SzdhD7kXE$9LKStg07UwP,IfcWallStandardCase,kozijn,,,1CF67ACD-1EE8-4EFC-9554-737A801DEE99,IFC_kozijn_90x114 114,03 derde verdieping,True
1xkmYzLHD1VPKdNI8y8Me1,IfcWallStandardCase,kozijn,,,7BBB08BD-5513-417D-9527-5D223C216A01,IFC_kozijn_90x114 114,03 derde verdieping,True
0_E9R9yPzBxR$ZVU$pENfy,IfcWallStandardCase,separatiewand,,,3E3896C9-F19F-4BED-BFE3-7DEFF3397A7C,IFC_separatiewand_gasbeton_70mm 70,03 derde verdieping,True
14SQKeTXT0bxeTGZbdgN$9,IfcWallStandardCase,separatiewand,,,4471A528-7617-4097-BA1D-423967A97FC9,IFC_separatiewand_gasbeton_70mm 70,03 derde verdieping,True
1WYR3a8rn1PwjMza2IEux8,IfcWallStandardCase,separatiewand,,,6089B0E4-235C-4167-AB56-F640923B8EC8,IFC_separatiewand_gasbeton_100mm 100,03 derde verdieping,True
1SEgqQn0HA4hebPvPql32A,IfcWallStandardCase,separatiewand,,,5C3AAD1A-C404-4A12-BA25-679674BC308A,IFC_separatiewand_gasbeton_70mm 70,03 derde verdieping,True
03jDCRbWX5juY7T5suP$h9,IfcWallStandardCase,separatiewand,,,03B4D31B-9608-45B7-8887-745DB867FAC9,IFC_separatiewand_gasbeton_100mm 100,03 derde verdieping,True
0y7qZLfyTFRxJCpK$rGvlq,IfcWallStandardCase,separatiewand,,,3C1F48D5-A7C7-4F6F-B4CC-CD4FF5439BF4,IFC_separatiewand_gasbeton_100mm 100,03 derde verdieping,True
3sE5jXfPXFZgznxuVnQdCO,IfcWallStandardCase,separatiewand,,,F6385B61-A598-4F8E-AF71-EF87F16A7318,IFC_separatiewand_gasbeton_100mm 100,03 derde verdieping,True
0nrTWb4DvCCQtpg5uNJSdv,IfcWallStandardCase,separatiewand,,,31D5D825-10DE-4C31-ADF3-A85E174DC9F9,IFC_HSB_70mm 70,03 derde verdieping,True
2kIIPu2dr7u8bW3NRIt$iN,IfcWallStandardCase,separatiewand,,,AE492678-0A7D-47E0-8960-0D76D2DFFB17,IFC_separatiewand_gasbeton_100mm 100,03 derde verdieping,True
29$cvhYMr99eZZSTXex7YO,IfcWallStandardCase,separatiewand,,,89FE6E6B-896D-4926-88E3-71D868EC7898,IFC_separatiewand_gasbeton_100mm 100,03 derde verdieping,True
0j5C6LoLTDdevKXyVVZKEr,IfcWallStandardCase,separatiewand,,,2D14C195-C957-4D9E-8E54-87C7DF8D43B5,IFC_separatiewand_gasbeton_70mm 70,03 derde verdieping,True
3TK6FSuO9AVg4wHo$O3IN3,IfcWallStandardCase,kozijn,,,DD5063DC-E182-4A7E-A13A-472FD80D25C3,IFC_kozijn_90x114 114,03 derde verdieping,True
1hsZ5cIZbElRpA938d3ffl,IfcWallStandardCase,kozijn,,,6BDA3166-4A39-4EBD-BCCA-2432270E9A6F,IFC_kozijn_90x114 114,03 derde verdieping,True
3JDoqJnxb3Qe97DYfI5N2S,IfcWallStandardCase,separatiewand,,,D3372D13-C7B9-436A-8247-362A5215709C,IFC_separatiewand_gasbeton_70mm 70,03 derde verdieping,True
2ZxrJoH7j3rw1xO07B0ZYF,IfcWallStandardCase,separatiewand,,,A3EF54F2-447B-43D7-A07B-6001CB02388F,IFC_separatiewand_gasbeton_100mm 100,03 derde verdieping,True
1AhlHMJ056E9Z8jbCHAyal,IfcWallStandardCase,separatiewand,,,4AAEF456-4C01-4638-98C8-B653112BC92F,IFC_separatiewand_gasbeton_100mm 100,03 derde verdieping,True
1AhWX5khb3eP6V6d393etE,IfcWallStandardCase,separatiewand,,,4AAE0845-BAB9-43A1-919F-1A70C90E8DCE,IFC_separatiewand_gasbeton_70mm 70,03 derde verdieping,True
1amFc_TRT6hPyr2tODHze7,IfcWallStandardCase,liftwand,,,64C0F9BE-75B7-46AD-9F35-0B760D47DA07,IFC_kalkzandsteen_214mm 214,04 dak,True
3z8lK3Ks97n8dXJTJuwYh1,IfcWallStandardCase,liftwand,,,FD22F503-5362-47C4-89E1-4DD4F8EA2AC1,IFC_kalkzandsteen_100mm 100,04 dak,True
2qrvVkep90wRmHFYUy6Epb,IfcWallStandardCase,liftwand,,,B4D797EE-A332-40E9-BC11-3E27BC18ECE5,IFC_kalkzandsteen_214mm 214,04 dak,True
00vrd77kP3I9l5yH8Fiv1u,IfcWallStandardCase,liftwand,,,00E759C7-1EE6-4348-9BC5-F1120FB39078,IFC_kalkzandsteen_214mm 214,04 dak,True
2vImyoNwX9iBXoTp4G3gAg,IfcWindow,merk B1sp-R,,,B94B0F32-5FA8-49B0-B872-7731100EA2AA,R1 18,00 begane grond,True
2pFYENFv91ygvyAeZOYi93,IfcWindow,stelkozijn,,,B33E2397-3F92-41F2-AE7C-2A88D88AC243,01 plaatmateriaal - multiplex,00 begane grond,True
3fcHQBt3H23QcTv6yhJwzo,IfcWindow,stelkozijn,,,E999168B-DC34-420D-A99D-E46F2B4FAF72,01 Hout - stelkozijn,00 begane grond,True
0_Jo1N31L7z9swemKCMYlB,IfcWindow,stelkozijn,,,3E4F2057-0C15-47F4-9DBA-A3050C5A2BCB,01 plaatmateriaal - multiplex,00 begane grond,True
1rAoTfcZXDceLlFXNEmX1C,IfcWindow,stelkozijn,,,752B2769-9A38-4D9A-856F-3E15CEC2104C,01 Hout - stelkozijn,00 begane grond,True
0Nx0E1OHf1DuxTjjuUm2Ac,IfcWindow,merk B1sp,,,17EC0381-611A-4137-8EDD-B6DE1EC022A6,R1 18,00 begane grond,True
2heiRUoHL5xvP8RwhYL$bG,IfcWindow,stelkozijn,,,ABA2C6DE-C915-45EF-9648-6FAAE257F950,01 plaatmateriaal - multiplex,00 begane grond,True
2GfFhoq6r37vCpbSN6CZTL,IfcWindow,stelkozijn,,,90A4FAF2-D06D-431F-9333-95C5C6323755,01 Hout - stelkozijn,00 begane grond,True
2nrdDYGJ9BhvAHtSOD2bVI,IfcWindow,stelkozijn,,,B1D67362-4132-4BAF-9291-DDC60D0A57D2,01 plaatmateriaal - multiplex,00 begane grond,True
0MV6oKxM90DANOdrZ1T$9f,IfcWindow,stelkozijn,,,167C6C94-ED62-4034-A5D8-9F58C177F269,01 Hout - stelkozijn,00 begane grond,True
3mgONbLNL2DxrM$kkxuZbY,IfcWindow,stelkozijn,,,F0A985E5-5575-4237-BD56-FEEBBBE23962,01 Hout - stelkozijn,00 begane grond,True
3la5L9LMH0juxb_CD9s6XA,IfcWindow,stelkozijn,,,EF905549-5564-40B7-8EE5-F8C349D8684A,01 plaatmateriaal - multiplex,00 begane grond,True
1RJVF591z4bOy_pjsU4XRe,IfcWindow,stelkozijn,,,5B4DF3C5-241F-4495-8F3E-CEDD9E1216E8,01 Hout - stelkozijn,00 begane grond,True
17GhR_gATFhuBAeAn9fPma,IfcWindow,stelkozijn,,,4742B6FE-A8A7-4FAF-82CA-A0AC49A59C24,01 plaatmateriaal - multiplex,00 begane grond,True
0WtDl5Fx1CGO$F0RJCi8b$,IfcWindow,merk B1,,,20DCDBC5-3FB0-4C41-8FCF-01B4CCB0897F,R1 18,00 begane grond,True
0fKwIjRKL2ThQh97F1hsVV,IfcWindow,stelkozijn,,,2953A4AD-6D45-4276-B6AB-2473C1AF67DF,01 Hout - stelkozijn,00 begane grond,True
3IkJ5kYzHBoxsDRsZeWtto,IfcWindow,stelkozijn,,,D2B9316E-8BD4-4BCB-BD8D-6F68E8837DF2,01 plaatmateriaal - multiplex,00 begane grond,True
1DmcUaFzzFFhg92TJQnxyJ,IfcWindow,merk B1,,,4DC267A4-3FDF-4F3E-BA89-09D4DAC7BF13,R1 18,00 begane grond,True
0eASoFkCvD_OTC_ct3cBps,IfcWindow,merk B1sp-R,,,2829CC8F-B8CE-4DF9-874C-FA6DC398BCF6,R1 18,00 begane grond,True
359iTTnTv3NfCfWlSW9JFd,IfcWindow,stelkozijn,,,C526C75D-C5DE-435E-9329-82F7202533E7,01 plaatmateriaal - multiplex,00 begane grond,True
2C60pqTzP8BR1K24Yag_n6,IfcWindow,stelkozijn,,,8C180CF4-77D6-482D-B054-0848A4ABEC46,01 Hout - stelkozijn,00 begane grond,True
2_US9yS$f6xgGifWmRr3ce,IfcWindow,stelkozijn,,,BE79C27C-73FA-46EE-A42C-A60C1BD439A8,01 plaatmateriaal - multiplex,00 begane grond,True
3to0Qbzn57AgGEPgcKjSko,IfcWindow,stelkozijn,,,F7C806A5-F711-472A-A40E-66A994B5CBB2,01 Hout - stelkozijn,00 begane grond,True
3IRXQx1CX8oxFXhqXHMp_E,IfcWindow,stelkozijn,,,D26E16BB-04C8-48CB-B3E1-AF48515B3F8E,01 Hout - stelkozijn,00 begane grond,True
1Jl$pXjvz5zg9fEBTGRb9s,IfcWindow,stelkozijn,,,53BFFCE1-B79F-45F6-A269-38B7506E5276,01 plaatmateriaal - multiplex,00 begane grond,True
2tzwPzboDCgRcvSj$vm6HZ,IfcWindow,stelkozijn,,,B7F7A67D-9723-4CA9-B9B9-72DFF9C06463,01 Hout - stelkozijn,00 begane grond,True
02VFt8mFjD7RYPk4wtj6oc,IfcWindow,stelkozijn,,,027CFDC8-C0FB-4D1D-B899-B84EB7B46CA6,01 plaatmateriaal - multiplex,00 begane grond,True
3xZl0Z8zH6Few7zjaPUgW9,IfcWindow,stelkozijn,,,FB8EF023-23D4-463E-8E87-F6D9197AA809,01 Hout - stelkozijn,00 begane grond,True
10rQERlhDCbxXJCT$_92RE,IfcWindow,stelkozijn,,,40D5A39B-BEB3-4C97-B853-31DFFE2426CE,01 plaatmateriaal - multiplex,00 begane grond,True
1e$Zm7EmzAgRS0uBDNJlVg,IfcWindow,stelkozijn,,,68FE3C07-3B0F-4AA9-B700-E0B3574EF7EA,01 Hout - stelkozijn,00 begane grond,True
3NI6Sp$yf87eKCx0T$FWj3,IfcWindow,stelkozijn,,,D7486733-FFCA-481E-850C-EC077F3E0B43,01 plaatmateriaal - multiplex,00 begane grond,True
1dvN3gzSD4L9Bv2$zoJRLk,IfcWindow,merk B1,,,67E570EA-F5C3-4454-92F9-0BFF724DB56E,R1 18,00 begane grond,True
2xD3QGjx90oAGyybkEra8b,IfcWindow,merk B1,,,BB343690-B7B2-40C8-A43C-F25B8ED64225,R1 18,00 begane grond,True
2Ot4pojY5A_AuSDtpUwI4i,IfcWindow,stelkozijn,,,98DC4CF2-B621-4AF8-AE1C-377CDEE9212C,01 plaatmateriaal - multiplex,00 begane grond,True
19iI2eJ35DvhstxdCyQr3B,IfcWindow,stelkozijn,,,49B120A8-4C31-4DE6-BDB7-EE733C6B50CB,01 Hout - stelkozijn,00 begane grond,True
0eUeiTKgL8z9I4w$AnfEgY,IfcWindow,stelkozijn,,,287A8B1D-52A5-48F4-9484-EBF2B1A4EAA2,01 Hout - stelkozijn,00 begane grond,True
1GOpmZWFHFPu8qESPn3F3y,IfcWindow,stelkozijn,,,50633C23-80F4-4F67-8234-39C6710CF0FC,01 plaatmateriaal - multiplex,00 begane grond,True
2BeulVMFHFJum3B9E9M$fY,IfcWindow,stelkozijn,,,8BA38BDF-58F4-4F4F-8C03-2C93895BFA62,01 Hout - stelkozijn,00 begane grond,True
3oJTPYwxj7P9M9aWsDpJCD,IfcWindow,stelkozijn,,,F24DD662-EBBB-4764-9589-920D8DCD330D,01 plaatmateriaal - multiplex,00 begane grond,True
03lGFt1VjBDe6syvgmNFAy,IfcWindow,merk B1sp,,,03BD03F7-05FB-4B36-81B6-F39AB05CF2BC,R1 18,00 begane grond,True
0Ud441PPT0DRsLxYPFfaWG,IfcWindow,merk N,,,1E9C4101-6597-4035-BD95-EE264FA64810,R1 18,00 begane grond,True
10Z6sfVZn3GfZCDuDGVlAZ,IfcWindow,merk N,,,408C6DA9-7E3C-4342-98CC-3783507EF2A3,R1 18,00 begane grond,True
2dnwTIzFTAD9hapAlqsr5S,IfcWindow,merk N,,,A7C7A752-F4F7-4A34-9AE4-CCABF4DB515C,R1 18,00 begane grond,True
3dRgtW3QbEsQYyv9xoJ71y,IfcWindow,merk N,,,E76EADE0-0DA9-4ED9-A8BC-E49EF24C707C,R1 18,00 begane grond,True
2tncJiXU52xOIwnI4dHkq$,IfcWindow,merk B1-R,,,B7C664EC-85E1-42ED-84BA-C5212746ED3F,R1 18,00 begane grond,True
3hlYOSdNT3hRiePew15h4T,IfcWindow,stelkozijn,,,EBBE261C-9D77-43AD-BB28-668E8116B11D,01 plaatmateriaal - multiplex,00 begane grond,True
37gZNsSDL4iu1S6Wor3ZPj,IfcWindow,stelkozijn,,,C7AA35F6-70D5-44B3-805C-1A0CB50E366D,01 Hout - stelkozijn,00 begane grond,True
1O6tmJybvFcAq4a7J9rLAN,IfcWindow,stelkozijn,,,581B7C13-F25E-4F98-AD04-9074C9D55297,01 plaatmateriaal - multiplex,00 begane grond,True
2AtqXLL8bAsei5_CKwpj0y,IfcWindow,stelkozijn,,,8ADF4855-5489-4ADA-8B05-F8C53ACED03C,01 Hout - stelkozijn,00 begane grond,True
0rOlpuy6fEpfuuqvscj$PW,IfcWindow,merk B1sp-R,,,3562FCF8-F06A-4ECE-9E38-D39DA6B7F660,R1 18,00 begane grond,True
1rfLYazSH8GBcQryKstIs3,IfcWindow,stelkozijn,,,75A558A4-F5C4-4840-B99A-D7C536DD2D83,01 plaatmateriaal - multiplex,00 begane grond,True
3QJnmlRqz5_fVrar74KrOo,IfcWindow,stelkozijn,,,DA4F1C2F-6F4F-45FA-97F5-9351C4535632,01 Hout - stelkozijn,00 begane grond,True
207c7$G7HAOg5y2_1xjv$F,IfcWindow,stelkozijn,,,801E61FF-4074-4A62-A17C-0BE07BB79FCF,01 plaatmateriaal - multiplex,00 begane grond,True
2ThtpyjZn4q8nYD1vikjMG,IfcWindow,stelkozijn,,,9DAF7CFC-B63C-44D0-8C62-341E6CBAD590,01 Hout - stelkozijn,00 begane grond,True
2YXmX7u6r4yOOh$kIa$Gd6,IfcWindow,merk M,,,A2870847-E06D-44F1-862B-FEE4A4FD09C6,R1 18,00 begane grond,True
0YMesrJsv8ZAfgcOQkjCTb,IfcWindow,stelkozijn,,,225A8DB5-4F6E-488C-AA6A-9986AEB4C765,01 plaatmateriaal - multiplex,00 begane grond,True
2If2Aad390NwFBO7uQvqMr,IfcWindow,stelkozijn,,,92A422A4-9C32-405F-A3CB-607E1AE745B5,01 Hout - stelkozijn,00 begane grond,True
0mtRbwfO1BTwxiSzggSc8I,IfcWindow,stelkozijn,,,30DDB97A-A580-4B77-AEEC-73DAAA726212,01 plaatmateriaal - multiplex,00 begane grond,True
1DsH2dtvb1EQXXq4tfBtYg,IfcWindow,stelkozijn,,,4DD910A7-DF99-4139-A861-D04DE92F78AA,01 Hout - stelkozijn,00 begane grond,True
2aVhmg2N92hhv4rjQpPXmo,IfcWindow,merk B1,,,A47EBC2A-0972-42AE-BE44-D6D6B3661C32,R1 18,00 begane grond,True
0k6mb7kcX8yedFIwED8qcY,IfcWindow,stelkozijn,,,2E1B0947-BA68-48F2-89CF-4BA38D2349A2,01 plaatmateriaal - multiplex,00 begane grond,True
0xlRUG5ID5LhgTY4CombXh,IfcWindow,stelkozijn,,,3BBDB790-1523-4556-BA9D-884332C2586B,01 Hout - stelkozijn,00 begane grond,True
0r4F5aYpjDjepmJs0NROFT,IfcWindow,stelkozijn,,,3510F164-8B3B-4DB6-8CF0-4F60176D83DD,01 plaatmateriaal - multiplex,00 begane grond,True
2bJ1Gv3yL6nf$qJdsuPO4A,IfcWindow,stelkozijn,,,A54C1439-0FC5-46C6-9FF4-4E7DB865810A,01 Hout - stelkozijn,00 begane grond,True
1WI7CxHKj8vQB6ZX1aG6wQ,IfcWindow,merk B1sp,,,6048733B-454B-48E5-A2C6-8E1064406E9A,R1 18,00 begane grond,True
1ty_8KokP6mQYlN4DZkOfx,IfcWindow,stelkozijn,,,77F3E214-CAE6-46C1-A8AF-5C4363B98A7B,01 plaatmateriaal - multiplex,00 begane grond,True
0Cx5eRd2fAe9wmZ82jh8FB,IfcWindow,stelkozijn,,,0CEC5A1B-9C2A-4AA0-9EB0-8C80ADAC83CB,01 Hout - stelkozijn,00 begane grond,True
3ZVnVKy4D1jBZcLcCGVgY2,IfcWindow,stelkozijn,,,E37F17D4-F043-41B4-B8E6-5663107EA882,01 plaatmateriaal - multiplex,00 begane grond,True
3iKlrwnUHCxxRo4aLgJC8B,IfcWindow,stelkozijn,,,EC52FD7A-C5E4-4CEF-B6F2-12456A4CC20B,01 Hout - stelkozijn,00 begane grond,True
1KInL01tD6DQPBVoxre2dQ,IfcWindow,merk B1-R,,,544B1540-0773-4635-A64B-7F2EF5A029DA,R1 18,00 begane grond,True
2KZzNKvwr9uRVfzB5TmmYh,IfcWindow,stelkozijn,,,948FD5D4-E7AD-49E1-B7E9-F4B15DC308AB,01 plaatmateriaal - multiplex,00 begane grond,True
0GSlUrIePDQRL93MVCRQ89,IfcWindow,stelkozijn,,,1072F7B5-4A86-4D69-B549-0D67CC6DA209,01 Hout - stelkozijn,00 begane grond,True
2kU5XJFAf4Xe01xgsDZElh,IfcWindow,stelkozijn,,,AE785853-3CAA-4486-8001-EEAD8D8CEBEB,01 plaatmateriaal - multiplex,00 begane grond,True
2ft6HbZKD5ePF2WR3Q2yMt,IfcWindow,stelkozijn,,,A9DC6465-8D43-45A1-93C2-81B0DA0BC5B7,01 Hout - stelkozijn,00 begane grond,True
2ri5H4RCf2ZuCMpo1Ccl52,IfcWindow,merk B1sp-R,,,B5B05444-6CCA-428F-8316-CF204C9AF142,R1 18,00 begane grond,True
0$CHzFOKD96AwIJnRtjmCz,IfcWindow,stelkozijn,,,3F311F4F-6143-4918-AE92-4F16F7B7033D,01 plaatmateriaal - multiplex,00 begane grond,True
1nwCQp6CL4h9AJo0EXhJBj,IfcWindow,stelkozijn,,,71E8C6B3-18C5-44AC-9293-C803A1AD32ED,01 Hout - stelkozijn,00 begane grond,True
1rC9mTrqD7nRVVhL$0K1bF,IfcWindow,stelkozijn,,,75309C1D-D743-47C5-B7DF-AD5FC050194F,01 plaatmateriaal - multiplex,00 begane grond,True
2OeOjUpaH1bxNaxIEYZAXQ,IfcWindow,stelkozijn,,,98A18B5E-CE44-4197-B5E4-ED23A28CA85A,01 Hout - stelkozijn,00 begane grond,True
26iMI7lnj4Rukyjg89OAF3,IfcWindow,merk B1,,,86B16487-BF1B-446F-8BBC-B6A20960A3C3,R1 18,00 begane grond,True
3cLBPtEz1A0uWp58VoUCJm,IfcWindow,stelkozijn,,,E654B677-3BD0-4A03-8833-1487F278C4F0,01 plaatmateriaal - multiplex,00 begane grond,True
0d06TNXPD9kQ6kfDgFvSX4,IfcWindow,stelkozijn,,,27006757-8593-49B9-A1AE-A4DA8FE5C844,01 Hout - stelkozijn,00 begane grond,True
0Fcj$qK_jDIx0Clu51aeRJ,IfcWindow,stelkozijn,,,0F9ADFF4-53EB-4D4B-B00C-BF81419286D3,01 plaatmateriaal - multiplex,00 begane grond,True
1d9kUW3zP0ggxxYmG2vPQM,IfcWindow,stelkozijn,,,6726E7A0-0FD6-40AA-AEFB-8B0402E59696,01 Hout - stelkozijn,00 begane grond,True
2oT9F5t_D3r81DfUpoY23W,IfcWindow,stelkozijn,,,B27493C5-DFE3-43D4-804D-A5ECF28820E0,01 Hout - stelkozijn,01 eerste verdieping,True
1cApy3tf55$ewMiOVVXpAY,IfcWindow,stelkozijn,,,662B3F03-DE91-45FE-8E96-B187DF8732A2,01 Hout - stelkozijn,01 eerste verdieping,True
2dyqlxLyzFvQOjQrGkU4$r,IfcWindow,stelkozijn,,,A7F34BFB-57CF-4FE5-A62D-6B542E784FF5,01 plaatmateriaal - multiplex,01 eerste verdieping,True
1xfcxY2sf3LB1ysF5_X4I$,IfcWindow,stelkozijn,,,7BA66EE2-0B6A-4354-B07C-D8F17E8444BF,01 plaatmateriaal - multiplex,01 eerste verdieping,True
2Qc0XfkND1d86$Q97dSDkt,IfcWindow,merk B2-R,,,9A980869-B973-419C-81BF-6891E770DBB7,R1 18,01 eerste verdieping,True
2u4Y9RrS9E7e46nkx$KtkD,IfcWindow,stelkozijn,,,B812225B-D5C2-4E1E-8106-C6EEFF537B8D,01 Hout - stelkozijn,01 eerste verdieping,True
09l8RUnHH77g7h7SXJ62Iv,IfcWindow,stelkozijn,,,09BC86DE-C514-471E-A1EB-1DC8531824B9,01 plaatmateriaal - multiplex,01 eerste verdieping,True
0XEOt5SHT7euOAUEqbQw0S,IfcWindow,stelkozijn,,,21398DC5-7117-47A3-860A-78ED256BA01C,01 plaatmateriaal - multiplex,01 eerste verdieping,True
2$G2$L_ZfD2xyYJh6wxmZd,IfcWindow,merk B2sp,,,BF402FD5-FA3A-4D0B-BF22-4EB1BAEF08E7,R1 18,01 eerste verdieping,True
20drR2J4r4bPUTTBVjW_Vz,IfcWindow,stelkozijn,,,809F56C2-4C4D-4495-979D-74B7ED83E7FD,01 Hout - stelkozijn,01 eerste verdieping,True
1bd$IrGA53LQPvMq9gVcx0,IfcWindow,stelkozijn,,,659FF4B5-40A1-4355-A679-5B426A7E6EC0,01 Hout - stelkozijn,01 eerste verdieping,True
0zufCFef19dhrSAn7n7kDY,IfcWindow,stelkozijn,,,3DE2930F-A290-499E-BD5C-2B11F11EE362,01 plaatmateriaal - multiplex,01 eerste verdieping,True
1CNomnrdb3CeKqRVaml6Zj,IfcWindow,stelkozijn,,,4C5F2C31-D679-4332-8534-6DF930BC68ED,01 Hout - stelkozijn,01 eerste verdieping,True
2RXwC8nPLBKOSiamyBX0qt,IfcWindow,merk B1-R,,,9B87A308-C595-4B51-872C-930F0B840D37,R1 18,01 eerste verdieping,True
2jJseFS1L1B8boC45FrAL7,IfcWindow,stelkozijn,,,AD4F6A0F-7015-412C-8972-30414FD4A547,01 plaatmateriaal - multiplex,01 eerste verdieping,True
0FcHfq3eXDUvB1x$PxjHW5,IfcWindow,merk B1sp-R,,,0F991A74-0E88-4D7B-92C1-EFF67BB51805,R1 18,01 eerste verdieping,True
2BAFeLAfrFmRqNR9mOZjZA,IfcWindow,stelkozijn,,,8B28FA15-2A9D-4FC1-BD17-6C9C188ED8CA,01 plaatmateriaal - multiplex,01 eerste verdieping,True
2ViuBjcVj8z9LMZmOsdtUZ,IfcWindow,stelkozijn,,,9FB382ED-99FB-48F4-9556-8F06369F77A3,01 Hout - stelkozijn,01 eerste verdieping,True
1QutPMQ5z6MggQuGh8QPeo,IfcWindow,stelkozijn,,,5AE37656-685F-465A-AA9A-E10AC8699A32,01 plaatmateriaal - multiplex,01 eerste verdieping,True
1ToOMg6mH3uPQ6JhObMAbP,IfcWindow,stelkozijn,,,5DC985AA-1B04-43E1-9686-4EB62558A959,01 Hout - stelkozijn,01 eerste verdieping,True
3TvWm44N9F5RIa$fhkiYVg,IfcWindow,merk B1sp,,,DDE60C04-1172-4F15-B4A4-FE9AEEB227EA,R1 18,01 eerste verdieping,True
1T2P9SD_v7pusuMZ3NUpjC,IfcWindow,stelkozijn,,,5D09925C-37EE-47CF-8DB8-5A30D77B3B4C,01 Hout - stelkozijn,01 eerste verdieping,True
1PmQ6CQbzAMgXxD2pXWt3a,IfcWindow,stelkozijn,,,59C1A18C-6A5F-4A5A-A87B-342CE18370E4,01 plaatmateriaal - multiplex,01 eerste verdieping,True
1pPLUmJvHBYO$OdiNX3HUz,IfcWindow,stelkozijn,,,736557B0-4F94-4B89-8FD8-9EC5E10D17BD,01 Hout - stelkozijn,01 eerste verdieping,True
0y9v8B7Jz8XQeHm3h61$Xt,IfcWindow,stelkozijn,,,3C27920B-1D3F-4885-AA11-C03AC607F877,01 plaatmateriaal - multiplex,01 eerste verdieping,True
3UNWn7XCf1hwvlPusg1icu,IfcWindow,stelkozijn,,,DE5E0C47-84CA-41AF-AE6F-678DAA06C9B8,01 Hout - stelkozijn,01 eerste verdieping,True
3upcShrCbFfh0jm4mYUUdu,IfcWindow,merk B1sp-R,,,F8CE672B-D4C9-4FA6-B02D-C04C2279E9F8,R1 18,01 eerste verdieping,True
2aI12utMz8aQ3peDg2uVuG,IfcWindow,stelkozijn,,,A44810B8-DD6F-4891-A0F3-A0DA82E1FE10,01 plaatmateriaal - multiplex,01 eerste verdieping,True
3YkS_khHDAjAeJXiOfwXwm,IfcWindow,stelkozijn,,,E2B9CFAE-AD13-4AB4-AA13-86C629EA1EB0,01 Hout - stelkozijn,01 eerste verdieping,True
0KGCtyQFv4av1Wdj6buj7k,IfcWindow,stelkozijn,,,1440CDFC-68FE-4493-9060-9ED1A5E2D1EE,01 plaatmateriaal - multiplex,01 eerste verdieping,True
16TvrQb8bFTPpj$qS6T5ri,IfcWindow,merk G,,,46779D5A-9489-4F75-9CED-FF4706745D6C,R2 stolp 18,01 eerste verdieping,True
0_nanN5VH5eARTiW6lUQd3,IfcWindow,merk G,,,3EC64C57-15F4-45A0-A6DD-B201AF79A9C3,R2 stolp 18,01 eerste verdieping,True
2okwPp_551sf2xuZcfRIdG,IfcWindow,stelkozijn,,,B2BBA673-F851-41DA-90BB-E239A96D29D0,01 plaatmateriaal - multiplex,01 eerste verdieping,True
3H7pBT9U13kuEq2qj2wzQk,IfcWindow,stelkozijn,,,D11F32DD-25E0-43BB-83B4-0B4B42EBD6AE,01 Hout - stelkozijn,01 eerste verdieping,True
09bCBGNx5F8xAq8JjO37a4,IfcWindow,stelkozijn,,,0994C2D0-5FB1-4F23-B2B4-213B580C7904,01 Hout - stelkozijn,01 eerste verdieping,True
0tvRrpQa9Brgk0PO3rZ7pS,IfcWindow,stelkozijn,,,37E5BD73-6A42-4BD6-AB80-6580F58C7CDC,01 Hout - stelkozijn,01 eerste verdieping,True
2Ap4dwiajE799Gm9tGiJx1,IfcWindow,stelkozijn,,,8ACC49FA-B24B-4E1C-9250-C09DD0B13EC1,01 plaatmateriaal - multiplex,01 eerste verdieping,True
1_nRsWg_f0XubfZfIIRP3k,IfcWindow,stelkozijn,,,7EC5BDA0-ABEA-4087-8969-8E94926D90EE,01 plaatmateriaal - multiplex,01 eerste verdieping,True
3SgAlyy0D4NQuzsMpXqOUR,IfcWindow,merk B1,,,DCA8ABFC-F003-445D-AE3D-D96CE1D1879B,R1 18,01 eerste verdieping,True
03aP3tMUjC5voZmp9koxhs,IfcWindow,stelkozijn,,,039190F7-59EB-4C17-9CA3-C3326ECBBAF6,01 plaatmateriaal - multiplex,01 eerste verdieping,True
2lkytCG9rD3O3IXV5k3j5H,IfcWindow,stelkozijn,,,AFBBCDCC-409D-4D0D-80D2-85F16E0ED151,01 Hout - stelkozijn,01 eerste verdieping,True
2YIkXYWk12Ruf2QsE9cXTp,IfcWindow,stelkozijn,,,A24AE862-82E0-426F-8A42-6B63899A1773,01 plaatmateriaal - multiplex,01 eerste verdieping,True
2VRR1TrGT6eBTc8nAX0QwP,IfcWindow,stelkozijn,,,9F6DB05D-D507-46A0-B766-2312A101AE99,01 Hout - stelkozijn,01 eerste verdieping,True
05Whcg$392JeMCX54BugRl,IfcWindow,stelkozijn,,,0582B9AA-FC32-424E-858C-84510BE2A6EF,01 Hout - stelkozijn,01 eerste verdieping,True
2m0Oxn1sr74ODbW_x3jNoG,IfcWindow,stelkozijn,,,B0018EF1-076D-4711-8365-83EEC3B57C90,01 plaatmateriaal - multiplex,01 eerste verdieping,True
382pcuNAr1tep31IH5fMSU,IfcWindow,stelkozijn,,,C80B39B8-5CAD-41DE-8CC3-052445A5671E,01 Hout - stelkozijn,01 eerste verdieping,True
25iCNH$Vb5quMnNN$zdiEg,IfcWindow,stelkozijn,,,85B0C5D1-FDF9-45D3-85B1-5D7FFD9EC3AA,01 plaatmateriaal - multiplex,01 eerste verdieping,True
3SinmO3Pj0_fGoIba5Tpbf,IfcWindow,stelkozijn,,,DCB31C18-0D9B-40FA-9432-4A5905773969,01 plaatmateriaal - multiplex,01 eerste verdieping,True
12TtYnsRH7R8kq19$bZFwV,IfcWindow,stelkozijn,,,427778B1-D9B4-476C-8BB4-049FE58CFE9F,01 Hout - stelkozijn,01 eerste verdieping,True
21v6Lxsl1BCPpmriUOgAsP,IfcWindow,stelkozijn,,,81E4657B-DAF0-4B31-9CF0-D6C798A8AD99,01 plaatmateriaal - multiplex,01 eerste verdieping,True
0fQEU5rGPBq9vOpiEoyBBR,IfcWindow,stelkozijn,,,2968E785-D506-4BD0-9E58-CEC3B2F0B2DB,01 Hout - stelkozijn,01 eerste verdieping,True
3LppQIb2j30xblkm5GtTTV,IfcWindow,merk B1-R,,,D5CF3692-942B-4303-B96F-BB0150DDD75F,R1 18,01 eerste verdieping,True
01z1iheQT4$8X5aY0_r4QJ,IfcWindow,stelkozijn,,,01F41B2B-A1A7-44FC-8845-92203ED44693,01 Hout - stelkozijn,01 eerste verdieping,True
0G1Gjz4oHDNe$dN2BBokLe,IfcWindow,stelkozijn,,,10050B7D-1324-4D5E-8FE7-5C22CBCAE568,01 plaatmateriaal - multiplex,01 eerste verdieping,True
0MXxM0JgP2KuGUWBtQY80N,IfcWindow,stelkozijn,,,1687B580-4EA6-4253-841E-80BDDA888017,01 Hout - stelkozijn,01 eerste verdieping,True
0pZslPSAb8jBEsesxVZzu0,IfcWindow,merk B1sp-R,,,338F6BD9-70A9-48B4-B3B6-A36EDF8FDE00,R1 18,01 eerste verdieping,True
3RaVPvaOf64eZBU6WKpwMU,IfcWindow,merk B1-R,,,DB91F679-918A-4612-88CB-786814CFA59E,R1 18,01 eerste verdieping,True
1teUYP1Rv0ZhB_2gzRilQR,IfcWindow,stelkozijn,,,77A1E899-05BE-408E-B2FE-0AAF5BB2F69B,01 Hout - stelkozijn,01 eerste verdieping,True
1EL9JU43nABBdNk_W52fqh,IfcWindow,stelkozijn,,,4E5494DE-103C-4A2C-B9D7-BBE8050A9D2B,01 plaatmateriaal - multiplex,01 eerste verdieping,True
0r1tRl0qv5G9URrsYopY0P,IfcWindow,stelkozijn,,,350776EF-034E-4540-979B-D768B2CE2019,01 Hout - stelkozijn,01 eerste verdieping,True
176JSQqvPCR9mZPbZYohue,IfcWindow,stelkozijn,,,4719371A-D396-4C6C-9C23-6658E2CABE28,01 plaatmateriaal - multiplex,01 eerste verdieping,True
39e5HG9Mz5bhpeErZLhRP4,IfcWindow,merk B1sp-R,,,C9A05450-256F-4596-BCE8-3B58D5ADB644,R1 18,01 eerste verdieping,True
251rxV64H62xIQNojyGRwU,IfcWindow,stelkozijn,,,85075EDF-1844-460B-B49A-5F2B7C41BE9E,01 Hout - stelkozijn,01 eerste verdieping,True
1PAxaJRu13gfudq_tpVBm7,IfcWindow,merk M,,,592BB913-6F80-43AA-9E27-D3EDF37CBC07,R1 18,01 eerste verdieping,True
3bpb$MQq50M8aknXg_9Fdp,IfcWindow,stelkozijn,,,E5CE5FD6-6B41-4058-892E-C61ABE24F9F3,01 plaatmateriaal - multiplex,01 eerste verdieping,True
0ZU09EWLf0fQUCDcc5uEu_,IfcWindow,stelkozijn,,,2378024E-815A-40A5-A78C-366985E0EE3E,01 Hout - stelkozijn,01 eerste verdieping,True
1D3QrwQQnDpBzpUuSTr$BU,IfcWindow,stelkozijn,,,4D0DAD7A-69AC-4DCC-BF73-7B871DD7F2DE,01 plaatmateriaal - multiplex,01 eerste verdieping,True
1YZgYVVw9F0Qg_cyVJnVhp,IfcWindow,stelkozijn,,,628EA89F-7FA2-4F01-AABE-9BC7D3C5FAF3,01 Hout - stelkozijn,01 eerste verdieping,True
3Y6cgtY0rEBQUJPUx_aPRF,IfcWindow,merk M,,,E21A6AB7-880D-4E2D-A793-65EEFE9196CF,R1 18,01 eerste verdieping,True
3MrGY57rjE4Owj5UJO3Umk,IfcWindow,stelkozijn,,,D6D50885-1F5B-4E11-8EAD-15E4D80DEC2E,01 plaatmateriaal - multiplex,01 eerste verdieping,True
1IYBmrd2H8ihMtKIvfnjz0,IfcWindow,stelkozijn,,,5288BC35-9C24-48B2-B5B7-512E69C6DF40,01 Hout - stelkozijn,01 eerste verdieping,True
3vvdwTEwn8XfzKTKW82ej4,IfcWindow,stelkozijn,,,F9E67E9D-3BAC-4886-9F54-7548080A8B44,01 plaatmateriaal - multiplex,01 eerste verdieping,True
2M$dfAAj90C9cPQZXqCaMP,IfcWindow,stelkozijn,,,96FE7A4A-2AD2-4030-9999-6A3874324599,01 Hout - stelkozijn,01 eerste verdieping,True
2$5nWI0fL8zwtrwndfa9MN,IfcWindow,merk B2-R,,,BF171812-0295-48F7-ADF5-EB19E9909597,R1 18,01 eerste verdieping,True
1YokH0mfn7782tC$kkBV9N,IfcWindow,stelkozijn,,,62CAE440-C29C-471C-80B7-33FBAE2DF257,01 plaatmateriaal - multiplex,01 eerste verdieping,True
1drJr9gifENhdb9tpZx1m6,IfcWindow,stelkozijn,,,67D53D49-AACA-4E5E-B9E5-277CE3EC1C06,01 Hout - stelkozijn,01 eerste verdieping,True
3Qds1Ttm57nPXC1iJ$aE$M,IfcWindow,stelkozijn,,,DA9F605D-DF01-47C5-984C-06C4FF90EFD6,01 plaatmateriaal - multiplex,01 eerste verdieping,True
3OOESiHE9Cng4Bb4pE0UY6,IfcWindow,stelkozijn,,,D860E72C-44E2-4CC6-A10B-944CCE01E886,01 Hout - stelkozijn,01 eerste verdieping,True
1nalLUQ2z9_wBIkbXwMz6_,IfcWindow,merk Lsp-R,,,7192F55E-682F-49FB-A2D2-BA587A5BD1BE,R1 18,01 eerste verdieping,True
0l79Hol6v6XBNPQpgDR__D,IfcWindow,merk L-R,,,2F1C9472-BC6E-4684-B5D9-6B3A8D6FEF8D,R1 18,01 eerste verdieping,True
3oAFxBcTz9oeraTpYdYjN5,IfcWindow,merk L-R,,,F228FECB-99DF-49CA-8D64-7738A78AD5C5,R1 18,01 eerste verdieping,True
3BudmayvDEg9diXrrDKJ0K,IfcWindow,merk Lsp-R,,,CBE27C24-F393-4EA8-99EC-875D4D513014,R1 18,01 eerste verdieping,True
3zP$yy82X1zQpQLI8ob4xL,IfcWindow,merk G,,,FD67FF3C-2028-41F5-ACDA-552232944ED5,R2 stolp 18,01 eerste verdieping,True
0rgvpCJSX1cOzYjSKRiBzu,IfcWindow,merk G,,,35AB9CCC-4DC8-4199-8F62-B5C51BB0BF78,R2 stolp 18,01 eerste verdieping,True
0U9_x2D65DmwQy5m_Q35Ne,IfcWindow,stelkozijn,,,1E27EEC2-3461-4DC3-A6BC-170F9A0C55E8,01 Hout - stelkozijn,01 eerste verdieping,True
1MAxgv_XP6ZQ97AQrkDyrt,IfcWindow,stelkozijn,,,562BBAB9-FA16-468D-A247-29AD6E37CD77,01 plaatmateriaal - multiplex,01 eerste verdieping,True
0HiNZtHwPCJuXK3YsKm49z,IfcWindow,stelkozijn,,,11B178F7-47A6-4C4F-8854-0E2D94C0427D,01 Hout - stelkozijn,01 eerste verdieping,True
25P1FLrhb43ONVrD2L840O,IfcWindow,stelkozijn,,,856413D5-D6B9-440D-85DF-D4D095204018,01 plaatmateriaal - multiplex,01 eerste verdieping,True
2PKnB$Yrb4QPj4dii4Mh9J,IfcWindow,stelkozijn,,,995312FF-8B59-4469-9B44-9ECB045AB253,01 plaatmateriaal - multiplex,02 tweede verdieping,True
305UsCgOr5d9qsncJ$8RVN,IfcWindow,stelkozijn,,,C015ED8C-A98D-459C-9D36-C664FF21B7D7,01 Hout - stelkozijn,02 tweede verdieping,True
0sS$ynhr12VfVoUHJgHL8n,IfcWindow,stelkozijn,,,3673FF31-AF50-427E-97F2-7914EA455231,01 Hout - stelkozijn,02 tweede verdieping,True
1D6XPjH$jCMBVPpXzrBrBh,IfcWindow,merk Csp-R,,,4D1A166D-47FB-4C58-B7D9-CE1F752F52EB,R1 18,02 tweede verdieping,True
0Yp5qy$a5C1OAOYHZOB8II,IfcWindow,stelkozijn,,,22CC5D3C-FE41-4C05-8298-8918D82C8492,01 plaatmateriaal - multiplex,02 tweede verdieping,True
0_$NSu2evBVeFZQgjiEuAx,IfcWindow,merk C-R,,,3EFD7738-0A8E-4B7E-83E3-6AAB6C3B82BB,R1 18,02 tweede verdieping,True
11$JW3xLX2xA3HAKDO$V4x,IfcWindow,stelkozijn,,,41FD3803-ED58-42EC-A0D1-294358FDF13B,01 plaatmateriaal - multiplex,02 tweede verdieping,True
32FFCa8B198P$NJwP8hwgu,IfcWindow,stelkozijn,,,C23CF324-20B0-4921-9FD7-4FA648AFAAB8,01 Hout - stelkozijn,02 tweede verdieping,True
2oDI2uiQHDBf119Ffbq8pl,IfcWindow,stelkozijn,,,B23520B8-B1A4-4D2E-9041-24FA65D08CEF,01 plaatmateriaal - multiplex,02 tweede verdieping,True
1wlI6JqsLEOhCsZqoJuwxZ,IfcWindow,stelkozijn,,,7ABD2193-D365-4E62-B336-8F4C93E3AEE3,01 Hout - stelkozijn,02 tweede verdieping,True
2JBh8Xn6DDFfR$iL4REVIO,IfcWindow,merk Csp,,,932EB221-C463-4D3E-96FF-B1511B39F498,R1 18,02 tweede verdieping,True
23hLVZfJz6LAZH1fYDmUwS,IfcWindow,stelkozijn,,,83AD57E3-A53F-4654-A8D1-06988DC1EE9C,01 plaatmateriaal - multiplex,02 tweede verdieping,True
0co_SMokj9s9Ux6ep1NuBV,IfcWindow,stelkozijn,,,26CBE716-CAEB-49D8-97BB-1A8CC15F82DF,01 Hout - stelkozijn,02 tweede verdieping,True
2NlbpQJhX57A98fAICSHEw,IfcWindow,stelkozijn,,,97BE5CDA-4EB8-451C-A248-A4A48C7113BA,01 plaatmateriaal - multiplex,02 tweede verdieping,True
2_cZuNiRL9_POUhd7yFcwr,IfcWindow,stelkozijn,,,BE9A3E17-B1B5-49F9-961E-AE71FC3E6EB5,01 Hout - stelkozijn,02 tweede verdieping,True
3h8HoOyCv3LAYN5dc$49X5,IfcWindow,merk Csp-R,,,EB211C98-F0CE-4354-A897-1679BF109845,R1 18,02 tweede verdieping,True
1m4nE1pPr2b8wIfR9a_VVL,IfcWindow,stelkozijn,,,70131381-CD9D-4294-8E92-A5B264F9F7D5,01 plaatmateriaal - multiplex,02 tweede verdieping,True
1wEE7IMAj3ZewoallFdW$w,IfcWindow,stelkozijn,,,7A38E1D2-58AB-438E-8EB2-92FBCF9E0FFA,01 Hout - stelkozijn,02 tweede verdieping,True
3rQ8vxEjf7ChTPNEIHZubP,IfcWindow,stelkozijn,,,F5688E7B-3ADA-4732-B759-5CE4918F8959,01 plaatmateriaal - multiplex,02 tweede verdieping,True
0If$3rc9P57xz4jVBVFnR1,IfcWindow,stelkozijn,,,12A7F0F5-9896-451F-BF44-B5F2DF3F16C1,01 Hout - stelkozijn,02 tweede verdieping,True
0NDCKOxXf8aw$lz$AzvqxX,IfcWindow,merk Csp-R,,,1734C518-EE1A-4893-AFEF-F7F2BDE74EE1,R1 18,02 tweede verdieping,True
0ijouLVuz4qOaWI8eCDmYZ,IfcWindow,stelkozijn,,,2CB72E15-7F8F-44D1-8920-488A0C3708A3,01 plaatmateriaal - multiplex,02 tweede verdieping,True
2R58Jw87jDCevbnOC3rmac,IfcWindow,stelkozijn,,,9B1484FA-207B-4D32-8E65-C58303D70926,01 Hout - stelkozijn,02 tweede verdieping,True
2$V3GlXWDFa9ozTMOGOymq,IfcWindow,merk C-R,,,BF7C342F-8603-4F90-9CBD-75661063CC34,R1 18,02 tweede verdieping,True
3jpBco5Of4g9v0dMt1k4Gs,IfcWindow,merk C,,,EDCCB9B2-158A-44A8-9E40-9D6DC1B84436,R1 18,02 tweede verdieping,True
1HMWw8mcr1KOvkIr0tFQMU,IfcWindow,stelkozijn,,,515A0E88-C26D-4151-8E6E-4B50373DA59E,01 Hout - stelkozijn,02 tweede verdieping,True
0KhPVJu4P3A9E4zoWFJz0w,IfcWindow,stelkozijn,,,14AD97D3-E046-4328-9384-F7280F4FD03A,01 plaatmateriaal - multiplex,02 tweede verdieping,True
1q3tRNJXP28AT4_Y9XviYV,IfcWindow,stelkozijn,,,740F76D7-4E16-4220-A744-FA2261E6C89F,01 Hout - stelkozijn,02 tweede verdieping,True
3chKGarqH0KuFJTVdW349F,IfcWindow,stelkozijn,,,E6AD4424-D744-4053-83D3-75F9E00C424F,01 plaatmateriaal - multiplex,02 tweede verdieping,True
21DYv1qCP5FOPMzDf2BdGU,IfcWindow,stelkozijn,,,81362E41-D0C6-453D-8656-F4DA422E741E,01 Hout - stelkozijn,02 tweede verdieping,True
1qR9Yh4uT2M8QYv5il00VU,IfcWindow,stelkozijn,,,746C98AB-1387-4258-86A2-E45B2F0007DE,01 plaatmateriaal - multiplex,02 tweede verdieping,True
1czSEvfOzE4Oi_LLlJxhyd,IfcWindow,stelkozijn,,,66F5C3B9-A58F-4E11-8B3E-555BD3EEBF27,01 Hout - stelkozijn,02 tweede verdieping,True
3BOPbUZ1T5Ug2zkGHwafoi,IfcWindow,stelkozijn,,,CB61995E-8C17-457A-A0BD-B9047A929CAC,01 plaatmateriaal - multiplex,02 tweede verdieping,True
3fi85$zLn2ghOSoxhxMJYO,IfcWindow,stelkozijn,,,E9B0817F-F55C-42AA-B61C-CBBAFB593898,01 Hout - stelkozijn,02 tweede verdieping,True
3IqSuYSFHADuKaAsofIt9x,IfcWindow,stelkozijn,,,D2D1CE22-70F4-4A37-8524-2B6CA94B727B,01 plaatmateriaal - multiplex,02 tweede verdieping,True
1DGTGmOMj8AvihClKJPKCD,IfcWindow,stelkozijn,,,4D41D430-616B-482B-9B2B-32F51365430D,01 Hout - stelkozijn,02 tweede verdieping,True
1SPXkEO_f5xPavTXTLbPI$,IfcWindow,stelkozijn,,,5C661B8E-63EA-45ED-9939-7617559594BF,01 plaatmateriaal - multiplex,02 tweede verdieping,True
2swgU59GXB_xDlq7OzgSpv,IfcWindow,stelkozijn,,,B6EAA785-2508-4BFB-B36F-D0763DA9CCF9,01 plaatmateriaal - multiplex,02 tweede verdieping,True
11ycc28Dr4oepXoXW_NnL6,IfcWindow,stelkozijn,,,41F26982-20DD-44CA-8CE1-CA183E5F1546,01 Hout - stelkozijn,02 tweede verdieping,True
2CT4vuDHz80BzUCFoJ0LTI,IfcWindow,merk C-R,,,8C744E78-351F-4800-BF5E-30FC93015752,R1 18,02 tweede verdieping,True
3W9VqGRgr09fcNbT79krnR,IfcWindow,merk Csp-R,,,E025FD10-6EAD-4026-9997-95D1C9BB5C5B,R1 18,02 tweede verdieping,True
3RrFw8EAf1GRoBD_pVEc41,IfcWindow,stelkozijn,,,DBD4FE88-38AA-4141-BC8B-37ECDF3A6101,01 Hout - stelkozijn,02 tweede verdieping,True
1Hjs_P2aXCOPI7_$2kdF6v,IfcWindow,stelkozijn,,,51B76F99-0A48-4C61-9487-FBF0AE9CF1B9,01 plaatmateriaal - multiplex,02 tweede verdieping,True
35s4FHAyjB4RwDF8g0$JwM,IfcWindow,stelkozijn,,,C5D843D1-2BCB-4B11-BE8D-3C8A80FD3E96,01 plaatmateriaal - multiplex,02 tweede verdieping,True
33HuU010bEdBTNffikwk7C,IfcWindow,stelkozijn,,,C3478780-0409-4E9C-B757-A69B2EEAE1CC,01 Hout - stelkozijn,02 tweede verdieping,True
3YghERoAfAiunwtuKsXi69,IfcWindow,merk Csp,,,E2AAB39B-C8AA-4AB3-8C7A-DF853686C189,R1 18,02 tweede verdieping,True
3dxXVt7mz5yQHgR4nKqxCm,IfcWindow,stelkozijn,,,E7EE17F7-1F0F-45F1-A46A-6C4C54D3B330,01 plaatmateriaal - multiplex,02 tweede verdieping,True
1ZvjfnAcr7VueX4qTg5Ajj,IfcWindow,stelkozijn,,,63E6DA71-2A6D-477F-8A21-13476A14AB6D,01 Hout - stelkozijn,02 tweede verdieping,True
2OraOVIKPAOg8rJoQjQczk,IfcWindow,stelkozijn,,,98D6461F-4946-4A62-A235-4F26AD6A6F6E,01 plaatmateriaal - multiplex,02 tweede verdieping,True
0w67SppZj5MvHkxZnft01E,IfcWindow,stelkozijn,,,3A187733-CE3B-455B-946E-EE3C69DC004E,01 Hout - stelkozijn,02 tweede verdieping,True
2VSPey61T9RB_q$osXbLMV,IfcWindow,merk C,,,9F719A3C-1817-496C-BFB4-FF2DA195559F,R1 18,02 tweede verdieping,True
2Fr_G_D5z2SQ4zYSECOkbO,IfcWindow,stelkozijn,,,8FD7E43E-345F-4271-A13D-89C38C62E958,01 plaatmateriaal - multiplex,02 tweede verdieping,True
1WF0f7xan32xUC_zu0m2Yd,IfcWindow,stelkozijn,,,603C0A47-EE4C-430B-B78C-FBDE00C028A7,01 Hout - stelkozijn,02 tweede verdieping,True
39mUraBw56_gD25yTzysZW,IfcWindow,stelkozijn,,,C9C1ED64-2FA1-46FA-A342-17C77DF368E0,01 plaatmateriaal - multiplex,02 tweede verdieping,True
171wovydf4b8htV6pg$TFJ,IfcWindow,stelkozijn,,,4707ACB9-F27A-4494-8AF7-7C6CEAFDD3D3,01 Hout - stelkozijn,02 tweede verdieping,True
1BecTfmYnDMvo6swvRkssx,IfcWindow,merk Csp,,,4BA26769-C22C-4D5B-9C86-DBAE5BBB6DBB,R1 18,02 tweede verdieping,True
0EHGvEFwz0_OPzoNWThJC6,IfcWindow,stelkozijn,,,0E450E4E-3FAF-40F9-867D-C9781DAD3306,01 plaatmateriaal - multiplex,02 tweede verdieping,True
1f7zMqweP0kuzgAoVzEWut,IfcWindow,stelkozijn,,,691FD5B4-EA86-40BB-8F6A-2B27FD3A0E37,01 Hout - stelkozijn,02 tweede verdieping,True
2lt7ZnqNjDs9E2NE_fHF_4,IfcWindow,stelkozijn,,,AFDC78F1-D17B-4DD8-9382-5CEFA944FF84,01 plaatmateriaal - multiplex,02 tweede verdieping,True
05CYtgzRz4DxcXy88RuGvo,IfcWindow,stelkozijn,,,05322DEA-F5BF-4437-B9A1-F0821BE10E72,01 Hout - stelkozijn,02 tweede verdieping,True
1fI1NXTpj7BxFTmw5$kjhb,IfcWindow,merk C,,,694815E1-773B-472F-B3DD-C3A17FBADAE5,R1 18,02 tweede verdieping,True
2zVo1VURr81P4zGfpGNjd9,IfcWindow,stelkozijn,,,BD7F205F-79BD-4805-913D-429CD05ED9C9,01 plaatmateriaal - multiplex,02 tweede verdieping,True
0mPuDc5FT2YhFju_2TJR5L,IfcWindow,stelkozijn,,,30678366-14F7-428A-B3ED-E3E09D4DB155,01 Hout - stelkozijn,02 tweede verdieping,True
32SyG2XEDDDhMCQmPD9LrL,IfcWindow,stelkozijn,,,C273C402-84E3-4D36-B58C-6B064D255D55,01 plaatmateriaal - multiplex,02 tweede verdieping,True
2blRi3iY12ng6i9rcsih4e,IfcWindow,stelkozijn,,,A5BDBB03-B220-42C6-A1AC-2759B6B2B128,01 Hout - stelkozijn,02 tweede verdieping,True
0e582X10f8qQO1eTOH2xCn,IfcWindow,dakkoepel 1000x,,,281480A1-040A-48D1-A601-A1D6110BB331,01 Hout - dak,02 tweede verdieping,True
178Zovd$P9MeTHI2jV$s2n,IfcWindow,merk Dsp,,,47223CB9-9FF6-495A-8751-482B5FFF60B1,R1 18,03 derde verdieping,True
3ZKKU$3lPCq8PEyTGjaGdU,IfcWindow,merk K,,,E35147BF-0EF6-4CD0-864E-F1D42D9109DE,R1 18,03 derde verdieping,True
3kTNDXm3L6jgBFZ2taLcKJ,IfcWindow,merk Ksp,,,EE757361-C035-46B6-A2CF-8C2DE4566513,R1 18,03 derde verdieping,True
30Awpp2EX78eiSUY7FvQt3,IfcWindow,merk Ksp,,,C02BACF3-08E8-4722-8B1C-7A21CFE5ADC3,R1 18,03 derde verdieping,True
0xmEoRha9E$xhaP7dhI3oe,IfcWindow,merk K,,,3BC0EC9B-AE42-4EFF-BAE4-6479EB483CA8,R1 18,03 derde verdieping,True
3vBRjYZSX1a8J6d0CTn4Yh,IfcWindow,merk K,,,F92DBB62-8DC8-4190-84C6-9C031DC448AB,R1 18,03 derde verdieping,True
2KiBBLKs133RJOEnn$kg25,IfcWindow,merk Dsp,,,94B0B2D5-5360-430D-B4D8-3B1C7FBAA085,R1 18,03 derde verdieping,True
2boqH8yCb7me06TlnJm870,IfcWindow,merk D,,,A5CB4448-F0C9-47C2-8006-76FC53C081C0,R1 18,03 derde verdieping,True
2GoKiXXxrC7g4IPoyQPZ2t,IfcWindow,merk J,,,90C94B21-87BD-4C1E-A112-672F1A6630B7,14047_raam_topgevel,03 derde verdieping,True
1vWdN2kyHCyOFb8jrE1QwS,IfcWindow,merk Jsp,,,798275C2-BBC4-4CF1-83E5-22DD4E05AE9C,14047_raam_topgevel,03 derde verdieping,True
2EqkVNVRnBUvQjRlN4tm$r,IfcWindow,merk J,,,8ED2E7D7-7DBC-4B7B-96AD-6EF5C4DF0FF5,14047_raam_topgevel,03 derde verdieping,True
266hPy3$L5vfMXcAOOFF6p,IfcWindow,merk Jsp,,,861AB67C-0FF5-45E6-95A1-98A6183CF1B3,14047_raam_topgevel,03 derde verdieping,True
15m0CeBGfECerYsUDbEOge,IfcWindow,velux K08,,,45C00328-2D0A-4E32-8D62-D9E365398AA8,Hout C,03 derde verdieping,True
0qOSzz4qrCIO8I0BFBBwg9,IfcWindow,velux K08,,,3461CF7D-134D-4C49-8212-00B3CB2FAA89,Hout C,03 derde verdieping,True
3Wp4aZh5H6qPRVFtOem3_A,IfcWindow,velux K08,,,E0CC4923-AC54-46D1-96DF-3F7628C03F8A,Hout C,03 derde verdieping,True
11RySdoR58kP5miKc_WA6F,IfcWindow,velux K08,,,416FC727-C9B1-48B9-9170-B149BE80A18F,Hout C,03 derde verdieping,True
0_f7yvHAD4nwZoIARNjl1v,IfcWindow,dakkoepel 1000x,,,3EA47F39-44A3-44C7-A8F2-48A6D7B6F079,01 Hout - dak,04 dak,True
187USFh2r5cOPBWBpNJgHJ,IfcWindow,dakkoepel 1000x,,,481DE70F-AC2D-4599-864B-80BCD74EA453,01 Hout - dak,04 dak,True
3wi$IxEnzE7PY_Fz$GwcQX,IfcWindow,dakkoepel 1000x,,,FAB3F4BB-3B1F-4E1D-98BE-3FDFD0EA66A1,01 Hout - dak,04 dak,True
3kikpo5Zf9XQWnNfyl$b3h,IfcWindow,dakkoepel 1000x,,,EEB2ECF2-163A-4985-A831-5E9F2FFE50EB,01 Hout - dak,04 dak,True
1oUqZKaXTFE9XEtTIlzoKi,IfcWindow,dakkoepel 1000x,,,727B48D4-9217-4F38-984E-DDD4AFF7252C,01 Hout - dak,04 dak,True
32VIvm2_P7AQHfabzfmEqI,IfcDistributionElement,vent. rooster,,,C27D2E70-0BE6-4729-A469-925F69C0ED12,IFC_ventilatierooster_Ducomax_Corto_20_ZR 206 x 105,00 begane grond,True
1Dy5mWBn93FBoTxey7DIVO,IfcDistributionElement,vent. rooster,,,4DF05C20-2F12-433C-BC9D-EE8F073527D8,IFC_ventilatierooster_Ducomax_Corto_20_ZR 206 x 105,00 begane grond,True
2eMdrGtAjDdfViY3DsFDZ2,IfcDistributionElement,vent. rooster,,,A85A7D50-DCAB-4D9E-97EC-8833763CD8C2,IFC_ventilatierooster_Ducomax_Corto_20_ZR 206 x 105,00 begane grond,True
36VbipjFXB5hjKJidDw3EL,IfcDistributionElement,vent. rooster,,,C67E5B33-B4F8-4B16-BB54-4EC9CDE83395,IFC_ventilatierooster_Ducomax_Corto_20_ZR 206 x 105,00 begane grond,True
3szCuhD_fEyPEluEz9S5xk,IfcDistributionElement,vent. rooster,,,F6F4CE2B-37EA-4EF1-93AF-E0EF49705EEE,IFC_ventilatierooster_DucoFIT_50_ZR 80 x 88,02 tweede verdieping,True
0h_GtoGPr7Te1gKRmbOxsh,IfcDistributionElement,vent. rooster,,,2BF90DF2-419D-4776-806A-51BC2563BDAB,IFC_ventilatierooster_DucoFIT_50_ZR 80 x 88,02 tweede verdieping,True
1$4MpIzlf8jAtXYKS1uXr5,IfcDistributionElement,vent. rooster,,,7F116CD2-F6FA-48B4-ADE1-894701E21D45,IFC_ventilatierooster_DucoFIT_50_ZR 80 x 88,02 tweede verdieping,True
12w8RHXib5xO2eopGOE0eP,IfcDistributionElement,vent. rooster,,,42E886D1-86C9-45ED-80A8-CB3418380A19,IFC_ventilatierooster_DucoFIT_50_ZR 80 x 88,02 tweede verdieping,True
3flVVUsffAPeRW4B67OHos,IfcDistributionElement,vent. rooster,,,E9BDF7DE-DA9A-4A66-86E0-10B187611CB6,IFC_ventilatierooster_DucoFIT_50_ZR 80 x 88,02 tweede verdieping,True
33u1o6Tw93B803FsLjs6QE,IfcDistributionElement,vent. rooster,,,C3E01C86-77A2-432C-8003-3F656DD8668E,IFC_ventilatierooster_DucoFIT_50_ZR 80 x 88,02 tweede verdieping,True
0qGzDLWC1FxvHoBokp6VgM,IfcDistributionElement,vent. rooster,,,3443D355-80C0-4FEF-9472-2F2BB319FA96,IFC_ventilatierooster_DucoFIT_50_ZR 80 x 88,02 tweede verdieping,True
0zY7noGvnFMvxM5kksFnBW,IfcDistributionElement,vent. rooster,,,3D887C72-439C-4F5B-9ED6-16EBB63F12E0,IFC_ventilatierooster_DucoFIT_50_ZR 80 x 88,02 tweede verdieping,True
2CvI2yl2nBeP5ONcMYz18L,IfcDistributionElement,vent. rooster,,,8CE520BC-BC2C-4BA1-9158-5E65A2F41215,IFC_ventilatierooster_DucoFIT_50_ZR 80 x 88,02 tweede verdieping,True
3Ttf7liDj6SPvSoI_zkbnL,IfcFlowSegment,hwa afvoer,,,DDDE91EF-B0DB-4671-9E5C-C92FBDBA5C55,04 Zink,00 begane grond,True
3DJjU8G6j1xODAbQVxIUQz,IfcFlowSegment,hwa afvoer,,,CD4ED788-406B-41ED-834A-95A7FB49E6BD,04 Zink,00 begane grond,True
3_yySJMP582fcSudu7WG0W,IfcFlowSegment,hwa afvoer,,,FEF3C713-5991-480A-999C-E27E07810020,04 Zink,00 begane grond,True
0bt_nRQyfDN8YfRjsoVHLW,IfcFlowSegment,hwa afvoer,,,25DFEC5B-6BCA-4D5C-88A9-6EDDB27D1560,04 Zink,00 begane grond,True
2A3YfFTA5FVRfe_MB_nN8Y,IfcFlowSegment,hwa afvoer,,,8A0E2A4F-74A1-4F7D-BA68-F962FEC57222,04 Zink,00 begane grond,True
2s5KYyjjr3VRqGnqBGzSMO,IfcFlowSegment,hwa afvoer,,,B61548BC-B6DD-437D-BD10-C742D0F5C598,04 Zink,00 begane grond,True
1McJJLXTj2egVhpYy4cxHf,IfcFlowSegment,hwa afvoer,,,569934D5-85DB-42A2-A7EB-CE2F049BB469,04 Zink,00 begane grond,True
2u6ZYt7vL1ThY38prh4L0N,IfcFlowSegment,hwa afvoer,,,B81A38B7-1F95-4176-B883-233D6B115017,04 Zink,00 begane grond,True
1I90gZziP7BB4tkb71SiN_,IfcFlowSegment,hwa afvoer,,,52240AA3-F6C6-472C-B137-BA51C172C5FE,04 Zink,00 begane grond,True
1_mHNiuEP9pQJThHBOqS0E,IfcFlowSegment,hwa afvoer,,,7EC115EC-E0E6-49CD-A4DD-AD12D8D1C00E,04 Zink,00 begane grond,True
1KOkShUpTCM9jhwtC2kwW7,IfcFlowSegment,hwa afvoer,,,5462E72B-7B37-4C58-9B6B-EB7302BBA807,04 Zink,00 begane grond,True
0Y3_lHjebCGOW575Szydvz,IfcFlowSegment,hwa afvoer,,,220FEBD1-B689-4C41-8805-1C573DF27E7D,04 Zink,00 begane grond,True
0uQJf1Dj5C1BpqeoHKcCKk,IfcFlowSegment,hwa afvoer,,,38693A41-36D1-4C04-BCF4-A3245498C52E,04 Zink,00 begane grond,True
2YmrFRegP1RRAmn3cnKJ_$,IfcFlowSegment,hwa afvoer,,,A2C353DB-A2A6-416D-B2B0-C439B1513FBF,04 Zink,00 begane grond,True
1rCOY$Fcz4Nf1MoezOatqz,IfcFlowSegment,hwa afvoer,,,753188BF-3E6F-445E-9056-CA8F58937D3D,04 Zink,00 begane grond,True
0OTSekFTLESAzmO_ZsE2n5,IfcFlowSegment,hwa afvoer,,,1875CA2E-3DD5-4E70-AF70-63E8F6382C45,04 Zink,01 eerste verdieping,True
1Nm9StVgTEQQGB5WOal1si,IfcFlowSegment,hwa afvoer,,,57C09737-7EA7-4E69-A40B-160624BC1DAC,04 Zink,01 eerste verdieping,True
2HMWkpCs1EGgeWQMs4GRiK,IfcFlowSegment,hwa afvoer,,,915A0BB3-3360-4E42-AA20-696D8441BB14,04 Zink,01 eerste verdieping,True
2$ccYjoh9CDRh6W789edSj,IfcFlowSegment,hwa afvoer,,,BF9A68AD-CAB2-4C35-BAC6-807209A2772D,04 Zink,01 eerste verdieping,True
1FFSqVKmL0Xwtx0P57fGxq,IfcFlowSegment,hwa afvoer,,,4F3DCD1F-5305-4087-ADFB-019147A50EF4,04 Zink,01 eerste verdieping,True
3nUvT4p0D6ae2oqX84OWGo,IfcFlowSegment,hwa afvoer,,,F17B9744-CC03-4692-80B2-D21204620432,04 Zink,01 eerste verdieping,True
2jYQXMJuj2hBq3zWh7wY__,IfcFlowSegment,hwa afvoer,,,AD89A856-4F8B-42AC-BD03-F60AC7EA2FBE,04 Zink,01 eerste verdieping,True
3iYQkCuxz2nwxpnW8$kdHE,IfcFlowSegment,hwa afvoer,,,EC89AB8C-E3BF-42C7-AEF3-C6023FBA744E,04 Zink,01 eerste verdieping,True
3jHuEG8Db8cvhVT1EF7oKr,IfcFlowSegment,hwa afvoer,,,ED478390-20D9-489B-9ADF-74138F1F2535,04 Zink,01 eerste verdieping,True
1YDmI78iP77BltH6f4ilkF,IfcFlowSegment,hwa afvoer,,,62370487-22C6-471C-BBF7-446A44B2FB8F,04 Zink,01 eerste verdieping,True
0zBScffkjCvxXQOLMo_hrw,IfcFlowSegment,hwa afvoer,,,3D2DC9A9-A6EB-4CE7-B85A-6155B2FABD7A,04 Zink,01 eerste verdieping,True
2sgXLd7aX299FqEO35m2dC,IfcFlowSegment,hwa afvoer,,,B6AA1567-1E48-4224-93F4-3980C5C029CC,04 Zink,01 eerste verdieping,True
3xnwkpT09ARgpWP_pMglGg,IfcFlowSegment,hwa afvoer,,,FBC7ABB3-7402-4A6E-ACE0-67ECD6AAF42A,04 Zink,01 eerste verdieping,True
03BUw3rjn7Oh2DfUkYYjLd,IfcFlowSegment,hwa afvoer,,,032DEE83-D6DC-4762-B08D-A5EBA28AD567,04 Zink,01 eerste verdieping,True
0U11HnEL99k90SlEVMnNnK,IfcFlowSegment,hwa afvoer,,,1E041471-3952-49B8-901C-BCE7D6C57C54,04 Zink,01 eerste verdieping,True
1oqNG_QbD67uryAYo4g_TG,IfcFlowSegment,hwa afvoer,,,72D1743E-6A53-461F-8D7C-2A2C84ABE750,04 Zink,01 eerste verdieping,True
0V9vf9b_v9yxdM73PwoSw5,IfcFlowSegment,hwa afvoer,,,1F279A49-97EE-49F3-B9D6-1C367AC9CE85,04 Zink,01 eerste verdieping,True
2MNbRX9HX0nOm5SZzCNN_V,IfcFlowSegment,hwa afvoer,,,965E56E1-2518-40C5-8C05-723F4C5D7F9F,04 Zink,01 eerste verdieping,True
1_4XnDhBHBEeryMM9w_l$s,IfcFlowSegment,hwa afvoer,,,7E121C4D-ACB4-4B3A-8D7C-59627AFAFFF6,04 Zink,01 eerste verdieping,True
0lEDNj8hX6Tgm5mUGyL6oh,IfcFlowSegment,hwa afvoer,,,2F38D5ED-22B8-4676-AC05-C1E43C546CAB,04 Zink,01 eerste verdieping,True
0$Rh2Tkb9BbvQQF52csf1G,IfcFlowSegment,hwa afvoer,,,3F6EB09D-BA52-4B97-969A-3C50A6DA9050,04 Zink,01 eerste verdieping,True
3IisbUHgj3QAJddoFYsEyh,IfcFlowSegment,hwa afvoer,,,D2B3695E-46AB-4368-A4E7-9F23E2D8EF2B,04 Zink,01 eerste verdieping,True
0JovkDc9n7kfNykscy2OB_,IfcFlowSegment,hwa afvoer,,,13CB9B8D-989C-47BA-95FC-BB69BC0982FE,04 Zink,01 eerste verdieping,True
2GfECyL1jFqgq1jkTVEHXo,IfcFlowSegment,hwa afvoer,,,90A4E33C-541B-4FD2-AD01-B6E75F391872,04 Zink,01 eerste verdieping,True
0jtXGehPf0Cgo9ReyUUw8R,IfcFlowSegment,hwa afvoer,,,2DDE1428-AD9A-4032-AC89-6E8F1E7BA21B,04 Zink,02 tweede verdieping,True
0LMb4c46D8oe3rX6bF$mNd,IfcFlowSegment,hwa afvoer,,,155A5126-1063-48CA-80F5-84694FFF05E7,04 Zink,02 tweede verdieping,True
3YxBaA7v16xxgsGypJspiE,IfcFlowSegment,hwa afvoer,,,E2ECB90A-1F90-46EF-BAB6-43CCD3DB3B0E,04 Zink,02 tweede verdieping,True
3C1gzdB750kRwYK1jrEb7d,IfcFlowSegment,hwa afvoer,,,CC06AF67-2C71-40B9-BEA2-501B753A51E7,04 Zink,02 tweede verdieping,True
3y0Q0TtNfB5wlipupt6$f4,IfcFlowSegment,hwa afvoer,,,FC01A01D-DD7A-4B17-ABEC-CF8CF71BFA44,04 Zink,02 tweede verdieping,True
31dDV_Owj6NwBCsOlk1QjJ,IfcFlowSegment,hwa afvoer,,,C19CD7FE-63AB-465F-A2CC-D98BEE05AB53,04 Zink,02 tweede verdieping,True
02RZkCDMT1pQT78Sc01VQE,IfcFlowSegment,hwa afvoer,,,026E3B8C-3567-41CD-A747-21C98005F68E,04 Zink,02 tweede verdieping,True
1AA79hZ_X5PgOaJM4Gj1Gn,IfcFlowSegment,hwa afvoer,,,4A28726B-8FE8-4566-A624-4D6110B41431,04 Zink,02 tweede verdieping,True
14sKJNsc1BwPzoh7DvlUdm,IfcFlowSegment,hwa afvoer,,,44D944D7-DA60-4BE9-9F72-AC7379BDE9F0,04 Zink,02 tweede verdieping,True
3iSKR12Gv2qAcTVBG90U9l,IfcFlowSegment,hwa afvoer,,,EC7146C1-090E-42D0-A99D-7CB40901E26F,04 Zink,02 tweede verdieping,True
0f0vKgq5D02uQHm5HGkhDJ,IfcFlowSegment,hwa afvoer,,,2903952A-D053-400B-8691-C05450BAB353,04 Zink,02 tweede verdieping,True
0O8aPpHmX3ex1UP9YFpmi8,IfcFlowSegment,hwa afvoer,,,18224673-4708-43A3-B05E-64988FCF0B08,04 Zink,02 tweede verdieping,True
2nCsdBuFfETB3yr4ac8ftC,IfcFlowSegment,hwa afvoer,,,B13369CB-E0FA-4E74-B0FC-D44926229DCC,04 Zink,02 tweede verdieping,True
27Zn$pssXDvAbYrBvDzb$x,IfcFlowSegment,hwa afvoer,,,878F1FF3-DB68-4DE4-A962-D4BE4DF65FFB,04 Zink,02 tweede verdieping,True
0Opm7c2Y1CsR51HkQQICul,IfcFlowSegment,hwa afvoer,,,18CF01E6-0A20-4CD9-B141-46E69A48CE2F,04 Zink,02 tweede verdieping,True
2rTC2RJBT1fRmoeGpoZ0Ql,IfcFlowSegment,hwa afvoer,,,B574C09B-4CB7-41A5-BC32-A10CF28C06AF,04 Zink,02 tweede verdieping,True
2bGXF6Haz7CQggTMZpU$GC,IfcFlowSegment,hwa afvoer,,,A54213C6-464F-4731-AAAA-7568F37BF40C,04 Zink,02 tweede verdieping,True
0PvQtOU_9AeeHhxSwk9qS9,IfcFlowSegment,hwa afvoer,,,19E5ADD8-7BE2-4AA2-846B-EDCEAE274709,04 Zink,02 tweede verdieping,True
0nftMTZOf4Oxe95_aPgk7X,IfcFlowSegment,hwa afvoer,,,31A7759D-8D8A-4463-BA09-17E919AAE1E1,04 Zink,02 tweede verdieping,True
0iiT$Og5f1xvk26EXKfgVB,IfcFlowSegment,hwa afvoer,,,2CB1DFD8-A85A-41EF-9B82-18E854A6A7CB,04 Zink,02 tweede verdieping,True
3aeec9l$DBaepVRETomj9Y,IfcFlowSegment,hwa afvoer,,,E4A28989-BFF3-4B92-8CDF-6CE772C2D262,04 Zink,02 tweede verdieping,True
3V60v400XEBSLdGt9x8vAo,IfcOpeningElement,merk B1sp-R,,,DF180E44-0008-4E2D-C567-43727B2392B2,,00 begane grond,True
1pxF$WIrY17zECdxnWQm2P,IfcOpeningElement,merk B1sp,,,73ECFFE0-4B58-811F-D38C-9FBC606B0099,,00 begane grond,True
3ib8v8dl32P5kzhn6tXbk3,IfcOpeningElement,merk B1,,,EC948E48-9EF0-C264-5BBD-AF11B7865B83,,00 begane grond,True
3zAMENWkMpWjVZBUxGGlNb,IfcOpeningElement,merk A,,,FD296397-82E5-B382-D7E3-2DEED042F5E5,,00 begane grond,True
3WMY5krdz54lIOHbK6cg3o,IfcOpeningElement,merk F-R,,,E05A216E-D67F-4512-F498-4655069AA0F2,,00 begane grond,True
1OVySEmHFHdipc8tHw$JoP,IfcOpeningElement,merk F-R,,,587FC70E-C113-D19E-CCE6-23747AFD3C99,,00 begane grond,True
2GK2888FNUDebw1bXUxS3V,IfcOpeningElement,merk B1,,,90502208-20F5-DE36-897A-06585EEDC0DF,,00 begane grond,True
1LBU1tL8d9DEA9BhZ9gsuc,IfcOpeningElement,merk B1sp-R,,,552DE077-5489-C934-E289-2EB8C9AB6E26,,00 begane grond,True
1qrRkv3zXyuAMHWKz0fGJj,IfcOpeningElement,merk B1,,,74D5BBB9-0FD8-7CE0-A591-814F40A504ED,,00 begane grond,True
3P4AXXdMqDfySyU5JAVKQq,IfcOpeningElement,merk B1,,,D910A861-9D6D-0DA7-C73C-7854CA7D46B4,,00 begane grond,True
2YTu3steXE$WMJAsJFbg27,IfcOpeningElement,merk B1sp,,,A27780F6-DE88-4EFE-0593-2B64CF96A087,,00 begane grond,True
1slHY8IMUglWsYTrH3MaIp,IfcOpeningElement,merk A2sp,,,76BD1888-4967-AABE-0DA2-7754435A44B3,,00 begane grond,True
3Loz87W2QU8ZXxJvmvicsl,IfcOpeningElement,merk B1-R,,,D5CBD207-8026-9E22-387B-4F9C39B26DAF,,00 begane grond,True
3aaZ34vTqUdH_lsBbTmw$t,IfcOpeningElement,merk B1sp-R,,,E49230C4-E5DD-1E9D-1FAF-D8B95DC3AFF7,,00 begane grond,True
0IEPamUddvmzAprJOQn4F0,IfcOpeningElement,merk A1sp,,,12399930-7A79-F9C3-D2B3-D5361AC443C0,,00 begane grond,True
37zRds4ANdcvJxswLMHEbg,IfcOpeningElement,merk M,,,C7F5B9F6-10A5-E79B-94FB-DBA55644E96A,,00 begane grond,True
1E_dUDvmJWCU7qbEHGNUFL,IfcOpeningElement,merk E3-R,,,4EFA778D-E704-E031-E1F4-94E4505DE3D5,,00 begane grond,True
1og9YKWY_EFKLC9YltQRUm,IfcOpeningElement,merk B1,,,72A89894-822F-8E3D-454C-262BF769B7B0,,00 begane grond,True
1sNgiC090UdtFQO5npPFM2,IfcOpeningElement,merk B1sp,,,765EAB0C-0090-1E9F-73DA-605C7364F582,,00 begane grond,True
06pCH1SYZ4TC9sXztIUIP6,IfcOpeningElement,merk B1-R,,,06CCC441-7228-C474-C276-87DDD2792646,,00 begane grond,True
2l7rgQIFSfxzKkno1Hi5D1,IfcOpeningElement,merk B1sp-R,,,AF1F5A9A-48F7-29EF-D52E-C72051B05341,,00 begane grond,True
0zkPGJjLkL9gWCbwVvNqqA,IfcOpeningElement,merk B1,,,3DB99413-B55B-9526-A80C-97A7F95F4D0A,,00 begane grond,True
13Vvkc_yyjKxPao2AYC3C4,IfcOpeningElement,merk F-R,,,437F9BA6-FBCF-2D53-B664-C822A2303304,,00 begane grond,True
2FXfLj7BbJzgyZ2gjiLgfP,IfcOpeningElement,merk F-R,,,8F86956D-1CB9-53F6-AF23-0AAB6C56AA59,,00 begane grond,True
1HMu6$4nLPMJmbympAKWlh,IfcOpeningElement,merk A3,,,515B81BF-1315-5959-3C25-F30CCA520BEB,,00 begane grond,True
0fsr4AdIiOgBwzfZa28r_o,IfcOpeningElement,merk A6,,,29DB510A-9D2B-18A8-BEBD-A63902235FB2,,00 begane grond,True
06zXvol68ifaSN6A2MPov0,IfcOpeningElement,merk A5,,,06F61E72-BC62-2CA6-4717-18A096672E40,,00 begane grond,True
3tMTKSP5YJ505cjzpGpCoP,IfcOpeningElement,merk A3sp,,,F759D51C-6458-9314-0166-B7DCD0CCCC99,,01 eerste verdieping,True
2xicW6eU04O2vo5611eb6m,IfcOpeningElement,merk B2-R,,,BBB26806-A1E0-0460-2E72-146041A251B0,,01 eerste verdieping,True
0mwYDZf_8Aq2dXR0_oDKUO,IfcOpeningElement,merk A3,,,30EA2363-A7E2-0AD0-29E1-6C0FB2354798,,01 eerste verdieping,True
0Dyqt$xH7lsEsHVNLZyqpz,IfcOpeningElement,merk B2sp,,,0DF34DFF-ED11-EFD8-ED91-7D7563F34CFD,,01 eerste verdieping,True
0SlGRK9ZOVUK9BtaMmgD2V,IfcOpeningElement,merk B1-R,,,1CBD06D4-2636-1F79-424B-DE45B0A8D09F,,01 eerste verdieping,True
1ClSPLKbrtgzKnGghFJfRG,IfcOpeningElement,merk B1sp-R,,,4CBDC655-525D-77AB-D531-42AACF4E96D0,,01 eerste verdieping,True
0_CqIoZjW2apc6nSTYv2Dx,IfcOpeningElement,merk E1-R,,,3E3344B2-8ED8-0293-3986-C5C762E4237B,,01 eerste verdieping,True
1yiR6eAmST0jHLMQDwQyya,IfcOpeningElement,merk B1sp-R,,,7CB1B1A8-2B07-1D02-D455-59A37A6BCF24,,01 eerste verdieping,True
3GP9QYrbayq33qri5qyt2$,IfcOpeningElement,merk B1-R,,,D06496A2-D659-3CD0-30F4-D6C174F370BF,,01 eerste verdieping,True
2_5jthHi8DiV82sEu6QUir,IfcOpeningElement,merk E1-R,,,BE16DDEB-46C2-0DB1-F202-D8EE0669EB35,,01 eerste verdieping,True
2jT_OTjZM5odqgM7jd8Qq2,IfcOpeningElement,merk B1sp-R,,,AD77E61D-B635-85CA-7D2A-587B6721AD02,,01 eerste verdieping,True
02KjFhRcI7CVZwDi31Zx0O,IfcOpeningElement,merk B1-R,,,0252D3EB-6E64-8731-F8FA-36C0C18FB018,,01 eerste verdieping,True
3QHlZ2Unwl2_E63a5CXgc4,IfcOpeningElement,merk B1sp-R,,,DA46F8C2-7B1E-AF0B-E386-0E414C86A984,,01 eerste verdieping,True
3wQwZtXMIt8MY6jmRmfYts,IfcOpeningElement,merk M,,,FA6BA8F7-8564-B721-6886-B706F0A62DF6,,01 eerste verdieping,True
0E6im$l57EqHL09ReZxPHt,IfcOpeningElement,merk M,,,0E1ACC3F-BC51-CED1-1540-25BA23ED9477,,01 eerste verdieping,True
0GqtzXOkvIqfkJk8AbAagN,IfcOpeningElement,merk E4-R,,,10D37F61-62EE-52D2-9B93-B882A52A4A97,,01 eerste verdieping,True
2k7SwcvISjmPRfe9AnwmeV,IfcOpeningElement,merk B2-R,,,AE1DCEA6-E527-2DC1-96E9-A092B1EB0A1F,,01 eerste verdieping,True
0yeHirqI6mcF2qTQZ26WcN,IfcOpeningElement,Slab Opening,,,,,01 eerste verdieping,True
0u433U_mtqmy447tYAv_dE,IfcOpeningElement,Slab Opening,,,,,01 eerste verdieping,True
3FJMSSB3ATVembQhvKe9QY,IfcOpeningElement,Slab Opening,,,,,01 eerste verdieping,True
2ZPLYMlv$R69hry2mM7R2B,IfcOpeningElement,D8R,,,A3655896-BF9F-DB18-9AF5-F02C161DB08B,,01 eerste verdieping,True
1sQQnxp4yO4HQpeAeQHvRT,IfcOpeningElement,D7L,,,7669AC7B-CC4F-1811-16B3-A0AA1A4796DD,,01 eerste verdieping,True
3ccxvIHVc_Chr3XroWbB9b,IfcOpeningElement,D8R,,,E69BBE52-45F9-BE32-BD43-875CA094B265,,01 eerste verdieping,True
2sE8Ha8jZAEIetaRIzSZEf,IfcOpeningElement,merk A3sp,,,B6388464-22D8-CA39-2A37-91B4BD7233A9,,01 eerste verdieping,True
04QTF4MUScLSzbMHxktTdB,IfcOpeningElement,merk A3,,,0469D3C4-59E7-2655-CF65-591EEEDDD9CB,,02 tweede verdieping,True
2yG6PjMsJCSw$wWoUwaY4R,IfcOpeningElement,Slab Opening,,,,,02 tweede verdieping,True
1Waj0870YwDfcS4RQijrMr,IfcOpeningElement,merk E2-R,,,6092D008-1C08-BA36-999C-11B6ACB755B5,,02 tweede verdieping,True
2Kc0O_KBDC0CH2mBZ6ePqI,IfcOpeningElement,merk H,,,9498063E-50B3-4C00-C442-C0B8C6A19D12,,02 tweede verdieping,True
1tknVQg$jcQGLlmYxhrZlq,IfcOpeningElement,merk H,,,77BB17DA-ABFB-6669-056F-C22EEBD63BF4,,02 tweede verdieping,True
3Ip6HsMyI1NcWFsDorI_mc,IfcOpeningElement,merk E2-R,,,D2CC6476-5BC4-815E-680F-D8DCB54BEC26,,02 tweede verdieping,True
0UMmGnV463MLm2FMLl$rLX,IfcOpeningElement,merk H,,,1E5B0431-7C41-8359-5C02-3D656FFF5561,,02 tweede verdieping,True
1Gxll6B1U7YgSc0Q2yq5zA,IfcOpeningElement,merk H,,,50EEFBC6-2C17-878A-A726-01A0BCD05F4A,,02 tweede verdieping,True
3M0D3egUMBYtAWLjf7ifyp,IfcOpeningElement,merk A3sp,,,D600D0E8-A9E5-8B8B-72A0-56DA47B29F33,,02 tweede verdieping,True
3OdfN$Ive1S0F$$8adHAnR,IfcOpeningElement,D8R,,,D89E95FF-4B9A-0170-03FF-FC892744AC5B,,02 tweede verdieping,True
1TbD1hYlkRvhSw29VgOblT,IfcOpeningElement,D7L,,,5D94D06B-8AFB-9BE6-B73A-0897EA625BDD,,02 tweede verdieping,True
3Don1s7QEHh1a2pb7mpkxv,IfcOpeningElement,merk Dsp,,,CDCB1076-1DA3-91AC-1902-CE51F0CEEEF9,,03 derde verdieping,True
1mgaTBo5Ej3i1I52D7Kd99,IfcOpeningElement,Slab Opening,,,,,03 derde verdieping,True
264dm_Wg0ghNBAsQyrjaUO,IfcOpeningElement,merk K,,,86127C3E-82A0-2AAD-72CA-D9AF35B64798,,03 derde verdieping,True
1TuvwTbwpgOgwOQKGHCz13,IfcOpeningElement,merk Ksp,,,5DE39E9D-97AC-EA62-AE98-69441133D043,,03 derde verdieping,True
1zo9HLxE57v4DmFM1Z7srY,IfcOpeningElement,merk Ksp,,,7DC89455-ECE1-47E4-4370-3D60631F6D62,,03 derde verdieping,True
1WyXfW4Hqoowfe6PwyMRfW,IfcOpeningElement,merk K,,,60F21A60-111D-32CB-AA68-199EBC59BA60,,03 derde verdieping,True
0bF$T5u17dBe6R6oW2DaAi,IfcOpeningElement,merk K,,,253FF745-E011-E72E-819B-1B28023642AC,,03 derde verdieping,True
2k0WVKunoAv_AIv2NCiO8z,IfcOpeningElement,merk A3sp,,,AE0207D4-E31C-8AE7-E292-E425CCB1823D,,03 derde verdieping,True
2$I6iiQ9n8n4TOgqMzA0SJ,IfcOpeningElement,merk A4,,,BF486B2C-689C-48C4-4758-AB45BD280713,,03 derde verdieping,True
1tsM6iVjMm95VTODAaeqlL,IfcOpeningElement,merk Dsp,,,77D961AC-7ED5-B024-57DD-60D2A4A34BD5,,03 derde verdieping,True
01l44l2PPl8f9P1d5P9HO9,IfcOpeningElement,merk D,,,01BC412F-0996-6F22-9259-067159251609,,03 derde verdieping,True
2H8TFkE8qW1axTjo9SRRzr,IfcOpeningElement,merk J,,,9121D3EE-388D-2006-4EDD-B7225C6DBF75,,03 derde verdieping,True
3qtaRtgoOJ4eB7z7birJTK,IfcOpeningElement,merk Jsp,,,F4DE46F7-AB26-1312-82C7-F4796CD53754,,03 derde verdieping,True
10_3QclYzmHVaIndGIkCXa,IfcOpeningElement,merk J,,,40F836A6-BE2F-7045-F912-C67412B8C864,,03 derde verdieping,True
1Gu952rAxgbDp5TElOy2HF,IfcOpeningElement,merk Jsp,,,50E09142-D4AE-EA94-DCC5-74EBD8F0244F,,03 derde verdieping,True
2qR9Q2qf_i3yhWEtsdkt4l,IfcOpeningElement,merk E5-R,,,B46C9682-D29F-AC0F-CAE0-3B7DA7BB712F,,03 derde verdieping,True
0jApD$0AtFJCJgOxoJd_ou,IfcOpeningElement,merk E5-R,,,2D2B337F-00AD-CF4C-C4EA-63BC939FECB8,,03 derde verdieping,True
08nA3XiKsCFPSR4x8DIAVg,IfcVirtualElement,,,,,,,False
1Ps_vqK8tHsfT0XCDZ923N,IfcVirtualElement,,,,,,,False
2JDC55SxFn0F4s2UAqeMAP,IfcVirtualElement,,,,,,,False
3omf1aomz19UFTckiuc4YD,IfcVirtualElement,,,,,,,False
3IQ1ygr_Bl6XsL968Bjtyl,IfcVirtualElement,,,,,,,False
3nqnuczG7hVvSt9PalogZU,IfcVirtualElement,,,,,,,False
059JM2RQ1pWp49lBtElHfZ,IfcVirtualElement,,,,,,,False
0nf35il59w2YM5$7fd6xtU,IfcVirtualElement,,,,,,,False
0yyhwl8E0t8Y$5tymUZ9Ny,IfcVirtualElement,,,,,,,False
3Olk_mPe65E0KtHIPy$_$1,IfcVirtualElement,,,,,,,False
1KjO$vvpVoZVVv2TkgMMiV,IfcVirtualElement,,,,,,,False
0AqwAKlfR7PF2iHZiwYgaj,IfcVirtualElement,,,,,,,False
0YshRU0dY_pqHrelMDKS95,IfcVirtualElement,,,,,,,False
1SVMTA56aioBMVjIKpDrkY,IfcVirtualElement,,,,,,,False
